player_id,player_name,season,team,position,games,salary,is_demo,contract_type,contract_group,contract_year_signed,passing_yards,passing_tds,interceptions,rushing_yards,rushing_tds,receptions,receiving_yards,receiving_tds,passing_epa,passing_cpoe,rushing_epa,receiving_epa,attempts,sacks_suffered,targets,carries,completions,rushing_fumbles_lost,sack_fumbles_lost,receiving_fumbles_lost,team_targets,cap_hit,cash_paid,contract_source,stats_source,retrieved_date
00-0023459,Aaron Rodgers,2022,GB,QB,17,50271667,False,Other,Unknown,2022,3695,26,12,94,1,0,0,0,-5.15094553598328,0.547041147947311,-7.81497386895461,,542,32,0,34,350,2,2,0,540,28533568,41950000,https://overthecap.com/player/aaron-rodgers/1085/,https://github.com/nflverse/nflverse-data/releases/download/stats_player/stats_player_reg_2022.csv,2026-09-28
00-0027973,Andy Dalton,2022,NO,QB,14,3000000,False,UFA,Veteran deal,2022,2871,18,9,54,0,0,0,0,19.0435970400699,0.617999202766261,-8.73576250477078,,378,25,0,30,252,0,1,0,493,3000000,4000000,https://overthecap.com/player/andy-dalton/160/,https://github.com/nflverse/nflverse-data/releases/download/stats_player/stats_player_reg_2022.csv,2026-09-28
00-0037175,Anthony Brown,2022,BAL,QB,2,853333,False,SFA,Veteran deal,2022,302,0,2,-5,0,0,0,0,-16.465219842052,-19.272943950714,0.0,,49,5,0,3,22,0,1,0,465,78333,78333,https://overthecap.com/player/anthony-brown/10560/,https://github.com/nflverse/nflverse-data/releases/download/stats_player/stats_player_reg_2022.csv,2026-09-28
00-0038108,Bailey Zappe,2022,NE,QB,4,1076768,False,Drafted,Rookie deal,2022,781,5,3,0,0,1,-6,0,7.68501790863156,5.75303696095944,-6.09972296986059,-1.24259237432852,92,6,1,10,65,1,2,0,518,866768,1352072,https://overthecap.com/player/bailey-zappe/10182/,https://github.com/nflverse/nflverse-data/releases/download/stats_player/stats_player_reg_2022.csv,2026-09-28
00-0027948,Blaine Gabbert,2022,TB,QB,1,2250000,False,UFA,Veteran deal,2022,29,1,0,0,0,0,0,0,0.21524419792695,3.49024422466755,,,8,0,0,0,6,0,0,0,724,2250000,2250000,https://overthecap.com/player/blaine-gabbert/913/,https://github.com/nflverse/nflverse-data/releases/download/stats_player/stats_player_reg_2022.csv,2026-09-28
00-0032434,Brandon Allen,2022,CIN,QB,1,1200000,False,SFA,Veteran deal,2022,22,0,0,-1,0,0,0,0,-0.688253925150088,26.5750765800476,0.4678962926846,,3,1,0,3,3,0,0,0,594,1200000,1200000,https://overthecap.com/player/brandon-allen/4914/,https://github.com/nflverse/nflverse-data/releases/download/stats_player/stats_player_reg_2022.csv,2026-09-28
00-0034955,Brett Rypien,2022,DEN,QB,4,965000,False,ERFA,Veteran deal,2022,483,2,4,7,0,0,0,0,-29.22884806378,-3.65528806872752,-0.541646446508821,,88,8,0,6,53,0,1,0,541,965000,965000,https://overthecap.com/player/brett-rypien/8054/,https://github.com/nflverse/nflverse-data/releases/download/stats_player/stats_player_reg_2022.csv,2026-09-28
00-0026625,Brian Hoyer,2022,NE,QB,1,2000000,False,UFA,Veteran deal,2022,37,0,0,0,0,0,0,0,-2.12652387350423,12.9522110025088,,,6,1,0,0,5,0,0,0,518,1760000,1694118,https://overthecap.com/player/brian-hoyer/625/,https://github.com/nflverse/nflverse-data/releases/download/stats_player/stats_player_reg_2022.csv,2026-09-28
00-0037834,Brock Purdy,2022,SF,QB,9,934253,False,Drafted,Rookie deal,2022,1374,13,4,13,1,0,0,0,36.5531119855899,-0.715839862823486,-10.4719932131378,,170,11,0,22,114,0,0,0,504,724253,782012,https://overthecap.com/player/brock-purdy/10307/,https://github.com/nflverse/nflverse-data/releases/download/stats_player/stats_player_reg_2022.csv,2026-09-28
00-0035939,Bryce Perkins,2022,LA,QB,5,742500,False,SFA,Veteran deal,2021,161,1,2,90,0,0,0,0,-18.6509313210441,-11.7787090214816,2.4665657436708,,34,6,0,19,19,0,0,0,517,825000,825000,https://overthecap.com/player/bryce-perkins/9222/,https://github.com/nflverse/nflverse-data/releases/download/stats_player/stats_player_reg_2022.csv,2026-09-28
00-0033936,C.J. Beathard,2022,JAX,QB,4,2500000,False,UFA,Veteran deal,2021,35,0,1,-4,0,0,0,0,-11.6011407254408,-7.35457377000289,0.0,,11,1,0,4,7,0,0,0,574,2750000,2000000,https://overthecap.com/player/c-j-beathard/5690/,https://github.com/nflverse/nflverse-data/releases/download/stats_player/stats_player_reg_2022.csv,2026-09-28
00-0028986,Case Keenum,2022,BUF,QB,2,3500000,False,Other,Unknown,2022,8,0,0,0,0,0,0,0,-5.78627391741611,-38.657933473587,-5.39154763723491,,7,0,0,5,2,0,0,0,551,3500000,3500000,https://overthecap.com/player/case-keenum/1651/,https://github.com/nflverse/nflverse-data/releases/download/stats_player/stats_player_reg_2022.csv,2026-09-28
00-0026197,Chad Henne,2022,KC,QB,3,2000000,False,UFA,Veteran deal,2022,0,0,0,-5,0,0,0,0,-1.89151386736194,-69.6102917194367,-5.12246437004069,,2,0,0,5,0,0,0,0,614,2000000,2000000,https://overthecap.com/player/chad-henne/920/,https://github.com/nflverse/nflverse-data/releases/download/stats_player/stats_player_reg_2022.csv,2026-09-28
00-0026544,Chase Daniel,2022,LAC,QB,3,2000000,False,UFA,Veteran deal,2022,52,1,0,4,0,0,0,0,2.42904089950986,-5.0723356505235,-0.807615553960204,,12,1,0,1,8,0,0,0,687,2000000,2000000,https://overthecap.com/player/chase-daniel/834/,https://github.com/nflverse/nflverse-data/releases/download/stats_player/stats_player_reg_2022.csv,2026-09-28
00-0035752,Chris Streveler,2022,NYJ,QB,1,895000,False,SFA,Veteran deal,2022,90,0,0,54,0,0,0,0,1.72026074829046,6.25046829382579,1.49871271272423,,15,0,0,9,10,0,0,0,588,321666,321666,https://overthecap.com/player/chris-streveler/8733/,https://github.com/nflverse/nflverse-data/releases/download/stats_player/stats_player_reg_2022.csv,2026-09-28
00-0027688,Colt McCoy,2022,ARI,QB,4,3250000,False,UFA,Veteran deal,2022,780,1,3,36,0,0,0,0,-30.0839809036083,-0.253249739491662,1.21089050865661,,132,13,0,14,90,0,0,0,635,2500000,3750000,https://overthecap.com/player/colt-mccoy/271/,https://github.com/nflverse/nflverse-data/releases/download/stats_player/stats_player_reg_2022.csv,2026-09-28
00-0033662,Cooper Rush,2022,DAL,QB,8,1035000,False,SFA,Veteran deal,2022,1051,5,3,6,0,0,0,0,-9.40141764110182,-6.84993681824131,-3.28913390773969,,162,7,0,9,94,0,0,0,545,845278,977500,https://overthecap.com/player/cooper-rush/6234/,https://github.com/nflverse/nflverse-data/releases/download/stats_player/stats_player_reg_2022.csv,2026-09-28
00-0033077,Dak Prescott,2022,DAL,QB,12,40000000,False,Franchise,Veteran deal,2021,2860,23,15,182,1,0,0,0,42.084686123318,0.0204461559499662,5.52394867880503,,394,20,0,45,261,1,0,0,545,19730000,20000000,https://overthecap.com/player/dak-prescott/4848/,https://github.com/nflverse/nflverse-data/releases/download/stats_player/stats_player_reg_2022.csv,2026-09-28
00-0035710,Daniel Jones,2022,NYG,QB,16,6416014,False,Drafted,Rookie deal,2019,3205,15,5,708,7,0,0,0,21.1082477708125,2.33007551719588,39.2763970620262,,472,44,0,120,317,1,2,0,489,8365836,4194644,https://overthecap.com/player/daniel-jones/7797/,https://github.com/nflverse/nflverse-data/releases/download/stats_player/stats_player_reg_2022.csv,2026-09-28
00-0035040,David Blough,2022,ARI,QB,2,965000,False,SFA,Veteran deal,2022,402,2,2,5,0,0,0,0,-4.82702916547705,0.632394264851298,-5.00835443963297,,58,5,0,4,38,0,1,0,635,214444,214444,https://overthecap.com/player/david-blough/8198/,https://github.com/nflverse/nflverse-data/releases/download/stats_player/stats_player_reg_2022.csv,2026-09-28
00-0036898,Davis Mills,2022,HOU,QB,15,1305525,False,Drafted,Rookie deal,2021,3118,17,15,108,2,0,0,0,-74.2293819384466,-3.77684763711163,2.14915217295413,,479,31,0,32,292,1,2,0,558,1186841,897368,https://overthecap.com/player/davis-mills/9531/,https://github.com/nflverse/nflverse-data/releases/download/stats_player/stats_player_reg_2022.csv,2026-09-28
00-0033550,Davis Webb,2022,NYG,QB,1,945000,False,SFA,Veteran deal,2022,168,1,0,41,1,0,0,0,-2.46332553584138,-6.99405803492195,6.87574309034972,,40,0,0,6,23,0,0,0,489,321666,321666,https://overthecap.com/player/davis-webb/5673/,https://github.com/nflverse/nflverse-data/releases/download/stats_player/stats_player_reg_2022.csv,2026-09-28
00-0031280,Derek Carr,2022,LV,QB,15,40474160,False,Extension,Veteran deal,2022,3522,24,14,102,0,0,0,0,26.4545838466438,-2.8706469951065,1.73102392343571,,502,27,0,24,305,0,0,0,558,19375000,25000000,https://overthecap.com/player/derek-carr/2975/,https://github.com/nflverse/nflverse-data/releases/download/stats_player/stats_player_reg_2022.csv,2026-09-28
00-0033537,Deshaun Watson,2022,CLE,QB,6,46000000,False,Other,Unknown,2022,1102,7,5,175,1,0,0,0,-23.8906520442856,-3.32668000651944,6.22082442569081,,170,20,0,36,99,0,0,0,507,9395500,45367500,https://overthecap.com/player/deshaun-watson/5596/,https://github.com/nflverse/nflverse-data/releases/download/stats_player/stats_player_reg_2022.csv,2026-09-28
00-0038122,Desmond Ridder,2022,ATL,QB,4,1340741,False,Drafted,Rookie deal,2022,708,2,0,64,0,0,0,0,4.53719766016686,-1.32115076888691,-12.2825276747738,,115,9,0,16,73,1,1,0,400,975084,1785336,https://overthecap.com/player/desmond-ridder/10119/,https://github.com/nflverse/nflverse-data/releases/download/stats_player/stats_player_reg_2022.csv,2026-09-28
00-0035289,Gardner Minshew,2022,PHI,QB,5,677904,False,Drafted,Rookie deal,2019,663,3,3,3,1,0,0,0,7.4255315409884,-1.77845874003002,-11.3743848212625,,76,6,0,7,44,1,0,0,505,2540000,2540000,https://overthecap.com/player/gardner-minshew/7969/,https://github.com/nflverse/nflverse-data/releases/download/stats_player/stats_player_reg_2022.csv,2026-09-28
00-0030565,Geno Smith,2022,SEA,QB,17,3500000,False,UFA,Veteran deal,2022,4282,30,11,366,1,0,0,0,26.8791353740293,5.62215828593226,1.33825872228285,,572,46,0,68,399,2,2,0,553,3500000,7000000,https://overthecap.com/player/geno-smith/2249/,https://github.com/nflverse/nflverse-data/releases/download/stats_player/stats_player_reg_2022.csv,2026-09-28
00-0033119,Jacoby Brissett,2022,CLE,QB,14,4650000,False,UFA,Veteran deal,2022,2608,12,6,243,2,0,0,0,18.7456323235028,2.88820975271725,19.8364092626725,,369,24,0,49,236,1,3,0,507,4650000,4900000,https://overthecap.com/player/jacoby-brissett/4804/,https://github.com/nflverse/nflverse-data/releases/download/stats_player/stats_player_reg_2022.csv,2026-09-28
00-0036389,Jalen Hurts,2022,PHI,QB,15,1506294,False,Drafted,Rookie deal,2020,3701,22,6,760,13,0,0,0,71.2700870482575,2.71728732120032,49.7433429142179,,460,38,0,165,306,0,2,0,505,1643230,1157744,https://overthecap.com/player/jalen-hurts/8793/,https://github.com/nflverse/nflverse-data/releases/download/stats_player/stats_player_reg_2022.csv,2026-09-28
00-0031503,Jameis Winston,2022,NO,QB,3,14000000,False,UFA,Veteran deal,2022,858,4,5,16,0,0,0,0,-5.95992297735435,2.74602989624212,-3.21933071827516,,115,11,0,5,73,0,0,0,493,4000000,15200000,https://overthecap.com/player/jameis-winston/3849/,https://github.com/nflverse/nflverse-data/releases/download/stats_player/stats_player_reg_2022.csv,2026-09-28
00-0033106,Jared Goff,2022,DET,QB,17,33500000,False,Extension,Veteran deal,2019,4438,29,7,73,0,1,5,0,102.017675717449,-1.48492688279983,-16.0403180844877,-0.100160441885237,587,23,1,29,382,1,3,0,563,31150000,26150000,https://overthecap.com/player/jared-goff/4714/,https://github.com/nflverse/nflverse-data/releases/download/stats_player/stats_player_reg_2022.csv,2026-09-28
00-0035264,Jarrett Stidham,2022,LV,QB,3,789028,False,Drafted,Rookie deal,2019,656,4,3,84,0,0,0,0,-5.13012409190855,1.54987894281556,4.8247253955924,,83,7,0,14,53,0,1,0,558,965000,965000,https://overthecap.com/player/jarrett-stidham/7924/,https://github.com/nflverse/nflverse-data/releases/download/stats_player/stats_player_reg_2022.csv,2026-09-28
00-0032436,Jeff Driskel,2022,HOU,QB,7,1035000,False,SFA,Veteran deal,2022,108,1,0,75,0,1,4,0,-2.01134103001095,-4.30447992525603,-9.0451984051615,-0.106663251994178,20,2,1,20,14,0,0,0,558,198889,230000,https://overthecap.com/player/jeff-driskel/4920/,https://github.com/nflverse/nflverse-data/releases/download/stats_player/stats_player_reg_2022.csv,2026-09-28
00-0031345,Jimmy Garoppolo,2022,SF,QB,11,7000000,False,Other,Unknown,2022,2437,16,4,33,2,0,0,0,75.5064205218911,-1.04548200672748,-3.06639207761643,,308,18,0,23,207,1,1,0,504,13991176,10052941,https://overthecap.com/player/jimmy-garoppolo/3001/,https://github.com/nflverse/nflverse-data/releases/download/stats_player/stats_player_reg_2022.csv,2026-09-28
00-0036442,Joe Burrow,2022,CIN,QB,16,9047534,False,Drafted,Rookie deal,2020,4475,35,12,257,5,0,0,0,89.2110373159125,2.72994716541242,2.73721009225119,,606,41,0,75,414,0,3,0,594,9870037,3900012,https://overthecap.com/player/joe-burrow/8741/,https://github.com/nflverse/nflverse-data/releases/download/stats_player/stats_player_reg_2022.csv,2026-09-28
00-0026158,Joe Flacco,2022,NYJ,QB,5,3500000,False,UFA,Veteran deal,2022,1051,5,3,6,0,0,-3,0,-25.3617051530504,-4.09007648845295,-0.136921063356567,,191,10,0,3,110,0,4,0,588,3461765,3385294,https://overthecap.com/player/joe-flacco/1383/,https://github.com/nflverse/nflverse-data/releases/download/stats_player/stats_player_reg_2022.csv,2026-09-28
00-0034899,John Wolford,2022,LA,QB,2,895000,False,ERFA,Veteran deal,2022,390,1,3,32,0,0,0,0,-19.7487390648946,-5.71844069684138,2.05569803417893,,62,7,0,8,38,0,1,0,517,895000,895000,https://overthecap.com/player/john-wolford/7719/,https://github.com/nflverse/nflverse-data/releases/download/stats_player/stats_player_reg_2022.csv,2026-09-28
00-0036264,Jordan Love,2022,GB,QB,4,3095868,False,Drafted,Rookie deal,2020,195,1,0,-1,0,0,0,0,3.53085999692742,-0.679031163454056,0.0,,21,0,0,1,14,0,0,0,540,3377310,1735770,https://overthecap.com/player/jordan-love/8766/,https://github.com/nflverse/nflverse-data/releases/download/stats_player/stats_player_reg_2022.csv,2026-09-28
00-0034857,Josh Allen,2022,BUF,QB,16,43000000,False,Extension,Veteran deal,2021,4283,35,14,762,7,0,0,0,101.722425849865,1.00260665092398,40.4027824431823,,567,33,0,124,359,2,3,0,551,16372281,47000000,https://overthecap.com/player/josh-allen/6892/,https://github.com/nflverse/nflverse-data/releases/download/stats_player/stats_player_reg_2022.csv,2026-09-28
00-0026300,Josh Johnson,2022,SF,QB,1,1120000,False,SFA,Veteran deal,2022,10,0,0,3,0,0,0,0,-0.835849118593615,-26.861384510994,-3.6153255199315,,2,0,0,2,1,0,0,0,504,248611,311111,https://overthecap.com/player/josh-johnson/2131/,https://github.com/nflverse/nflverse-data/releases/download/stats_player/stats_player_reg_2022.csv,2026-09-28
00-0033949,Joshua Dobbs,2022,TEN,QB,2,1035000,False,SFA,Veteran deal,2022,411,2,2,44,0,0,0,0,-8.97463653883311,-1.59730695761167,1.7875308629591,,68,6,0,8,40,0,2,0,436,172500,172500,https://overthecap.com/player/joshua-dobbs/5721/,https://github.com/nflverse/nflverse-data/releases/download/stats_player/stats_player_reg_2022.csv,2026-09-28
00-0036945,Justin Fields,2022,CHI,QB,15,4717988,False,Drafted,Rookie deal,2021,2242,17,11,1143,8,0,0,0,-67.5592491202688,-2.48065988714545,65.1829277535182,,318,55,0,160,192,0,2,0,359,4289080,1517816,https://overthecap.com/player/justin-fields/9475/,https://github.com/nflverse/nflverse-data/releases/download/stats_player/stats_player_reg_2022.csv,2026-09-28
00-0036355,Justin Herbert,2022,LAC,QB,17,6644689,False,Drafted,Rookie deal,2020,4739,25,10,147,0,2,-10,0,24.5115026538064,1.31603635019726,10.1907126954175,-2.7877581793,699,38,2,54,477,0,3,0,687,7248751,3026250,https://overthecap.com/player/justin-herbert/8746/,https://github.com/nflverse/nflverse-data/releases/download/stats_player/stats_player_reg_2022.csv,2026-09-28
00-0038102,Kenny Pickett,2022,PIT,QB,13,3516976,False,Drafted,Rookie deal,2022,2404,7,9,237,3,0,0,0,-8.95970676679142,0.818129069598387,9.78099423038657,,389,27,0,55,245,0,1,0,548,2557801,8116204,https://overthecap.com/player/kenny-pickett/10065/,https://github.com/nflverse/nflverse-data/releases/download/stats_player/stats_player_reg_2022.csv,2026-09-28
00-0029604,Kirk Cousins,2022,MIN,QB,17,35000000,False,Extension,Veteran deal,2022,4547,29,14,97,2,0,0,0,20.6764065517158,1.300668711561,1.22760684084978,,643,46,0,31,424,0,3,0,641,31416668,40000000,https://overthecap.com/player/kirk-cousins/1443/,https://github.com/nflverse/nflverse-data/releases/download/stats_player/stats_player_reg_2022.csv,2026-09-28
00-0034577,Kyle Allen,2022,HOU,QB,2,2500000,False,UFA,Veteran deal,2022,416,2,4,13,0,0,0,0,-35.8985657036541,-9.10884924729665,-6.142968632048,,78,5,0,6,46,1,0,0,558,2470588,2397059,https://overthecap.com/player/kyle-allen/7494/,https://github.com/nflverse/nflverse-data/releases/download/stats_player/stats_player_reg_2022.csv,2026-09-28
00-0036928,Kyle Trask,2022,TB,QB,1,1383834,False,Drafted,Rookie deal,2021,23,0,0,0,0,0,0,0,-5.33255963632837,-22.4918942898512,,,9,0,0,0,3,0,0,0,724,1258031,911606,https://overthecap.com/player/kyle-trask/9528/,https://github.com/nflverse/nflverse-data/releases/download/stats_player/stats_player_reg_2022.csv,2026-09-28
00-0035228,Kyler Murray,2022,ARI,QB,11,46100000,False,Extension,Veteran deal,2022,2368,14,7,418,3,0,0,0,-17.9288432857015,-0.806297313782477,12.5367473470646,,390,25,0,67,259,2,0,0,635,12669481,30000000,https://overthecap.com/player/kyler-murray/7792/,https://github.com/nflverse/nflverse-data/releases/download/stats_player/stats_player_reg_2022.csv,2026-09-28
00-0034796,Lamar Jackson,2022,BAL,QB,12,2367913,False,Drafted,Rookie deal,2018,2242,17,7,764,3,0,0,0,10.4803355256847,-0.617372073401911,39.7721011016284,,326,26,0,112,203,1,1,0,465,23016000,23016000,https://overthecap.com/player/lamar-jackson/6917/,https://github.com/nflverse/nflverse-data/releases/download/stats_player/stats_player_reg_2022.csv,2026-09-28
00-0036972,Mac Jones,2022,NE,QB,14,3896585,False,Drafted,Rookie deal,2021,2997,14,11,102,1,0,0,0,-30.194190213468,-0.441011477191493,-4.27054190375431,,442,34,0,47,288,0,1,0,518,3542350,1368470,https://overthecap.com/player/mac-jones/9479/,https://github.com/nflverse/nflverse-data/releases/download/stats_player/stats_player_reg_2022.csv,2026-09-28
00-0038128,Malik Willis,2022,TEN,QB,7,1290025,False,Drafted,Rookie deal,2022,276,0,3,123,1,0,0,0,-38.83768905122,-10.5532932739991,-6.8863025293761,,61,10,0,27,31,2,0,0,436,938200,1637800,https://overthecap.com/player/malik-willis/10131/,https://github.com/nflverse/nflverse-data/releases/download/stats_player/stats_player_reg_2022.csv,2026-09-28
00-0032268,Marcus Mariota,2022,ATL,QB,13,9375000,False,UFA,Veteran deal,2022,2219,15,9,438,4,0,0,0,8.15963550723857,-0.64611305450571,9.89377344716922,,300,28,0,85,184,2,1,0,400,4250000,6750000,https://overthecap.com/player/marcus-mariota/3850/,https://github.com/nflverse/nflverse-data/releases/download/stats_player/stats_player_reg_2022.csv,2026-09-28
00-0026143,Matt Ryan,2022,IND,QB,12,30000000,False,Extension,Veteran deal,2018,3057,14,13,70,1,0,0,0,-28.5480057797621,-0.0986555442723163,-11.035300253524,,461,38,0,27,309,2,3,0,579,18705882,24705882,https://overthecap.com/player/matt-ryan/823/,https://github.com/nflverse/nflverse-data/releases/download/stats_player/stats_player_reg_2022.csv,2026-09-28
00-0026498,Matthew Stafford,2022,LA,QB,9,40000000,False,Extension,Veteran deal,2022,2087,10,8,9,1,0,0,0,-24.0373468155018,-0.0387385537898218,-2.50263931596419,,303,29,0,13,206,0,3,0,517,13500000,61500000,https://overthecap.com/player/matt-stafford/1060/,https://github.com/nflverse/nflverse-data/releases/download/stats_player/stats_player_reg_2022.csv,2026-09-28
00-0034401,Mike White,2022,NYJ,QB,4,2540000,False,RFA,Veteran deal,2022,1192,3,4,9,1,0,0,0,-7.62786697386352,-6.18459109723921,2.57582128146896,,175,9,0,6,103,0,1,0,588,2540000,2540000,https://overthecap.com/player/mike-white/7056/,https://github.com/nflverse/nflverse-data/releases/download/stats_player/stats_player_reg_2022.csv,2026-09-28
00-0033869,Mitchell Trubisky,2022,PIT,QB,7,7412500,False,UFA,Veteran deal,2022,1252,4,5,38,2,0,0,0,8.78326837691226,1.6080367026356,-3.26305165985832,,180,11,0,19,117,0,0,0,548,3660000,6285000,https://overthecap.com/player/mitchell-trubisky/5586/,https://github.com/nflverse/nflverse-data/releases/download/stats_player/stats_player_reg_2022.csv,2026-09-28
00-0032792,Nate Sudfeld,2022,DET,QB,2,1035000,False,SFA,Veteran deal,2022,0,0,0,-4,0,0,0,0,-0.898727806800917,,-3.48128269147128,,0,1,0,5,0,0,0,0,563,1035000,1035000,https://overthecap.com/player/nate-sudfeld/4900/,https://github.com/nflverse/nflverse-data/releases/download/stats_player/stats_player_reg_2022.csv,2026-09-28
00-0033958,Nathan Peterman,2022,CHI,QB,3,1035000,False,SFA,Veteran deal,2022,139,1,1,7,0,0,0,0,-5.09347054600949,-5.53887136604475,-0.234727695817128,,25,1,0,2,14,0,0,0,359,298333,345000,https://overthecap.com/player/nathan-peterman/5757/,https://github.com/nflverse/nflverse-data/releases/download/stats_player/stats_player_reg_2022.csv,2026-09-28
00-0029567,Nick Foles,2022,IND,QB,2,3100000,False,SFA,Veteran deal,2022,225,0,4,8,0,0,0,0,-34.171226935013,-8.23449877704062,-4.25564577034675,,42,8,0,2,25,0,0,0,579,2600000,2600000,https://overthecap.com/player/nick-foles/773/,https://github.com/nflverse/nflverse-data/releases/download/stats_player/stats_player_reg_2022.csv,2026-09-28
00-0033319,Nick Mullens,2022,MIN,QB,4,2000000,False,SFA,Veteran deal,2022,224,1,1,8,0,0,0,0,12.4374951408125,15.4908808469772,-0.73016030486906,,25,0,0,4,21,0,0,0,641,1252000,1308000,https://overthecap.com/player/nick-mullens/6007/,https://github.com/nflverse/nflverse-data/releases/download/stats_player/stats_player_reg_2022.csv,2026-09-28
00-0033275,PJ Walker,2022,CAR,QB,6,895000,False,ERFA,Veteran deal,2022,731,3,3,39,0,0,0,0,-19.9319120359565,-7.61305696907498,1.4318556173821,,106,7,0,6,63,0,0,0,427,895000,895000,https://overthecap.com/player/phillip-walker/5993/,https://github.com/nflverse/nflverse-data/releases/download/stats_player/stats_player_reg_2022.csv,2026-09-28
00-0033873,Patrick Mahomes,2022,KC,QB,17,45000000,False,Extension,Veteran deal,2020,5250,41,12,358,4,1,6,0,193.131204776799,3.57216810975254,24.3094929841702,0.351020903792232,648,26,1,61,435,0,0,0,614,35793381,31950000,https://overthecap.com/player/patrick-mahomes/5594/,https://github.com/nflverse/nflverse-data/releases/download/stats_player/stats_player_reg_2022.csv,2026-09-28
00-0029263,Russell Wilson,2022,DEN,QB,15,49000000,False,Extension,Veteran deal,2022,3524,16,11,277,3,1,1,0,-56.9440097279003,-1.17044843700489,15.2260561078185,-0.384637877810746,483,55,1,55,292,0,2,0,541,17000000,57000000,https://overthecap.com/player/russell-wilson/1569/,https://github.com/nflverse/nflverse-data/releases/download/stats_player/stats_player_reg_2022.csv,2026-09-28
00-0029701,Ryan Tannehill,2022,TEN,QB,12,29500000,False,UFA,Veteran deal,2020,2536,13,6,98,2,0,0,0,20.7701544133646,0.53877252321514,-3.55396090270369,,325,33,0,34,212,1,1,0,436,38600000,29000000,https://overthecap.com/player/ryan-tannehill/717/,https://github.com/nflverse/nflverse-data/releases/download/stats_player/stats_player_reg_2022.csv,2026-09-28
00-0034869,Sam Darnold,2022,CAR,QB,6,7561924,False,Drafted,Rookie deal,2018,1143,7,3,106,2,0,0,0,21.072685399864,4.89283502101898,-4.00550188154991,,140,10,0,26,82,1,1,0,427,18858000,18858000,https://overthecap.com/player/sam-darnold/6888/,https://github.com/nflverse/nflverse-data/releases/download/stats_player/stats_player_reg_2022.csv,2026-09-28
00-0036879,Sam Ehlinger,2022,IND,QB,4,902676,False,Drafted,Rookie deal,2021,573,3,3,87,0,0,0,0,-40.5837325680155,-3.46845921241876,5.58181667398243,,101,14,0,17,64,0,1,0,579,857676,825000,https://overthecap.com/player/sam-ehlinger/9682/,https://github.com/nflverse/nflverse-data/releases/download/stats_player/stats_player_reg_2022.csv,2026-09-28
00-0037077,Sam Howell,2022,WAS,QB,1,1005400,False,Drafted,Rookie deal,2022,169,1,1,35,1,0,0,0,-7.46178453790207,-4.90019470453262,5.52688141434919,,19,3,0,5,11,0,0,0,531,795400,1066600,https://overthecap.com/player/sam-howell/10189/,https://github.com/nflverse/nflverse-data/releases/download/stats_player/stats_player_reg_2022.csv,2026-09-28
00-0037327,Skylar Thompson,2022,MIA,QB,7,935552,False,Drafted,Rookie deal,2022,534,1,3,21,0,0,0,0,-32.7323036935069,-5.24768395721912,-11.1089084636187,,105,6,0,14,60,1,1,0,562,725552,787208,https://overthecap.com/player/skylar-thompson/10292/,https://github.com/nflverse/nflverse-data/releases/download/stats_player/stats_player_reg_2022.csv,2026-09-28
00-0031237,Teddy Bridgewater,2022,MIA,QB,5,6500000,False,UFA,Veteran deal,2022,683,4,4,27,0,0,0,0,-0.563817560022245,1.56123413642248,3.37023995979689,,79,7,0,3,49,0,0,0,562,6500000,6500000,https://overthecap.com/player/teddy-bridgewater/2971/,https://github.com/nflverse/nflverse-data/releases/download/stats_player/stats_player_reg_2022.csv,2026-09-28
00-0034177,Tim Boyle,2022,CHI,QB,1,1035000,False,SFA,Veteran deal,2022,33,0,2,-2,0,0,0,0,-5.45647897683363,-37.2635055333376,0.0,,8,0,0,2,2,0,0,0,359,345000,345000,https://overthecap.com/player/tim-boyle/7440/,https://github.com/nflverse/nflverse-data/releases/download/stats_player/stats_player_reg_2022.csv,2026-09-28
00-0019596,Tom Brady,2022,TB,QB,17,25000000,False,Extension,Veteran deal,2021,4694,25,9,-1,1,0,0,0,60.2242697716568,0.50959264835846,-20.4693207520959,-4.7260164351901,733,22,1,29,490,2,2,0,724,11896000,15000000,https://overthecap.com/player/tom-brady/1250/,https://github.com/nflverse/nflverse-data/releases/download/stats_player/stats_player_reg_2022.csv,2026-09-28
00-0035146,Trace McSorley,2022,ARI,QB,5,965000,False,SFA,Veteran deal,2022,412,0,5,61,0,0,0,0,-37.3351795077863,-10.6189165215988,-6.19019312651188,,83,3,0,15,45,1,1,0,635,965000,965000,https://overthecap.com/player/trace-mcsorley/7988/,https://github.com/nflverse/nflverse-data/releases/download/stats_player/stats_player_reg_2022.csv,2026-09-28
00-0036971,Trevor Lawrence,2022,JAX,QB,17,9198372,False,Drafted,Rookie deal,2021,4113,25,8,291,5,0,0,0,83.8436579103014,1.42695530983901,-5.21947004223272,,584,27,0,62,387,4,5,0,574,8362156,2332431,https://overthecap.com/player/trevor-lawrence/9465/,https://github.com/nflverse/nflverse-data/releases/download/stats_player/stats_player_reg_2022.csv,2026-09-28
00-0032156,Trevor Siemian,2022,CHI,QB,2,2000000,False,UFA,Veteran deal,2022,184,1,1,8,0,0,0,0,-7.15439133248344,-5.78143692016602,-0.866518765920773,,26,2,0,4,15,0,0,0,359,1985000,2035000,https://overthecap.com/player/trevor-siemian/4098/,https://github.com/nflverse/nflverse-data/releases/download/stats_player/stats_player_reg_2022.csv,2026-09-28
00-0037012,Trey Lance,2022,SF,QB,2,8526315,False,Drafted,Rookie deal,2021,194,0,1,67,0,0,0,0,-9.72571229066572,-16.5257883482966,4.87005555065116,,31,2,0,16,15,0,0,0,504,7751195,2210239,https://overthecap.com/player/trey-lance/9467/,https://github.com/nflverse/nflverse-data/releases/download/stats_player/stats_player_reg_2022.csv,2026-09-28
00-0036212,Tua Tagovailoa,2022,MIA,QB,13,7568859,False,Drafted,Rookie deal,2020,3548,25,8,70,0,0,0,0,96.4212334299746,1.43257022982112,-9.16448224091437,,400,21,0,24,259,0,1,0,562,8256937,3362312,https://overthecap.com/player/tua-tagovailoa/8745/,https://github.com/nflverse/nflverse-data/releases/download/stats_player/stats_player_reg_2022.csv,2026-09-28
00-0035993,Tyler Huntley,2022,BAL,QB,5,895000,False,ERFA,Veteran deal,2022,658,2,3,137,1,0,0,0,-7.17033109712018,3.18093820710049,-2.79328163968518,,112,7,0,43,75,0,0,0,465,895000,895000,https://overthecap.com/player/tyler-huntley/9318/,https://github.com/nflverse/nflverse-data/releases/download/stats_player/stats_player_reg_2022.csv,2026-09-28
00-0028118,Tyrod Taylor,2022,NYG,QB,2,5500000,False,UFA,Veteran deal,2022,58,1,1,70,0,0,0,0,-3.33233691049088,9.57683697342873,9.1370943201473,,8,3,0,5,6,0,1,0,489,2700000,5500000,https://overthecap.com/player/tyrod-taylor/1407/,https://github.com/nflverse/nflverse-data/releases/download/stats_player/stats_player_reg_2022.csv,2026-09-28
00-0037013,Zach Wilson,2022,NYJ,QB,9,8787695,False,Drafted,Rookie deal,2021,1688,6,7,102,1,1,2,1,-36.2110549518601,-5.55537258742622,-0.103486442261289,1.18445269513177,242,23,1,28,132,0,1,0,588,7988791,2257758,https://overthecap.com/player/zach-wilson/9466/,https://github.com/nflverse/nflverse-data/releases/download/stats_player/stats_player_reg_2022.csv,2026-09-28
00-0036265,AJ Dillon,2022,GB,RB,17,1321458,False,Drafted,Rookie deal,2020,0,0,0,770,7,28,206,0,,,2.27966807100254,-5.83016156065881,0,0,43,186,0,0,0,0,540,1441590,1090530,https://overthecap.com/player/a-j-dillon/8802/,https://github.com/nflverse/nflverse-data/releases/download/stats_player/stats_player_reg_2022.csv,2026-09-28
00-0033293,Aaron Jones,2022,GB,RB,17,12000000,False,UFA,Veteran deal,2021,0,0,0,1121,2,59,395,5,,,12.0849981251231,-2.26227356533815,0,0,72,213,0,1,0,2,540,5948000,5750000,https://overthecap.com/player/aaron-jones/5768/,https://github.com/nflverse/nflverse-data/releases/download/stats_player/stats_player_reg_2022.csv,2026-09-28
00-0034972,Alexander Mattison,2022,MIN,RB,17,867795,False,Drafted,Rookie deal,2019,0,0,0,283,5,15,91,1,,,0.382584990555188,4.29031357783718,0,0,18,74,0,0,0,0,641,1170545,965000,https://overthecap.com/player/alexander-mattison/7893/,https://github.com/nflverse/nflverse-data/releases/download/stats_player/stats_player_reg_2022.csv,2026-09-28
00-0033906,Alvin Kamara,2022,NO,RB,15,15000000,False,Extension,Veteran deal,2020,0,0,0,897,2,57,490,2,,,-41.0502381516271,-3.40108800352336,0,0,77,223,0,2,0,2,493,6128000,11500000,https://overthecap.com/player/alvin-kamara/5653/,https://github.com/nflverse/nflverse-data/releases/download/stats_player/stats_player_reg_2022.csv,2026-09-28
00-0032104,Ameer Abdullah,2022,LV,RB,16,1187500,False,UFA,Veteran deal,2022,0,0,0,20,0,25,211,1,,,-0.311809271416516,-1.78385341972612,0,0,32,4,0,0,0,0,558,1047500,1187500,https://overthecap.com/player/ameer-abdullah/3902/,https://github.com/nflverse/nflverse-data/releases/download/stats_player/stats_player_reg_2022.csv,2026-09-28
00-0036336,Anthony McFarland,2022,PIT,RB,1,1004358,False,Drafted,Rookie deal,2020,0,0,0,30,0,2,11,0,,,0.771915463672485,-0.452709522447549,0,0,2,6,0,0,0,0,548,245222,245222,https://overthecap.com/player/anthony-mcfarland-jr/8864/,https://github.com/nflverse/nflverse-data/releases/download/stats_player/stats_player_reg_2022.csv,2026-09-28
00-0033699,Austin Ekeler,2022,LAC,RB,17,6125000,False,RFA,Veteran deal,2020,0,0,0,915,13,107,722,5,,,-2.57420086317367,12.586065592543,0,0,127,204,0,2,0,1,687,7000000,5500000,https://overthecap.com/player/austin-ekeler/5865/,https://github.com/nflverse/nflverse-data/releases/download/stats_player/stats_player_reg_2022.csv,2026-09-28
00-0036950,Avery Williams,2022,ATL,RB,17,930038,False,Drafted,Rookie deal,2021,0,0,0,109,1,13,61,0,,,0.220577496336773,-1.08860781753252,0,0,14,22,0,0,0,0,400,885038,825000,https://overthecap.com/player/avery-williams/9647/,https://github.com/nflverse/nflverse-data/releases/download/stats_player/stats_player_reg_2022.csv,2026-09-28
00-0037157,Bam Knight,2022,NYJ,RB,7,787500,False,SFA,Veteran deal,2022,0,0,0,300,1,13,100,0,,,-13.8350112856757,4.00658407888841,0,0,14,85,0,0,0,0,588,430833,430833,https://overthecap.com/player/zonovan-knight/10531/,https://github.com/nflverse/nflverse-data/releases/download/stats_player/stats_player_reg_2022.csv,2026-09-28
00-0035217,Benny Snell,2022,PIT,RB,9,805517,False,Drafted,Rookie deal,2019,0,0,0,90,1,2,17,0,,,4.33043405856006,1.56424062600127,0,0,2,20,0,0,0,0,548,1140517,965000,https://overthecap.com/player/benjamin-snell-jr/7913/,https://github.com/nflverse/nflverse-data/releases/download/stats_player/stats_player_reg_2022.csv,2026-09-28
00-0034414,Boston Scott,2022,PHI,RB,15,1750000,False,SFA,Veteran deal,2022,0,0,0,217,3,5,15,0,,,-2.5305652783718,-3.94251449359581,0,0,6,54,0,0,0,0,505,1750000,1750000,https://overthecap.com/player/boston-scott/7086/,https://github.com/nflverse/nflverse-data/releases/download/stats_player/stats_player_reg_2022.csv,2026-09-28
00-0029239,Brandon Bolden,2022,LV,RB,13,2505000,False,UFA,Veteran deal,2022,0,0,0,66,0,9,57,1,,,-6.28464577894192,1.02315014343468,0,0,9,17,0,0,0,0,558,2130000,2737500,https://overthecap.com/player/brandon-bolden/1202/,https://github.com/nflverse/nflverse-data/releases/download/stats_player/stats_player_reg_2022.csv,2026-09-28
00-0038120,Breece Hall,2022,NYJ,RB,7,2253692,False,Drafted,Rookie deal,2022,0,0,0,463,4,19,218,1,,,13.8891096828738,-1.43269230484411,0,0,31,80,0,0,0,1,588,1639049,4441196,https://overthecap.com/player/breece-hall/10081/,https://github.com/nflverse/nflverse-data/releases/download/stats_player/stats_player_reg_2022.csv,2026-09-28
00-0037746,Brian Robinson,2022,WAS,RB,12,1261226,False,Drafted,Rookie deal,2022,0,0,0,797,2,9,60,1,,,-6.23539711959893,-2.06046722695464,0,0,12,205,0,0,0,0,531,856144,1492909,https://overthecap.com/player/brian-robinson-jr/10143/,https://github.com/nflverse/nflverse-data/releases/download/stats_player/stats_player_reg_2022.csv,2026-09-28
00-0037329,Brittain Brown,2022,LV,RB,1,934964,False,Drafted,Rookie deal,2022,0,0,0,0,0,0,0,0,,,,,0,0,0,0,0,0,0,0,558,724964,784856,https://overthecap.com/player/brittain-brown/10295/,https://github.com/nflverse/nflverse-data/releases/download/stats_player/stats_player_reg_2022.csv,2026-09-28
00-0036829,Caleb Huntley,2022,ATL,RB,12,787500,False,SFA,Veteran deal,2022,0,0,0,366,1,2,3,0,,,3.98099746863591,-0.764543658588082,0,0,2,76,0,0,0,0,400,502500,502500,https://overthecap.com/player/caleb-huntley/9920/,https://github.com/nflverse/nflverse-data/releases/download/stats_player/stats_player_reg_2022.csv,2026-09-28
00-0036414,Cam Akers,2022,LA,RB,15,1543261,False,Drafted,Rookie deal,2020,0,0,0,786,7,13,117,0,,,-13.2471754593134,4.12087085132243,0,0,18,188,0,2,0,0,517,1683557,1171186,https://overthecap.com/player/cam-akers/8792/,https://github.com/nflverse/nflverse-data/releases/download/stats_player/stats_player_reg_2022.csv,2026-09-28
00-0036857,Chris Evans,2022,CIN,RB,10,913222,False,Drafted,Rookie deal,2021,0,0,0,0,0,3,38,1,,,,2.30982501723338,0,0,4,0,0,0,0,0,594,868222,825000,https://overthecap.com/player/chris-evans/9666/,https://github.com/nflverse/nflverse-data/releases/download/stats_player/stats_player_reg_2022.csv,2026-09-28
00-0036555,Chuba Hubbard,2022,CAR,RB,14,1048290,False,Drafted,Rookie deal,2021,0,0,0,466,2,14,171,0,,,1.79318459826909,1.7687346039205,0,0,17,95,0,0,0,0,427,1003293,825000,https://overthecap.com/player/chuba-hubbard/9590/,https://github.com/nflverse/nflverse-data/releases/download/stats_player/stats_player_reg_2022.csv,2026-09-28
00-0036360,Clyde Edwards-Helaire,2022,KC,RB,10,2705394,False,Drafted,Rookie deal,2020,0,0,0,302,3,17,151,3,,,1.99692229188804,10.2296111649775,0,0,23,71,0,0,0,0,614,2951339,1593780,https://overthecap.com/player/clyde-edwards-helaire/8772/,https://github.com/nflverse/nflverse-data/releases/download/stats_player/stats_player_reg_2022.csv,2026-09-28
00-0030578,Cordarrelle Patterson,2022,ATL,RB,13,5250000,False,UFA,Veteran deal,2022,0,0,0,695,8,21,122,0,,,-0.252170304221885,-18.137274690342,0,0,31,144,0,1,0,0,400,2500000,6250000,https://overthecap.com/player/cordarrelle-patterson/2210/,https://github.com/nflverse/nflverse-data/releases/download/stats_player/stats_player_reg_2022.csv,2026-09-28
00-0033725,Corey Clement,2022,ARI,RB,5,1035000,False,SFA,Veteran deal,2022,0,0,0,55,1,5,54,0,,,-0.753288354200777,2.6042010479141,0,0,7,15,0,0,0,0,635,397778,1035000,https://overthecap.com/player/corey-clement/6154/,https://github.com/nflverse/nflverse-data/releases/download/stats_player/stats_player_reg_2022.csv,2026-09-28
00-0035567,Craig Reynolds,2022,DET,RB,6,957500,False,SFA,Veteran deal,2021,0,0,0,102,0,9,116,0,,,-4.25025906867813,5.99750227430527,0,0,10,23,0,0,0,0,563,937222,937222,https://overthecap.com/player/craig-reynolds/8540/,https://github.com/nflverse/nflverse-data/releases/download/stats_player/stats_player_reg_2022.csv,2026-09-28
00-0035304,Cullen Gillaspia,2022,SEA,RB,4,965000,False,SFA,Veteran deal,2022,0,0,0,0,0,0,0,0,,,,,0,0,0,0,0,0,0,0,553,466944,466944,https://overthecap.com/player/cullen-gillaspia/8011/,https://github.com/nflverse/nflverse-data/releases/download/stats_player/stats_player_reg_2022.csv,2026-09-28
00-0036275,D'Andre Swift,2022,DET,RB,14,2134730,False,Drafted,Rookie deal,2020,0,0,0,542,5,48,389,3,,,6.56917491038692,8.10437936622177,0,0,70,99,0,0,0,0,563,2328796,1386266,https://overthecap.com/player/dandre-swift/8775/,https://github.com/nflverse/nflverse-data/releases/download/stats_player/stats_player_reg_2022.csv,2026-09-28
00-0035628,D'Ernest Johnson,2022,CLE,RB,9,1216500,False,RFA,Veteran deal,2022,0,0,0,17,0,3,7,0,,,-0.0639174141688272,-0.964569332019892,0,0,3,4,0,0,0,0,507,1216500,1216500,https://overthecap.com/player/dernest-johnson/8556/,https://github.com/nflverse/nflverse-data/releases/download/stats_player/stats_player_reg_2022.csv,2026-09-28
00-0033925,D'Onta Foreman,2022,CAR,RB,16,2000000,False,UFA,Veteran deal,2022,0,0,0,914,5,5,26,0,,,4.03504335824736,-10.932217505602,0,0,9,203,0,0,0,0,427,2000000,2000000,https://overthecap.com/player/donta-foreman/5675/,https://github.com/nflverse/nflverse-data/releases/download/stats_player/stats_player_reg_2022.csv,2026-09-28
00-0033893,Dalvin Cook,2022,MIN,RB,17,12600000,False,Extension,Veteran deal,2020,0,0,0,1173,8,39,295,2,-6.88789240695769,,-48.5565033273542,6.47542590533757,0,1,56,264,0,3,1,0,641,12001272,8900000,https://overthecap.com/player/dalvin-cook/5627/,https://github.com/nflverse/nflverse-data/releases/download/stats_player/stats_player_reg_2022.csv,2026-09-28
00-0037258,Dameon Pierce,2022,HOU,RB,13,1125108,False,Drafted,Rookie deal,2022,0,0,0,939,4,30,165,1,,,-27.9403902780737,-8.82413049039315,0,0,39,220,0,2,0,0,558,847747,1459321,https://overthecap.com/player/dameon-pierce/10152/,https://github.com/nflverse/nflverse-data/releases/download/stats_player/stats_player_reg_2022.csv,2026-09-28
00-0035657,Damien Harris,2022,NE,RB,11,907784,False,Drafted,Rookie deal,2019,0,0,0,462,3,17,97,0,,,-3.71608092816314,-5.19468707495253,0,0,23,106,0,0,0,0,518,1186534,965000,https://overthecap.com/player/damien-harris/7878/,https://github.com/nflverse/nflverse-data/releases/download/stats_player/stats_player_reg_2022.csv,2026-09-28
00-0033854,Dare Ogunbowale,2022,HOU,RB,15,1500000,False,SFA,Veteran deal,2022,0,0,0,123,1,20,104,0,,,-7.2190837788881,-12.2376512020128,0,0,26,42,0,0,0,0,558,1450000,1600000,https://overthecap.com/player/dare-ogunbowale/6299/,https://github.com/nflverse/nflverse-data/releases/download/stats_player/stats_player_reg_2022.csv,2026-09-28
00-0034301,Darrel Williams,2022,ARI,RB,5,1187500,False,SFA,Veteran deal,2022,0,0,0,102,1,4,9,0,,,4.09910958161345,-5.26019918196835,0,0,8,21,0,0,0,0,635,1047500,1187500,https://overthecap.com/player/darrel-williams/7318/,https://github.com/nflverse/nflverse-data/releases/download/stats_player/stats_player_reg_2022.csv,2026-09-28
00-0036297,Darrynton Evans,2022,CHI,RB,3,895000,False,SFA,Veteran deal,2022,0,0,0,64,0,1,33,0,,,2.96236367704114,2.5792727979715,0,0,1,14,0,0,0,0,359,348056,348056,https://overthecap.com/player/darrynton-evans/8833/,https://github.com/nflverse/nflverse-data/releases/download/stats_player/stats_player_reg_2022.csv,2026-09-28
00-0032187,David Johnson,2022,NO,RB,4,1035000,False,SFA,Veteran deal,2022,0,0,0,24,0,4,47,0,,,-9.87764541426441,4.50000761065166,0,0,4,12,0,1,0,0,493,198889,23000,https://overthecap.com/player/david-johnson/3934/,https://github.com/nflverse/nflverse-data/releases/download/stats_player/stats_player_reg_2022.csv,2026-09-28
00-0035685,David Montgomery,2022,CHI,RB,16,1003845,False,Drafted,Rookie deal,2019,0,0,0,801,5,34,316,1,,,-15.3133969494852,6.72230372427884,0,0,40,201,0,1,0,1,359,3051545,2790000,https://overthecap.com/player/david-montgomery/7864/,https://github.com/nflverse/nflverse-data/releases/download/stats_player/stats_player_reg_2022.csv,2026-09-28
00-0036425,DeeJay Dallas,2022,SEA,RB,15,947350,False,Drafted,Rookie deal,2020,0,0,1,186,0,17,126,0,-4.86711246607592,-43.5381978750229,3.08608356170589,0.112794921927083,1,0,19,35,0,0,0,0,553,1018600,895000,https://overthecap.com/player/deejay-dallas/8884/,https://github.com/nflverse/nflverse-data/releases/download/stats_player/stats_player_reg_2022.csv,2026-09-28
00-0036654,Demetric Felton,2022,CLE,RB,6,910286,False,Drafted,Rookie deal,2021,0,0,0,-4,0,2,8,0,,,-1.29092040879186,-1.4629614923615,0,0,4,1,0,0,0,0,507,865286,825000,https://overthecap.com/player/demetric-felton/9675/,https://github.com/nflverse/nflverse-data/releases/download/stats_player/stats_player_reg_2022.csv,2026-09-28
00-0036493,Deon Jackson,2022,IND,RB,12,742500,False,SFA,Veteran deal,2021,0,0,0,236,1,30,209,1,,,-15.6131862955828,-8.54644934029784,0,0,34,68,0,1,0,0,579,825000,825000,https://overthecap.com/player/deon-jackson/9781/,https://github.com/nflverse/nflverse-data/releases/download/stats_player/stats_player_reg_2022.csv,2026-09-28
00-0032764,Derrick Henry,2022,TEN,RB,16,12500000,False,Franchise,Veteran deal,2020,4,1,0,1538,13,33,398,0,0.466456600755919,33.9358001947403,-22.3112961681327,14.1242161252085,2,0,41,349,2,2,0,1,436,9367647,15441176,https://overthecap.com/player/derrick-henry/4758/,https://github.com/nflverse/nflverse-data/releases/download/stats_player/stats_player_reg_2022.csv,2026-09-28
00-0035250,Devin Singletary,2022,BUF,RB,16,974500,False,Drafted,Rookie deal,2019,0,0,0,819,5,38,280,1,,,-16.7772215890291,6.94324239226154,0,0,52,177,0,3,0,0,551,2798956,2540000,https://overthecap.com/player/devin-singletary/7865/,https://github.com/nflverse/nflverse-data/releases/download/stats_player/stats_player_reg_2022.csv,2026-09-28
00-0034253,Dontrell Hilliard,2022,TEN,RB,12,1187500,False,UFA,Veteran deal,2022,0,0,0,145,0,21,177,4,,,0.607278296352364,5.73050680208825,0,0,26,22,0,0,0,0,436,955278,1075278,https://overthecap.com/player/dontrell-hilliard/7282/,https://github.com/nflverse/nflverse-data/releases/download/stats_player/stats_player_reg_2022.csv,2026-09-28
00-0032257,Duke Johnson,2022,BUF,RB,1,1272500,False,UFA,Veteran deal,2022,0,0,0,4,0,0,0,0,,,-0.967043306212872,,0,0,0,2,0,0,0,0,551,347222,359722,https://overthecap.com/player/duke-johnson/3925/,https://github.com/nflverse/nflverse-data/releases/download/stats_player/stats_player_reg_2022.csv,2026-09-28
00-0032450,Dwayne Washington,2022,NO,RB,7,1135000,False,SFA,Veteran deal,2022,0,0,0,38,0,1,7,0,,,-3.34099882701412,0.539168989285827,0,0,1,11,0,0,0,0,493,995000,1135000,https://overthecap.com/player/dwayne-washington/4949/,https://github.com/nflverse/nflverse-data/releases/download/stats_player/stats_player_reg_2022.csv,2026-09-28
00-0036567,Elijah Mitchell,2022,SF,RB,5,915893,False,Drafted,Rookie deal,2021,0,0,0,279,2,3,7,0,,,9.75958015627698,-2.01290365774184,0,0,4,45,0,0,0,0,504,603672,557779,https://overthecap.com/player/elijah-mitchell/9658/,https://github.com/nflverse/nflverse-data/releases/download/stats_player/stats_player_reg_2022.csv,2026-09-28
00-0033045,Ezekiel Elliott,2022,DAL,RB,15,15000000,False,Extension,Veteran deal,2019,0,0,0,876,12,17,92,0,,,-11.6996988604518,-3.67946420155931,0,0,23,231,0,0,0,0,545,18220000,12400000,https://overthecap.com/player/ezekiel-elliott/4717/,https://github.com/nflverse/nflverse-data/releases/download/stats_player/stats_player_reg_2022.csv,2026-09-28
00-0036569,Gary Brightwell,2022,NYG,RB,15,914718,False,Drafted,Rookie deal,2021,0,0,0,141,1,5,39,0,,,-4.42355990274175,1.43984519570949,0,0,8,31,0,0,0,0,489,869718,825000,https://overthecap.com/player/gary-brightwell/9660/,https://github.com/nflverse/nflverse-data/releases/download/stats_player/stats_player_reg_2022.csv,2026-09-28
00-0030456,Giovani Bernard,2022,TB,RB,4,1272500,False,UFA,Veteran deal,2022,0,0,0,28,0,2,-1,0,,,-6.00159577042722,-2.13728185440414,0,0,2,8,0,0,0,0,724,1047500,1272500,https://overthecap.com/player/giovani-bernard/2247/,https://github.com/nflverse/nflverse-data/releases/download/stats_player/stats_player_reg_2022.csv,2026-09-28
00-0034614,Godwin Igwebuike,2022,SEA,RB,5,895000,False,SFA,Veteran deal,2022,0,0,0,4,0,1,3,0,,,-1.42175994894933,-2.79434635909274,0,0,1,3,0,0,0,0,553,99444,99444,https://overthecap.com/player/godwin-igwebuike/7520/,https://github.com/nflverse/nflverse-data/releases/download/stats_player/stats_player_reg_2022.csv,2026-09-28
00-0034184,Gus Edwards,2022,BAL,RB,9,4128000,False,RFA,Veteran deal,2021,0,0,0,433,3,0,0,0,,,-0.0299428290454671,-1.01246785209514,0,0,2,87,0,1,0,0,465,4500000,3250000,https://overthecap.com/player/gus-edwards/7251/,https://github.com/nflverse/nflverse-data/releases/download/stats_player/stats_player_reg_2022.csv,2026-09-28
00-0037617,Hassan Haskins,2022,TEN,RB,14,1088052,False,Drafted,Rookie deal,2022,0,0,0,93,0,11,57,0,,,-2.45266898942646,-3.64132194616832,0,0,12,25,0,0,0,0,436,878052,1397208,https://overthecap.com/player/hassan-haskins/10176/,https://github.com/nflverse/nflverse-data/releases/download/stats_player/stats_player_reg_2022.csv,2026-09-28
00-0038045,Isaiah Spiller,2022,LAC,RB,5,1099238,False,Drafted,Rookie deal,2022,0,0,0,41,0,3,13,0,,,-7.11014819156844,-0.151033415051643,0,0,3,18,0,0,0,0,687,889238,1441952,https://overthecap.com/player/isaiah-spiller/10168/,https://github.com/nflverse/nflverse-data/releases/download/stats_player/stats_player_reg_2022.csv,2026-09-28
00-0037197,Isiah Pacheco,2022,KC,RB,17,934777,False,Drafted,Rookie deal,2022,0,0,0,830,5,13,130,0,,,-3.83821886745072,5.31361023127101,0,0,14,170,0,2,0,0,614,724777,784108,https://overthecap.com/player/isiah-pacheco/10296/,https://github.com/nflverse/nflverse-data/releases/download/stats_player/stats_player_reg_2022.csv,2026-09-28
00-0032602,J.D. McKissic,2022,WAS,RB,8,3500000,False,UFA,Veteran deal,2022,0,0,0,95,0,27,173,0,,,-3.98311869439203,-17.7962390917114,0,0,40,22,0,0,0,0,531,1910000,3865000,https://overthecap.com/player/j-d-mckissic/5150/,https://github.com/nflverse/nflverse-data/releases/download/stats_player/stats_player_reg_2022.csv,2026-09-28
00-0036096,J.J. Taylor,2022,NE,RB,1,895000,False,SFA,Veteran deal,2022,0,0,0,9,0,1,8,0,,,-5.49107612241642,0.887669721618295,0,0,1,10,0,0,0,0,518,80500,80500,https://overthecap.com/player/j-j-taylor/9280/,https://github.com/nflverse/nflverse-data/releases/download/stats_player/stats_player_reg_2022.csv,2026-09-28
00-0036158,J.K. Dobbins,2022,BAL,RB,8,1432360,False,Drafted,Rookie deal,2020,0,0,0,520,2,7,42,1,,,9.09525167269135,0.118231636816763,0,0,8,92,0,0,0,0,465,1562574,1130858,https://overthecap.com/player/j-k-dobbins/8795/,https://github.com/nflverse/nflverse-data/releases/download/stats_player/stats_player_reg_2022.csv,2026-09-28
00-0035806,JaMycal Hasty,2022,JAX,RB,14,895000,False,ERFA,Veteran deal,2022,0,0,0,194,2,20,126,1,,,-7.00169705646113,5.57141024169999,0,0,26,46,0,0,0,0,574,895000,895000,https://overthecap.com/player/jamycal-hasty/9172/,https://github.com/nflverse/nflverse-data/releases/download/stats_player/stats_player_reg_2022.csv,2026-09-28
00-0035726,Jakob Johnson,2022,LV,RB,11,1500000,False,SFA,Veteran deal,2022,0,0,0,0,0,5,10,0,,,,-3.57587455189787,0,0,6,0,0,0,0,0,558,1500000,1500000,https://overthecap.com/player/jakob-johnson/8050/,https://github.com/nflverse/nflverse-data/releases/download/stats_player/stats_player_reg_2022.csv,2026-09-28
00-0033948,Jamaal Williams,2022,DET,RB,17,3000000,False,UFA,Veteran deal,2021,0,0,0,1066,17,12,73,0,,,-24.9735208153877,-1.97409258544212,0,0,16,262,0,2,0,0,563,4375000,4000000,https://overthecap.com/player/jamaal-williams/5720/,https://github.com/nflverse/nflverse-data/releases/download/stats_player/stats_player_reg_2022.csv,2026-09-28
00-0033553,James Conner,2022,ARI,RB,13,7000000,False,UFA,Veteran deal,2022,0,0,0,782,7,46,300,1,,,-2.47490814897124,-6.05328836321329,0,0,58,183,0,1,0,0,635,3975000,7945000,https://overthecap.com/player/james-conner/5691/,https://github.com/nflverse/nflverse-data/releases/download/stats_player/stats_player_reg_2022.csv,2026-09-28
00-0037248,James Cook,2022,BUF,RB,16,1458016,False,Drafted,Rookie deal,2022,0,0,0,507,2,21,180,1,,,6.5008755439776,3.87273641577075,0,0,32,89,0,1,0,0,551,1060375,2126500,https://overthecap.com/player/james-cook/10108/,https://github.com/nflverse/nflverse-data/releases/download/stats_player/stats_player_reg_2022.csv,2026-09-28
00-0036755,Jaret Patterson,2022,WAS,RB,2,882500,False,SFA,Veteran deal,2022,0,0,0,78,0,0,0,0,,,-1.09624081887108,-0.790954421740025,0,0,1,17,0,0,0,0,531,45833,45833,https://overthecap.com/player/jaret-patterson/9863/,https://github.com/nflverse/nflverse-data/releases/download/stats_player/stats_player_reg_2022.csv,2026-09-28
00-0036997,Javonte Williams,2022,DEN,RB,4,2216439,False,Drafted,Rookie deal,2021,0,0,0,204,0,16,76,0,,,-6.31136679562042,-6.40975114382294,0,0,22,47,0,1,0,0,541,2014944,1062989,https://overthecap.com/player/javonte-williams/9499/,https://github.com/nflverse/nflverse-data/releases/download/stats_player/stats_player_reg_2022.csv,2026-09-28
00-0037228,Jaylen Warren,2022,PIT,RB,16,857333,False,UDFA,Rookie deal,2022,0,0,0,379,1,28,214,0,,,8.39019118724006,10.611172143914,0,0,33,77,0,0,0,0,548,709000,717000,https://overthecap.com/player/jaylen-warren/10552/,https://github.com/nflverse/nflverse-data/releases/download/stats_player/stats_player_reg_2022.csv,2026-09-28
00-0031376,Jerick McKinnon,2022,KC,RB,17,1187500,False,SFA,Veteran deal,2022,0,0,0,291,1,56,512,9,,,-9.96355854565627,23.6545193587483,0,0,71,72,0,0,0,1,614,1047500,1187500,https://overthecap.com/player/jerick-mckinnon/3035/,https://github.com/nflverse/nflverse-data/releases/download/stats_player/stats_player_reg_2022.csv,2026-09-28
00-0037267,Jerome Ford,2022,CLE,RB,13,995537,False,Drafted,Rookie deal,2022,0,0,0,12,0,0,0,0,,,-3.42909810991129,,0,0,0,8,0,0,0,0,507,709148,950759,https://overthecap.com/player/jerome-ford/10201/,https://github.com/nflverse/nflverse-data/releases/download/stats_player/stats_player_reg_2022.csv,2026-09-28
00-0033897,Joe Mixon,2022,CIN,RB,14,12000000,False,Extension,Veteran deal,2020,0,0,0,814,7,60,441,2,,,-11.5952373696803,11.3311255878336,0,0,75,210,0,0,0,0,594,11420588,8641176,https://overthecap.com/player/joe-mixon/5634/,https://github.com/nflverse/nflverse-data/releases/download/stats_player/stats_player_reg_2022.csv,2026-09-28
00-0036223,Jonathan Taylor,2022,IND,RB,11,1957289,False,Drafted,Rookie deal,2020,0,0,0,861,4,28,143,0,,,-28.6548071599877,-17.5464113042452,0,0,40,192,0,3,0,0,579,2135224,1321742,https://overthecap.com/player/jonathan-taylor/8781/,https://github.com/nflverse/nflverse-data/releases/download/stats_player/stats_player_reg_2022.csv,2026-09-28
00-0032975,Jonathan Williams,2022,WAS,RB,9,1055000,False,UFA,Veteran deal,2022,0,0,0,152,0,7,40,0,,,-7.74118973047007,-2.86584090021185,0,0,10,37,0,0,0,0,531,915000,1055000,https://overthecap.com/player/jonathan-williams/4869/,https://github.com/nflverse/nflverse-data/releases/download/stats_player/stats_player_reg_2022.csv,2026-09-28
00-0037525,Jordan Mason,2022,SF,RB,12,853333,False,UDFA,Rookie deal,2022,0,0,0,258,1,0,0,0,,,2.95764449355193,,0,0,0,43,0,0,0,0,504,708333,715000,https://overthecap.com/player/jordan-mason/10413/,https://github.com/nflverse/nflverse-data/releases/download/stats_player/stats_player_reg_2022.csv,2026-09-28
00-0035700,Josh Jacobs,2022,LV,RB,17,2983350,False,Drafted,Rookie deal,2019,0,0,0,1653,12,53,400,0,,,-1.6810852129001,2.30787074817332,0,0,64,340,0,0,0,1,558,3796990,2122281,https://overthecap.com/player/josh-jacobs/7815/,https://github.com/nflverse/nflverse-data/releases/download/stats_player/stats_player_reg_2022.csv,2026-09-28
00-0036370,Joshua Kelley,2022,LAC,RB,12,1018836,False,Drafted,Rookie deal,2020,0,0,0,287,2,14,101,0,,,2.51901228912175,-5.55808811524184,0,0,25,69,0,0,0,0,687,1090086,895000,https://overthecap.com/player/joshua-kelley/8852/,https://github.com/nflverse/nflverse-data/releases/download/stats_player/stats_player_reg_2022.csv,2026-09-28
00-0037594,Julius Chestnut,2022,TEN,RB,6,787500,False,SFA,Veteran deal,2022,0,0,0,12,0,3,41,0,,,-4.98684971564217,0.781152935000137,0,0,3,9,0,0,0,0,436,156667,156667,https://overthecap.com/player/julius-chestnut/10729/,https://github.com/nflverse/nflverse-data/releases/download/stats_player/stats_player_reg_2022.csv,2026-09-28
00-0034975,Justice Hill,2022,BAL,RB,15,815414,False,Drafted,Rookie deal,2019,0,0,0,262,0,12,58,0,,,-3.18598145133001,2.079712545441,0,0,12,49,0,1,0,0,465,1080414,895000,https://overthecap.com/player/justice-hill/7904/,https://github.com/nflverse/nflverse-data/releases/download/stats_player/stats_player_reg_2022.csv,2026-09-28
00-0034440,Justin Jackson,2022,DET,RB,15,1035000,False,SFA,Veteran deal,2022,0,0,0,170,1,12,101,1,,,-10.8462642831581,3.81893922828904,0,0,19,42,0,0,0,0,563,845278,977500,https://overthecap.com/player/justin-jackson/7136/,https://github.com/nflverse/nflverse-data/releases/download/stats_player/stats_player_reg_2022.csv,2026-09-28
00-0033923,Kareem Hunt,2022,CLE,RB,17,6000000,False,Extension,Veteran deal,2020,0,0,0,468,3,35,210,1,,,-11.557620754056,-2.47496152336861,0,0,44,123,0,0,0,0,507,6250000,6250000,https://overthecap.com/player/kareem-hunt/5672/,https://github.com/nflverse/nflverse-data/releases/download/stats_player/stats_player_reg_2022.csv,2026-09-28
00-0036450,Ke'Shawn Vaughn,2022,TB,RB,6,1177110,False,Drafted,Rookie deal,2020,0,0,0,53,0,3,19,0,,,-2.99027192313224,-0.365912450502955,0,0,4,17,0,0,0,0,724,1297091,1042364,https://overthecap.com/player/keshawn-vaughn/8816/,https://github.com/nflverse/nflverse-data/releases/download/stats_player/stats_player_reg_2022.csv,2026-09-28
00-0037299,Keaontay Ingram,2022,ARI,RB,11,957647,False,Drafted,Rookie deal,2022,0,0,0,60,1,4,21,0,,,-9.23134566671797,-3.2195507013239,0,0,5,27,0,0,0,0,635,747647,875588,https://overthecap.com/player/keaontay-ingram/10246/,https://github.com/nflverse/nflverse-data/releases/download/stats_player/stats_player_reg_2022.csv,2026-09-28
00-0036842,Kene Nwangwu,2022,MIN,RB,14,1058199,False,Drafted,Rookie deal,2021,0,0,0,14,0,2,21,0,,,-4.24055263578984,1.09260534797795,0,0,2,9,0,0,0,0,641,1013199,825000,https://overthecap.com/player/kene-nwangwu/9583/,https://github.com/nflverse/nflverse-data/releases/download/stats_player/stats_player_reg_2022.csv,2026-09-28
00-0038134,Kenneth Walker III,2022,SEA,RB,15,2110395,False,Drafted,Rookie deal,2022,0,0,0,1050,9,27,165,0,,,-14.8105215976737,-11.9586124503985,0,0,35,228,0,0,0,0,553,1534833,4024332,https://overthecap.com/player/kenneth-walker-iii/10086/,https://github.com/nflverse/nflverse-data/releases/download/stats_player/stats_player_reg_2022.csv,2026-09-28
00-0036919,Kenny Gainwell,2022,PHI,RB,17,953881,False,Drafted,Rookie deal,2021,0,0,0,240,4,23,169,0,,,7.87665731620579,-5.37212984954685,0,0,29,53,0,0,0,0,505,908881,825000,https://overthecap.com/player/kenneth-gainwell/9614/,https://github.com/nflverse/nflverse-data/releases/download/stats_player/stats_player_reg_2022.csv,2026-09-28
00-0033118,Kenyan Drake,2022,BAL,RB,12,1035000,False,SFA,Veteran deal,2022,0,0,0,482,4,17,89,1,,,-12.4995593839561,-5.92372207028029,0,0,26,109,0,0,0,0,465,1035000,1035000,https://overthecap.com/player/kenyan-drake/4786/,https://github.com/nflverse/nflverse-data/releases/download/stats_player/stats_player_reg_2022.csv,2026-09-28
00-0037286,Kevin Harris,2022,NE,RB,5,949584,False,SFA,Veteran deal,2022,0,0,0,52,1,0,0,0,,,-1.94094609777676,,0,0,0,18,0,0,0,0,518,543751,647503,https://overthecap.com/player/kevin-harris/10228/,https://github.com/nflverse/nflverse-data/releases/download/stats_player/stats_player_reg_2022.csv,2026-09-28
00-0036906,Khalil Herbert,2022,CHI,RB,13,902676,False,Drafted,Rookie deal,2021,0,0,0,731,4,9,57,1,,,1.17196801237346,-0.86384978224863,0,0,12,129,0,0,0,0,359,754899,722223,https://overthecap.com/player/khalil-herbert/9681/,https://github.com/nflverse/nflverse-data/releases/download/stats_player/stats_player_reg_2022.csv,2026-09-28
00-0037840,Kyren Williams,2022,LA,RB,8,992602,False,Drafted,Rookie deal,2022,0,0,0,139,0,9,76,0,,,-4.25223541839744,-1.67280480700564,0,0,12,35,0,0,0,0,517,660380,893186,https://overthecap.com/player/kyren-williams/10209/,https://github.com/nflverse/nflverse-data/releases/download/stats_player/stats_player_reg_2022.csv,2026-09-28
00-0036650,Larry Rountree III,2022,LAC,RB,2,825000,False,SFA,Veteran deal,2022,0,0,0,19,0,2,14,0,,,-7.25853434327291,1.5495878366637,0,0,2,13,0,0,0,0,687,171999,171999,https://overthecap.com/player/larry-rountree-iii/9662/,https://github.com/nflverse/nflverse-data/releases/download/stats_player/stats_player_reg_2022.csv,2026-09-28
00-0033856,Leonard Fournette,2022,TB,RB,16,7000000,False,UFA,Veteran deal,2022,0,0,1,668,3,73,523,3,-4.7260164351901,-44.6169674396515,-37.1246374422829,13.6750186066067,1,0,83,189,0,0,0,0,724,3970588,6970588,https://overthecap.com/player/leonard-fournette/5588/,https://github.com/nflverse/nflverse-data/releases/download/stats_player/stats_player_reg_2022.csv,2026-09-28
00-0031806,Malcolm Brown,2022,LA,RB,7,1035000,False,SFA,Veteran deal,2022,0,0,0,81,1,5,37,0,,,-0.493505536956112,1.21742315857621,0,0,6,18,0,0,0,0,517,198889,230000,https://overthecap.com/player/malcolm-brown/4363/,https://github.com/nflverse/nflverse-data/releases/download/stats_player/stats_player_reg_2022.csv,2026-09-28
00-0037563,Malik Davis,2022,DAL,RB,6,787500,False,SFA,Veteran deal,2022,0,0,0,161,1,6,63,0,,,-3.50220239717908,6.79102219743072,0,0,7,38,0,0,0,0,545,430833,430833,https://overthecap.com/player/malik-davis/10392/,https://github.com/nflverse/nflverse-data/releases/download/stats_player/stats_player_reg_2022.csv,2026-09-28
00-0027966,Mark Ingram,2022,NO,RB,10,1812500,False,Other,Unknown,2021,0,0,0,233,1,16,68,0,,,-10.9237620060737,-8.76647527411114,0,0,18,62,0,1,0,1,493,2211765,2094118,https://overthecap.com/player/mark-ingram/1511/,https://github.com/nflverse/nflverse-data/releases/download/stats_player/stats_player_reg_2022.csv,2026-09-28
00-0033308,Matt Breida,2022,NYG,RB,17,1187500,False,UFA,Veteran deal,2022,0,0,0,220,1,20,118,0,,,0.588876151334262,-1.18781893714151,0,0,25,54,0,0,0,0,489,1047500,1187500,https://overthecap.com/player/matt-breida/5996/,https://github.com/nflverse/nflverse-data/releases/download/stats_player/stats_player_reg_2022.csv,2026-09-28
00-0036924,Michael Carter,2022,NYJ,RB,16,1071840,False,Drafted,Rookie deal,2021,0,0,0,402,3,41,288,0,,,-21.690917342175,-4.48468701215461,0,0,54,114,0,1,0,0,588,1026840,825000,https://overthecap.com/player/michael-carter/9571/,https://github.com/nflverse/nflverse-data/releases/download/stats_player/stats_player_reg_2022.csv,2026-09-28
00-0034208,Mike Boone,2022,DEN,RB,8,1925000,False,SFA,Veteran deal,2021,0,0,0,102,0,9,96,0,,,-3.69021995814889,-7.14867603957688,0,0,15,24,0,0,0,0,541,2050000,1250000,https://overthecap.com/player/mike-boone/7454/,https://github.com/nflverse/nflverse-data/releases/download/stats_player/stats_player_reg_2022.csv,2026-09-28
00-0035243,Miles Sanders,2022,PHI,RB,17,1340058,False,Drafted,Rookie deal,2019,0,0,0,1269,11,20,78,0,,,12.6986131784944,-11.2849905361654,0,0,26,259,0,1,0,1,505,1705528,1225941,https://overthecap.com/player/miles-sanders/7844/,https://github.com/nflverse/nflverse-data/releases/download/stats_player/stats_player_reg_2022.csv,2026-09-28
00-0035311,Myles Gaskin,2022,MIA,RB,2,651777,False,Drafted,Rookie deal,2019,0,0,0,26,0,4,28,0,,,-4.99477203493007,-4.26989294885425,0,0,6,10,0,0,0,0,562,2561777,2540000,https://overthecap.com/player/myles-gaskin/8025/,https://github.com/nflverse/nflverse-data/releases/download/stats_player/stats_player_reg_2022.csv,2026-09-28
00-0036893,Najee Harris,2022,PIT,RB,17,3261861,False,Drafted,Rookie deal,2021,4,0,0,1034,7,41,229,3,-0.0647925575613044,16.8325543403626,-28.6515734960089,2.45134106100929,1,0,53,272,1,1,0,0,548,2965328,1253066,https://overthecap.com/player/najee-harris/9488/,https://github.com/nflverse/nflverse-data/releases/download/stats_player/stats_player_reg_2022.csv,2026-09-28
00-0034791,Nick Chubb,2022,CLE,RB,17,12200000,False,Extension,Veteran deal,2021,0,0,0,1525,12,27,239,1,,,14.2780271103403,7.96462639622041,0,0,37,302,0,1,0,0,507,5213059,4213059,https://overthecap.com/player/nick-chubb/6920/,https://github.com/nflverse/nflverse-data/releases/download/stats_player/stats_player_reg_2022.csv,2026-09-28
00-0033376,Patrick Ricard,2022,BAL,RB,13,3750000,False,UFA,Veteran deal,2022,0,0,0,16,0,11,74,0,,,-3.46921044116607,-4.76095370775342,0,0,13,7,0,0,0,0,465,2190000,4500000,https://overthecap.com/player/patrick-ricard/6036/,https://github.com/nflverse/nflverse-data/releases/download/stats_player/stats_player_reg_2022.csv,2026-09-28
00-0035973,Patrick Taylor,2022,GB,RB,6,882500,False,SFA,Veteran deal,2022,0,0,0,31,0,1,17,0,,,-1.89306988584576,2.6245533504989,0,0,1,10,0,0,0,0,540,183333,183333,https://overthecap.com/player/patrick-taylor/9152/,https://github.com/nflverse/nflverse-data/releases/download/stats_player/stats_player_reg_2022.csv,2026-09-28
00-0038098,Pierre Strong,2022,NE,RB,10,1093357,False,Drafted,Rookie deal,2022,0,0,0,100,1,7,42,0,,,5.73718278732849,1.00021880195709,0,0,7,10,0,0,0,0,518,883357,1418428,https://overthecap.com/player/pierre-strong-jr/10172/,https://github.com/nflverse/nflverse-data/releases/download/stats_player/stats_player_reg_2022.csv,2026-09-28
00-0037256,Rachaad White,2022,TB,RB,17,1282500,False,Drafted,Rookie deal,2022,0,0,0,481,1,50,290,2,,,-17.9571706447604,6.97240721152048,0,0,58,129,0,1,0,1,724,932727,1615908,https://overthecap.com/player/rachaad-white/10136/,https://github.com/nflverse/nflverse-data/releases/download/stats_player/stats_player_reg_2022.csv,2026-09-28
00-0037429,Raheem Blackshear,2022,CAR,RB,13,787500,False,SFA,Veteran deal,2022,0,0,0,77,3,10,93,0,,,1.26981854616315,0.920666004676605,0,0,12,23,0,0,0,0,427,626667,626667,https://overthecap.com/player/raheem-blackshear/10677/,https://github.com/nflverse/nflverse-data/releases/download/stats_player/stats_player_reg_2022.csv,2026-09-28
00-0031687,Raheem Mostert,2022,MIA,RB,16,2125000,False,UFA,Veteran deal,2022,0,0,0,891,3,31,202,2,,,-0.987838224333245,1.435230348602,0,0,42,181,0,1,0,0,562,2113235,3113235,https://overthecap.com/player/raheem-mostert/4146/,https://github.com/nflverse/nflverse-data/releases/download/stats_player/stats_player_reg_2022.csv,2026-09-28
00-0034750,Rashaad Penny,2022,SEA,RB,5,5750000,False,UFA,Veteran deal,2022,0,0,0,346,2,4,16,0,,,13.1444890796556,1.06913642963627,0,0,5,57,0,0,0,0,553,5630000,5270000,https://overthecap.com/player/rashaad-penny/6912/,https://github.com/nflverse/nflverse-data/releases/download/stats_player/stats_player_reg_2022.csv,2026-09-28
00-0034578,Reggie Bonnafon,2022,WAS,RB,1,895000,False,SFA,Veteran deal,2022,0,0,0,8,0,0,0,0,,,-1.07405631127767,,0,0,0,3,0,0,0,0,531,49722,49722,https://overthecap.com/player/reggie-bonnafon/7495/,https://github.com/nflverse/nflverse-data/releases/download/stats_player/stats_player_reg_2022.csv,2026-09-28
00-0036187,Reggie Gilliam,2022,BUF,RB,7,2300000,False,Extension,Veteran deal,2022,0,0,0,0,0,8,69,1,,,,3.92996016761754,0,0,10,0,0,0,0,0,551,1235001,1895000,https://overthecap.com/player/reggie-gilliam/9365/,https://github.com/nflverse/nflverse-data/releases/download/stats_player/stats_player_reg_2022.csv,2026-09-28
00-0030288,Rex Burkhead,2022,HOU,RB,15,2500000,False,Extension,Veteran deal,2021,0,0,0,80,0,37,204,1,-0.451972615905106,-65.9179151058197,-6.80974265857367,-23.8903826837797,1,0,51,26,0,0,0,0,558,2476471,1976471,https://overthecap.com/player/rex-burkhead/2342/,https://github.com/nflverse/nflverse-data/releases/download/stats_player/stats_player_reg_2022.csv,2026-09-28
00-0036875,Rhamondre Stevenson,2022,NE,RB,17,1057265,False,Drafted,Rookie deal,2021,0,0,0,1040,5,69,421,1,,,-9.57135560322715,-11.7735355582352,0,0,88,210,0,1,0,0,518,1012265,825000,https://overthecap.com/player/rhamondre-stevenson/9584/,https://github.com/nflverse/nflverse-data/releases/download/stats_player/stats_player_reg_2022.csv,2026-09-28
00-0036139,Rico Dowdle,2022,DAL,RB,2,765000,False,UDFA,Rookie deal,2020,0,0,0,0,0,0,0,0,,,,,0,0,0,0,0,0,0,0,545,828334,825000,https://overthecap.com/player/rico-dowdle/9346/,https://github.com/nflverse/nflverse-data/releases/download/stats_player/stats_player_reg_2022.csv,2026-09-28
00-0034816,Ronald Jones,2022,KC,RB,5,1500000,False,UFA,Veteran deal,2022,0,0,0,70,1,1,22,0,,,1.12223323842045,1.84964593237964,0,0,1,17,0,0,0,0,614,1500000,1500000,https://overthecap.com/player/ronald-jones-ii/6923/,https://github.com/nflverse/nflverse-data/releases/download/stats_player/stats_player_reg_2022.csv,2026-09-28
00-0037557,Ronnie Rivers,2022,LA,RB,2,787500,False,SFA,Veteran deal,2022,0,0,0,21,0,5,29,0,,,-3.69308078102767,-0.318621450045612,0,0,5,9,0,0,0,0,517,274167,274167,https://overthecap.com/player/ronnie-rivers/10408/,https://github.com/nflverse/nflverse-data/releases/download/stats_player/stats_player_reg_2022.csv,2026-09-28
00-0034838,Royce Freeman,2022,HOU,RB,4,1035000,False,SFA,Veteran deal,2022,0,0,0,117,0,6,33,0,,,-15.4241196003859,-1.46562903665472,0,0,8,41,0,1,0,0,558,230000,230000,https://overthecap.com/player/royce-freeman/6956/,https://github.com/nflverse/nflverse-data/releases/download/stats_player/stats_player_reg_2022.csv,2026-09-28
00-0036020,Salvon Ahmed,2022,MIA,RB,6,895000,False,ERFA,Veteran deal,2022,0,0,0,64,1,1,8,0,,,3.25724967609858,0.170607615320478,0,0,1,12,0,0,0,0,562,895000,895000,https://overthecap.com/player/salvon-ahmed/9168/,https://github.com/nflverse/nflverse-data/releases/download/stats_player/stats_player_reg_2022.csv,2026-09-28
00-0033526,Samaje Perine,2022,CIN,RB,16,1650000,False,UFA,Veteran deal,2021,0,0,0,394,2,38,287,4,,,-3.92618988867257,6.44981152464891,0,0,51,95,0,0,0,0,594,1850000,1500000,https://overthecap.com/player/samaje-perine/5700/,https://github.com/nflverse/nflverse-data/releases/download/stats_player/stats_player_reg_2022.csv,2026-09-28
00-0034844,Saquon Barkley,2022,NYG,RB,16,7798688,False,Drafted,Rookie deal,2018,0,0,0,1312,10,57,338,0,,,-15.5111691397291,-12.5992434311378,0,0,76,295,0,0,0,0,489,7217000,7217000,https://overthecap.com/player/saquon-barkley/6887/,https://github.com/nflverse/nflverse-data/releases/download/stats_player/stats_player_reg_2022.csv,2026-09-28
00-0037265,Snoop Conner,2022,JAX,RB,5,996567,False,Drafted,Rookie deal,2022,0,0,0,42,1,0,0,0,,,-2.05222863185918,,0,0,0,12,0,0,0,0,574,786567,1031268,https://overthecap.com/player/snoop-conner/10199/,https://github.com/nflverse/nflverse-data/releases/download/stats_player/stats_player_reg_2022.csv,2026-09-28
00-0036543,Spencer Brown,2022,CAR,RB,2,705000,False,SFA,Veteran deal,2022,0,0,0,43,0,2,10,0,,,0.790135990569991,-2.3898130847374,0,0,4,9,0,0,0,0,427,200000,200000,https://overthecap.com/player/spencer-brown/9930/,https://github.com/nflverse/nflverse-data/releases/download/stats_player/stats_player_reg_2022.csv,2026-09-28
00-0028063,Taiwan Jones,2022,BUF,RB,7,1272500,False,UFA,Veteran deal,2022,0,0,0,0,0,0,0,0,,,,,0,0,0,0,0,0,0,0,551,1047500,1272500,https://overthecap.com/player/taiwan-jones/1299/,https://github.com/nflverse/nflverse-data/releases/download/stats_player/stats_player_reg_2022.csv,2026-09-28
00-0032058,Tevin Coleman,2022,SF,RB,2,1120000,False,SFA,Veteran deal,2022,0,0,0,26,1,3,44,1,,,-6.32914067406091,5.23090341221541,0,0,3,12,0,0,0,0,504,203722,216222,https://overthecap.com/player/tevin-coleman/3921/,https://github.com/nflverse/nflverse-data/releases/download/stats_player/stats_player_reg_2022.csv,2026-09-28
00-0035261,Tony Pollard,2022,DAL,RB,16,797582,False,Drafted,Rookie deal,2019,0,0,0,1007,9,39,371,3,,,4.52095405462352,6.24090550486646,0,0,55,193,0,0,0,0,545,1132582,965000,https://overthecap.com/player/tony-pollard/7919/,https://github.com/nflverse/nflverse-data/releases/download/stats_player/stats_player_reg_2022.csv,2026-09-28
00-0036973,Travis Etienne,2022,JAX,RB,17,3224528,False,Drafted,Rookie deal,2021,0,0,0,1125,5,35,316,0,,,-8.69354840503943,4.73191104845137,0,0,45,220,0,3,0,0,574,2931389,1246278,https://overthecap.com/player/travis-etienne/9489/,https://github.com/nflverse/nflverse-data/releases/download/stats_player/stats_player_reg_2022.csv,2026-09-28
00-0035594,Travis Homer,2022,SEA,RB,10,665840,False,Drafted,Rookie deal,2019,0,0,0,74,0,16,157,1,,,-2.41903995090979,-5.40755327302031,0,0,18,19,0,0,0,1,553,1000840,965000,https://overthecap.com/player/travis-homer/7995/,https://github.com/nflverse/nflverse-data/releases/download/stats_player/stats_player_reg_2022.csv,2026-09-28
00-0035291,Trayveon Williams,2022,CIN,RB,7,965000,False,SFA,Veteran deal,2022,0,0,0,30,0,2,30,0,,,-0.613481856242288,1.58802612204454,0,0,3,6,0,0,0,0,594,965000,965000,https://overthecap.com/player/trayveon-williams/7973/,https://github.com/nflverse/nflverse-data/releases/download/stats_player/stats_player_reg_2022.csv,2026-09-28
00-0034164,Trenton Cannon,2022,TEN,RB,1,1062500,False,SFA,Veteran deal,2022,0,0,0,0,0,0,0,0,,,,,0,0,0,0,0,0,0,0,436,503889,585444,https://overthecap.com/player/trenton-cannon/7089/,https://github.com/nflverse/nflverse-data/releases/download/stats_player/stats_player_reg_2022.csv,2026-09-28
00-0037087,Trestan Ebner,2022,CHI,RB,11,956484,False,Drafted,Rookie deal,2022,0,0,0,54,0,2,8,0,,,-8.35346955159912,-4.05054114320265,0,0,8,24,0,0,0,1,359,746484,870936,https://overthecap.com/player/trestan-ebner/10248/,https://github.com/nflverse/nflverse-data/releases/download/stats_player/stats_player_reg_2022.csv,2026-09-28
00-0036984,Trey Sermon,2022,PHI,RB,1,1218234,False,Drafted,Rookie deal,2021,0,0,0,19,0,0,0,0,,,2.30063952860655,,0,0,0,2,0,0,0,0,505,881497,881497,https://overthecap.com/player/trey-sermon/9552/,https://github.com/nflverse/nflverse-data/releases/download/stats_player/stats_player_reg_2022.csv,2026-09-28
00-0037456,Troy Hairston,2022,HOU,RB,12,861667,False,UDFA,Rookie deal,2022,0,0,0,0,0,5,19,0,,,,-6.18482532701455,0,0,8,0,0,0,0,0,558,713333,730000,https://overthecap.com/player/troy-hairston-ii/10364/,https://github.com/nflverse/nflverse-data/releases/download/stats_player/stats_player_reg_2022.csv,2026-09-28
00-0037276,Ty Chandler,2022,MIN,RB,2,989711,False,Drafted,Rookie deal,2022,0,0,0,20,0,0,0,0,,,-1.27408390166238,,0,0,0,6,0,0,0,0,641,611656,835789,https://overthecap.com/player/ty-chandler/10214/,https://github.com/nflverse/nflverse-data/releases/download/stats_player/stats_player_reg_2022.csv,2026-09-28
00-0035537,Ty Johnson,2022,NYJ,RB,12,673139,False,Drafted,Rookie deal,2019,0,0,0,160,1,12,88,0,,,-4.09428113913532,-11.4523738198956,0,0,24,30,0,0,0,0,588,965000,965000,https://overthecap.com/player/ty-johnson/7977/,https://github.com/nflverse/nflverse-data/releases/download/stats_player/stats_player_reg_2022.csv,2026-09-28
00-0036457,Ty'Son Williams,2022,ARI,RB,1,847500,False,SFA,Veteran deal,2022,0,0,0,0,0,1,5,0,,,,-0.326953217387199,0,0,1,0,0,0,0,0,635,45833,45833,https://overthecap.com/player/ty-williams/9440/,https://github.com/nflverse/nflverse-data/releases/download/stats_player/stats_player_reg_2022.csv,2026-09-28
00-0037263,Tyler Allgeier,2022,ATL,RB,16,998472,False,Drafted,Rookie deal,2022,0,0,0,1035,3,16,139,1,,,11.3425796306982,7.12531922728522,0,0,17,210,0,0,0,0,400,788472,1038888,https://overthecap.com/player/tyler-allgeier/10196/,https://github.com/nflverse/nflverse-data/releases/download/stats_player/stats_player_reg_2022.csv,2026-09-28
00-0037085,Tyler Badie,2022,DEN,RB,1,787500,False,SFA,Veteran deal,2022,0,0,0,0,0,1,24,1,,,-0.721431884914637,2.3305268624099,0,0,1,1,0,0,0,0,541,78333,78333,https://overthecap.com/player/tyler-badie/10241/,https://github.com/nflverse/nflverse-data/releases/download/stats_player/stats_player_reg_2022.csv,2026-09-28
00-0037827,Tyrion Davis-Price,2022,SF,RB,5,1277137,False,Drafted,Rookie deal,2022,0,0,0,99,0,0,0,0,,,-13.53276113639,-0.932838922657538,0,0,2,34,0,0,0,0,504,928826,1600304,https://overthecap.com/player/tyrion-davis-price/10138/,https://github.com/nflverse/nflverse-data/releases/download/stats_player/stats_player_reg_2022.csv,2026-09-28
00-0038040,Zamir White,2022,LV,RB,11,1100981,False,Drafted,Rookie deal,2022,0,0,0,70,0,0,0,0,,,-1.51255080098053,,0,0,0,17,0,0,0,0,558,890981,1448924,https://overthecap.com/player/zamir-white/10167/,https://github.com/nflverse/nflverse-data/releases/download/stats_player/stats_player_reg_2022.csv,2026-09-28
00-0037331,Zander Horvath,2022,LAC,RB,8,934253,False,Drafted,Rookie deal,2022,0,0,0,8,0,5,8,2,,,0.223257885401836,-0.621620731893927,0,0,8,4,0,0,0,0,687,724253,782012,https://overthecap.com/player/zander-horvath/10305/,https://github.com/nflverse/nflverse-data/releases/download/stats_player/stats_player_reg_2022.csv,2026-09-28
00-0036422,Adam Trautman,2022,NO,TE,12,1077803,False,Drafted,Rookie deal,2020,0,0,0,0,0,18,207,1,,,,8.53289979166584,0,0,22,0,0,0,0,0,493,1168073,960000,https://overthecap.com/player/adam-trautman/8845/,https://github.com/nflverse/nflverse-data/releases/download/stats_player/stats_player_reg_2022.csv,2026-09-28
00-0036423,Albert Okwuegbunam,2022,DEN,TE,6,1011011,False,Drafted,Rookie deal,2020,0,0,0,0,0,10,95,1,,,,-2.28685099752309,0,0,18,0,0,0,0,0,541,1082261,895000,https://overthecap.com/player/albert-okwuegbunam/8858/,https://github.com/nflverse/nflverse-data/releases/download/stats_player/stats_player_reg_2022.csv,2026-09-28
00-0033455,Anthony Firkser,2022,ATL,TE,8,1035000,False,SFA,Veteran deal,2022,0,0,0,0,0,9,100,0,,,,2.51375165889613,0,0,13,0,0,0,0,0,400,845278,977500,https://overthecap.com/player/anthony-firkser/6071/,https://github.com/nflverse/nflverse-data/releases/download/stats_player/stats_player_reg_2022.csv,2026-09-28
00-0037168,Armani Rogers,2022,WAS,TE,9,859167,False,UDFA,Rookie deal,2022,0,0,0,26,0,5,64,0,,,1.45144690561574,3.62085561174899,0,0,6,2,0,0,0,0,531,603889,615556,https://overthecap.com/player/armani-rogers/10708/,https://github.com/nflverse/nflverse-data/releases/download/stats_player/stats_player_reg_2022.csv,2026-09-28
00-0032392,Austin Hooper,2022,TEN,TE,17,6000000,False,SFA,Veteran deal,2022,0,0,0,0,0,41,444,2,,,,26.1507010481437,0,0,60,0,0,0,0,0,436,2690000,6000000,https://overthecap.com/player/austin-hooper/4794/,https://github.com/nflverse/nflverse-data/releases/download/stats_player/stats_player_reg_2022.csv,2026-09-28
00-0035823,Ben Ellefson,2022,MIN,TE,2,761666,False,SFA,Veteran deal,2020,0,0,0,0,0,3,26,0,,,,0.745387402595952,0,0,3,0,0,0,0,0,641,595277,595277,https://overthecap.com/player/ben-ellefson/9048/,https://github.com/nflverse/nflverse-data/releases/download/stats_player/stats_player_reg_2022.csv,2026-09-28
00-0032062,Blake Bell,2022,KC,TE,2,1272500,False,UFA,Veteran deal,2022,0,0,0,0,0,2,20,1,,,,1.83689820714062,0,0,2,0,0,0,0,0,614,1047500,1272500,https://overthecap.com/player/blake-bell/3965/,https://github.com/nflverse/nflverse-data/releases/download/stats_player/stats_player_reg_2022.csv,2026-09-28
00-0036556,Brevin Jordan,2022,HOU,TE,9,958046,False,Drafted,Rookie deal,2021,0,0,0,0,0,14,128,0,,,,-13.6912652464542,0,0,28,0,0,0,0,0,558,913046,825000,https://overthecap.com/player/brevin-jordan/9611/,https://github.com/nflverse/nflverse-data/releases/download/stats_player/stats_player_reg_2022.csv,2026-09-28
00-0036754,Brock Wright,2022,DET,TE,14,825000,False,ERFA,Veteran deal,2022,0,0,0,0,0,18,216,4,,,,16.8101057099702,0,0,24,0,0,0,0,0,563,825000,825000,https://overthecap.com/player/brock-wright/9878/,https://github.com/nflverse/nflverse-data/releases/download/stats_player/stats_player_reg_2022.csv,2026-09-28
00-0036424,Brycen Hopkins,2022,LA,TE,7,987033,False,Drafted,Rookie deal,2020,0,0,0,0,0,7,109,0,,,,0.946936732935188,0,0,11,0,0,0,0,0,517,909116,745833,https://overthecap.com/player/brycen-hopkins/8876/,https://github.com/nflverse/nflverse-data/releases/download/stats_player/stats_player_reg_2022.csv,2026-09-28
00-0032134,C.J. Uzomah,2022,NYJ,TE,14,8000000,False,UFA,Veteran deal,2022,0,0,0,0,0,21,232,2,,,,11.2493308015983,0,0,27,0,0,0,0,0,588,3356666,8000000,https://overthecap.com/player/c-j-uzomah/4005/,https://github.com/nflverse/nflverse-data/releases/download/stats_player/stats_player_reg_2022.csv,2026-09-28
00-0038129,Cade Otton,2022,TB,TE,16,1130985,False,Drafted,Rookie deal,2022,0,0,0,0,0,42,391,2,,,,4.97210090164649,0,0,65,0,0,0,0,0,724,913485,1538940,https://overthecap.com/player/cade-otton/10151/,https://github.com/nflverse/nflverse-data/releases/download/stats_player/stats_player_reg_2022.csv,2026-09-28
00-0031273,Cameron Brate,2022,TB,TE,9,4000000,False,Other,Unknown,2022,0,0,0,0,0,20,174,0,,,,-11.7423624789031,0,0,38,0,0,0,0,0,724,2985000,4000000,https://overthecap.com/player/cameron-brate/3770/,https://github.com/nflverse/nflverse-data/releases/download/stats_player/stats_player_reg_2022.csv,2026-09-28
00-0038046,Charlie Kolar,2022,BAL,TE,1,1091220,False,Drafted,Rookie deal,2022,0,0,0,0,0,4,49,0,,,,2.57182008448145,0,0,6,0,0,0,0,0,465,743720,1272380,https://overthecap.com/player/charlie-kolar/10173/,https://github.com/nflverse/nflverse-data/releases/download/stats_player/stats_player_reg_2022.csv,2026-09-28
00-0036429,Charlie Woerner,2022,SF,TE,5,869008,False,Drafted,Rookie deal,2020,0,0,0,0,0,0,0,0,,,,-1.41615797951818,0,0,2,0,0,0,0,0,504,940258,895000,https://overthecap.com/player/charlie-woerner/8930/,https://github.com/nflverse/nflverse-data/releases/download/stats_player/stats_player_reg_2022.csv,2026-09-28
00-0037809,Chig Okonkwo,2022,TEN,TE,16,1041084,False,Drafted,Rookie deal,2022,0,0,0,2,0,32,450,3,,,-3.1748977699317,23.8365941986184,0,0,46,3,0,0,0,0,436,831084,1209336,https://overthecap.com/player/chigoziem-okonkwo/10188/,https://github.com/nflverse/nflverse-data/releases/download/stats_player/stats_player_reg_2022.csv,2026-09-28
00-0031484,Chris Manhertz,2022,JAX,TE,7,3325000,False,UFA,Veteran deal,2021,0,0,0,0,0,6,42,0,,,,-0.692976174643263,0,0,8,0,0,0,0,0,574,4025000,2900000,https://overthecap.com/player/chris-manhertz/3800/,https://github.com/nflverse/nflverse-data/releases/download/stats_player/stats_player_reg_2022.csv,2026-09-28
00-0035345,Chris Myarick,2022,NYG,TE,10,895000,False,SFA,Veteran deal,2022,0,0,0,0,0,7,65,1,,,,7.24267490941566,0,0,8,0,0,0,0,0,489,61222,61222,https://overthecap.com/player/chris-myarick/8252/,https://github.com/nflverse/nflverse-data/releases/download/stats_player/stats_player_reg_2022.csv,2026-09-28
00-0036244,Colby Parkinson,2022,SEA,TE,14,991360,False,Drafted,Rookie deal,2020,0,0,0,0,0,25,322,2,,,,10.2214344308304,0,0,34,0,0,0,0,0,553,1062610,895000,https://overthecap.com/player/colby-parkinson/8873/,https://github.com/nflverse/nflverse-data/releases/download/stats_player/stats_player_reg_2022.csv,2026-09-28
00-0036290,Cole Kmet,2022,CHI,TE,17,1894447,False,Drafted,Rookie deal,2020,0,0,0,9,0,50,544,7,,,1.13863645214587,11.2316443009717,0,0,69,2,0,0,0,0,359,2066669,1298890,https://overthecap.com/player/cole-kmet/8783/,https://github.com/nflverse/nflverse-data/releases/download/stats_player/stats_player_reg_2022.csv,2026-09-28
00-0037078,Cole Turner,2022,WAS,TE,7,999720,False,Drafted,Rookie deal,2022,0,0,0,0,0,2,23,0,,,,-6.74938240201811,0,0,9,0,0,0,0,0,531,789720,1043880,https://overthecap.com/player/cole-turner/10194/,https://github.com/nflverse/nflverse-data/releases/download/stats_player/stats_player_reg_2022.csv,2026-09-28
00-0034351,Dallas Goedert,2022,PHI,TE,12,14250000,False,Extension,Veteran deal,2021,0,0,0,0,0,55,702,3,,,,45.1879870728172,0,0,69,0,0,0,0,1,505,3721732,4250000,https://overthecap.com/player/dallas-goedert/6934/,https://github.com/nflverse/nflverse-data/releases/download/stats_player/stats_player_reg_2022.csv,2026-09-28
00-0034383,Dalton Schultz,2022,DAL,TE,15,10931000,False,Franchise,Veteran deal,2022,0,0,0,0,0,57,577,5,,,,-0.339547596605749,0,0,89,0,0,0,0,1,545,10931000,10931000,https://overthecap.com/player/dalton-schultz/7022/,https://github.com/nflverse/nflverse-data/releases/download/stats_player/stats_player_reg_2022.csv,2026-09-28
00-0034011,Dan Arnold,2022,JAX,TE,11,3000000,False,UFA,Veteran deal,2021,0,0,0,0,0,9,135,0,,,,5.84869649494067,0,0,13,0,0,0,0,0,574,2535000,2535000,https://overthecap.com/player/dan-arnold/6350/,https://github.com/nflverse/nflverse-data/releases/download/stats_player/stats_player_reg_2022.csv,2026-09-28
00-0038115,Daniel Bellinger,2022,NYG,TE,11,1113278,False,Drafted,Rookie deal,2022,0,0,0,2,1,30,268,2,,,1.28657086705789,10.7497654916516,0,0,35,1,0,0,0,1,489,903278,1498112,https://overthecap.com/player/daniel-bellinger/10157/,https://github.com/nflverse/nflverse-data/releases/download/stats_player/stats_player_reg_2022.csv,2026-09-28
00-0031610,Darren Waller,2022,LV,TE,8,17000000,False,Extension,Veteran deal,2022,0,0,0,0,0,28,388,3,,,,4.89936566111911,0,0,43,0,0,0,0,0,558,11415000,11675000,https://overthecap.com/player/darren-waller/4052/,https://github.com/nflverse/nflverse-data/releases/download/stats_player/stats_player_reg_2022.csv,2026-09-28
00-0033885,David Njoku,2022,CLE,TE,14,13687500,False,Franchise,Veteran deal,2022,0,0,0,-8,0,58,628,4,,,-2.48257483902853,24.6575731012328,0,0,80,2,0,0,0,1,507,3328000,12500000,https://overthecap.com/player/david-njoku/5613/,https://github.com/nflverse/nflverse-data/releases/download/stats_player/stats_player_reg_2022.csv,2026-09-28
00-0035689,Dawson Knox,2022,BUF,TE,15,13000000,False,Extension,Veteran deal,2022,0,0,0,0,0,48,517,6,,,,20.4641619834732,0,0,65,0,0,0,0,0,551,2600545,7995000,https://overthecap.com/player/dawson-knox/7887/,https://github.com/nflverse/nflverse-data/releases/download/stats_player/stats_player_reg_2022.csv,2026-09-28
00-0036194,Devin Asiasi,2022,CIN,TE,5,1116568,False,Drafted,Rookie deal,2020,0,0,0,0,0,2,5,0,,,,-1.46407437778544,0,0,4,0,0,0,0,0,594,1007000,1007000,https://overthecap.com/player/devin-asiasi/8831/,https://github.com/nflverse/nflverse-data/releases/download/stats_player/stats_player_reg_2022.csv,2026-09-28
00-0035329,Donald Parham,2022,LAC,TE,6,895000,False,ERFA,Veteran deal,2022,0,0,0,0,0,10,130,1,,,,8.14081721890093,0,0,12,0,0,0,0,0,687,895000,895000,https://overthecap.com/player/donald-parham/8287/,https://github.com/nflverse/nflverse-data/releases/download/stats_player/stats_player_reg_2022.csv,2026-09-28
00-0035631,Drew Sample,2022,CIN,TE,2,1376574,False,Drafted,Rookie deal,2019,0,0,0,0,0,2,-2,0,,,,-3.01596434186873,0,0,2,0,0,0,0,0,594,1752003,1245858,https://overthecap.com/player/drew-sample/7843/,https://github.com/nflverse/nflverse-data/releases/download/stats_player/stats_player_reg_2022.csv,2026-09-28
00-0034798,Durham Smythe,2022,MIA,TE,13,3500000,False,UFA,Veteran deal,2022,0,0,0,1,1,15,129,1,,,1.39937950804597,-0.76509370630729,0,0,20,2,0,0,0,0,562,2750000,3500000,https://overthecap.com/player/durham-smythe/7008/,https://github.com/nflverse/nflverse-data/releases/download/stats_player/stats_player_reg_2022.csv,2026-09-28
00-0033576,Eric Saubert,2022,DEN,TE,14,1187500,False,SFA,Veteran deal,2022,0,0,0,0,0,15,148,1,,,,-2.87788909860767,0,0,24,0,0,0,0,0,541,1047500,1187500,https://overthecap.com/player/eric-saubert/5760/,https://github.com/nflverse/nflverse-data/releases/download/stats_player/stats_player_reg_2022.csv,2026-09-28
00-0031690,Eric Tomlinson,2022,DEN,TE,9,1035000,False,SFA,Veteran deal,2022,0,0,0,0,0,9,79,2,,,,7.26234272727743,0,0,13,0,0,0,0,0,541,1035000,1035000,https://overthecap.com/player/eric-tomlinson/4150/,https://github.com/nflverse/nflverse-data/releases/download/stats_player/stats_player_reg_2022.csv,2026-09-28
00-0033881,Evan Engram,2022,JAX,TE,17,9000000,False,UFA,Veteran deal,2022,0,0,0,13,0,73,766,4,,,0.472029016760644,33.7919223110723,0,0,98,2,0,0,0,0,574,8970588,9600000,https://overthecap.com/player/evan-engram/5607/,https://github.com/nflverse/nflverse-data/releases/download/stats_player/stats_player_reg_2022.csv,2026-09-28
00-0036825,Feleipe Franks,2022,ATL,TE,5,813333,False,UDFA,Rookie deal,2021,0,0,0,0,0,0,0,0,,,-0.838099692598917,-1.09484711429104,0,0,2,1,0,0,0,0,400,830000,825000,https://overthecap.com/player/feleipe-franks/9915/,https://github.com/nflverse/nflverse-data/releases/download/stats_player/stats_player_reg_2022.csv,2026-09-28
00-0034981,Foster Moreau,2022,LV,TE,14,752098,False,Drafted,Rookie deal,2019,0,0,0,2,0,33,420,2,,,,8.41547742337571,0,0,54,0,0,0,0,0,558,2662098,2540000,https://overthecap.com/player/foster-moreau/7928/,https://github.com/nflverse/nflverse-data/releases/download/stats_player/stats_player_reg_2022.csv,2026-09-28
00-0032141,Geoff Swaim,2022,TEN,TE,12,3500000,False,UFA,Veteran deal,2022,0,0,0,0,0,12,58,1,,,,-1.83233407067019,0,0,16,0,0,0,0,0,436,2675000,3500000,https://overthecap.com/player/geoff-swaim/4094/,https://github.com/nflverse/nflverse-data/releases/download/stats_player/stats_player_reg_2022.csv,2026-09-28
00-0033288,George Kittle,2022,SF,TE,15,15000000,False,Extension,Veteran deal,2020,0,0,0,0,0,60,765,11,,,,39.6072864568471,0,0,86,0,0,0,0,1,504,7418751,11991176,https://overthecap.com/player/george-kittle/5732/,https://github.com/nflverse/nflverse-data/releases/download/stats_player/stats_player_reg_2022.csv,2026-09-28
00-0033895,Gerald Everett,2022,LAC,TE,15,6000000,False,UFA,Veteran deal,2022,0,0,0,0,0,58,555,4,,,-0.566809108946472,2.29937710534946,0,0,87,1,0,0,0,0,687,4000000,6750000,https://overthecap.com/player/gerald-everett/5630/,https://github.com/nflverse/nflverse-data/releases/download/stats_player/stats_player_reg_2022.csv,2026-09-28
00-0035956,Giovanni Ricci,2022,CAR,TE,11,825000,False,SFA,Veteran deal,2022,0,0,0,0,0,8,100,0,,,,3.74229111918413,0,0,9,0,0,0,0,0,427,825000,825000,https://overthecap.com/player/giovanni-ricci/9192/,https://github.com/nflverse/nflverse-data/releases/download/stats_player/stats_player_reg_2022.csv,2026-09-28
00-0037086,Grant Calcaterra,2022,PHI,TE,6,958535,False,Drafted,Rookie deal,2022,0,0,0,0,0,5,81,0,,,,2.07799670603474,0,0,9,0,0,0,0,0,505,748535,879140,https://overthecap.com/player/grant-calcaterra/10243/,https://github.com/nflverse/nflverse-data/releases/download/stats_player/stats_player_reg_2022.csv,2026-09-28
00-0037252,Greg Dulcich,2022,DEN,TE,10,1314785,False,Drafted,Rookie deal,2022,0,0,0,0,0,33,411,2,,,,0.468308218268524,0,0,55,0,0,0,0,0,541,849262,1602883,https://overthecap.com/player/greg-dulcich/10125/,https://github.com/nflverse/nflverse-data/releases/download/stats_player/stats_player_reg_2022.csv,2026-09-28
00-0036232,Harrison Bryant,2022,CLE,TE,14,1016008,False,Drafted,Rookie deal,2020,0,0,0,8,0,31,239,1,,,0.913424525526352,2.87887640244594,0,0,42,1,0,0,0,0,507,1087258,895000,https://overthecap.com/player/harrison-bryant/8855/,https://github.com/nflverse/nflverse-data/releases/download/stats_player/stats_player_reg_2022.csv,2026-09-28
00-0034830,Hayden Hurst,2022,CIN,TE,13,3500000,False,UFA,Veteran deal,2022,0,0,0,0,0,52,414,2,,,,20.734153085927,0,0,68,0,0,0,0,0,594,3476466,3601471,https://overthecap.com/player/hayden-hurst/6910/,https://github.com/nflverse/nflverse-data/releases/download/stats_player/stats_player_reg_2022.csv,2026-09-28
00-0033090,Hunter Henry,2022,NE,TE,16,12500000,False,UFA,Veteran deal,2021,0,0,0,0,0,41,509,2,,,,13.6645983299493,0,0,59,0,0,0,0,0,518,15000000,10000000,https://overthecap.com/player/hunter-henry/4748/,https://github.com/nflverse/nflverse-data/releases/download/stats_player/stats_player_reg_2022.csv,2026-09-28
00-0037004,Hunter Long,2022,MIA,TE,1,1242174,False,Drafted,Rookie deal,2021,0,0,0,0,0,0,0,0,,,,,0,0,0,0,0,0,0,0,562,1129249,885850,https://overthecap.com/player/hunter-long/9545/,https://github.com/nflverse/nflverse-data/releases/download/stats_player/stats_player_reg_2022.csv,2026-09-28
00-0034365,Ian Thomas,2022,CAR,TE,13,5650000,False,UFA,Veteran deal,2022,0,0,0,0,0,21,197,0,,,,4.00833711001906,0,0,30,0,0,0,0,0,427,3101666,6435000,https://overthecap.com/player/ian-thomas/6986/,https://github.com/nflverse/nflverse-data/releases/download/stats_player/stats_player_reg_2022.csv,2026-09-28
00-0034970,Irv Smith,2022,MIN,TE,8,1449611,False,Drafted,Rookie deal,2019,0,0,0,0,0,25,182,2,,,,-4.3309190620181,0,0,36,0,0,0,0,0,641,1844960,1285698,https://overthecap.com/player/irv-smith-jr/7841/,https://github.com/nflverse/nflverse-data/releases/download/stats_player/stats_player_reg_2022.csv,2026-09-28
00-0037838,Isaiah Likely,2022,BAL,TE,14,1041084,False,Drafted,Rookie deal,2022,0,0,0,0,0,36,373,3,,,,-5.35323245686544,0,0,60,0,0,0,0,0,465,831084,1209336,https://overthecap.com/player/isaiah-likely/10184/,https://github.com/nflverse/nflverse-data/releases/download/stats_player/stats_player_reg_2022.csv,2026-09-28
00-0032986,J.P. Holtz,2022,NO,TE,1,965000,False,SFA,Veteran deal,2022,0,0,0,0,0,0,0,0,,,,,0,0,0,0,0,0,0,0,493,155611,155611,https://overthecap.com/player/j-p-holtz/5166/,https://github.com/nflverse/nflverse-data/releases/download/stats_player/stats_player_reg_2022.csv,2026-09-28
00-0036741,Jack Stoll,2022,PHI,TE,9,815833,False,UDFA,Rookie deal,2021,0,0,0,0,0,11,123,0,,,,7.91232904131175,0,0,14,0,0,0,0,0,505,832500,825000,https://overthecap.com/player/jack-stoll/9857/,https://github.com/nflverse/nflverse-data/releases/download/stats_player/stats_player_reg_2022.csv,2026-09-28
00-0038041,Jake Ferguson,2022,DAL,TE,11,1091220,False,Drafted,Rookie deal,2022,0,0,0,0,0,19,174,2,,,,7.89027564482676,0,0,22,0,0,0,0,0,545,881220,1409880,https://overthecap.com/player/jake-ferguson/10174/,https://github.com/nflverse/nflverse-data/releases/download/stats_player/stats_player_reg_2022.csv,2026-09-28
00-0037112,Jake Tonges,2022,CHI,TE,1,855667,False,UDFA,Rookie deal,2022,0,0,0,0,0,0,0,0,,,,-0.568823910318315,0,0,1,0,0,0,0,0,359,131167,131167,https://overthecap.com/player/jake-tonges/10357/,https://github.com/nflverse/nflverse-data/releases/download/stats_player/stats_player_reg_2022.csv,2026-09-28
00-0037282,James Mitchell,2022,DET,TE,8,975639,False,Drafted,Rookie deal,2022,0,0,0,0,0,11,113,1,,,,10.0097318876651,0,0,11,0,0,0,0,0,563,765639,947556,https://overthecap.com/player/james-mitchell/10222/,https://github.com/nflverse/nflverse-data/releases/download/stats_player/stats_player_reg_2022.csv,2026-09-28
00-0035787,Jared Pinkney,2022,LA,TE,1,882500,False,SFA,Veteran deal,2022,0,0,0,0,0,0,0,0,,,,,0,0,0,0,0,0,0,0,517,45833,45833,https://overthecap.com/player/jared-pinkney/9011/,https://github.com/nflverse/nflverse-data/releases/download/stats_player/stats_player_reg_2022.csv,2026-09-28
00-0037755,Jelani Woods,2022,IND,TE,12,1343121,False,Drafted,Rookie deal,2022,0,0,0,0,0,25,312,3,,,,5.26930553267541,0,0,40,0,0,0,0,0,579,976815,1792260,https://overthecap.com/player/jelani-woods/10118/,https://github.com/nflverse/nflverse-data/releases/download/stats_player/stats_player_reg_2022.csv,2026-09-28
00-0035562,Jesper Horsted,2022,LV,TE,5,895000,False,SFA,Veteran deal,2022,0,0,0,0,0,3,19,0,,,,0.0266837113304064,0,0,4,0,0,0,0,0,558,895000,895000,https://overthecap.com/player/jesper-horsted/8536/,https://github.com/nflverse/nflverse-data/releases/download/stats_player/stats_player_reg_2022.csv,2026-09-28
00-0033246,Johnny Mundt,2022,MIN,TE,13,1207500,False,UFA,Veteran deal,2022,0,0,0,0,0,19,140,1,,,,5.40324055960347,0,0,21,0,0,0,0,0,641,1185000,1285000,https://overthecap.com/player/johnny-mundt/5857/,https://github.com/nflverse/nflverse-data/releases/download/stats_player/stats_player_reg_2022.csv,2026-09-28
00-0033858,Jonnu Smith,2022,NE,TE,12,12500000,False,UFA,Veteran deal,2021,0,0,0,5,0,27,245,0,,,0.702998928492889,0.540843721188139,0,0,38,1,0,0,0,0,518,8381176,9823529,https://overthecap.com/player/jonnu-smith/5686/,https://github.com/nflverse/nflverse-data/releases/download/stats_player/stats_player_reg_2022.csv,2026-09-28
00-0034364,Jordan Akins,2022,HOU,TE,15,1035000,False,SFA,Veteran deal,2022,0,0,0,0,0,37,495,5,,,,21.4638101540334,0,0,54,0,0,0,0,1,558,646389,747500,https://overthecap.com/player/jordan-akins/6983/,https://github.com/nflverse/nflverse-data/releases/download/stats_player/stats_player_reg_2022.csv,2026-09-28
00-0035547,Joseph Fortson,2022,KC,TE,10,825000,False,ERFA,Veteran deal,2022,0,0,0,0,0,9,108,2,,,,8.23036413447699,0,0,13,0,0,0,0,0,614,825000,825000,https://overthecap.com/player/jody-fortson/8560/,https://github.com/nflverse/nflverse-data/releases/download/stats_player/stats_player_reg_2022.csv,2026-09-28
00-0035249,Josh Oliver,2022,BAL,TE,12,1062711,False,Drafted,Rookie deal,2019,0,0,0,0,0,14,149,2,,,,4.88933500568735,0,0,25,0,0,0,0,0,465,1074660,1074660,https://overthecap.com/player/josh-oliver/7860/,https://github.com/nflverse/nflverse-data/releases/download/stats_player/stats_player_reg_2022.csv,2026-09-28
00-0036332,Josiah Deguara,2022,GB,TE,9,1104921,False,Drafted,Rookie deal,2020,0,0,0,0,0,13,114,0,,,,3.47468572348589,0,0,15,0,0,0,0,0,540,1217367,1000500,https://overthecap.com/player/josiah-deguara/8834/,https://github.com/nflverse/nflverse-data/releases/download/stats_player/stats_player_reg_2022.csv,2026-09-28
00-0036040,Juwan Johnson,2022,NO,TE,16,895000,False,ERFA,Veteran deal,2022,0,0,0,0,0,42,508,7,,,,15.7723026466218,0,0,65,0,0,0,0,0,493,895000,895000,https://overthecap.com/player/juwan-johnson/9380/,https://github.com/nflverse/nflverse-data/releases/download/stats_player/stats_player_reg_2022.csv,2026-09-28
00-0036510,Kenny Yeboah,2022,NYJ,TE,3,907500,False,SFA,Veteran deal,2022,0,0,0,0,0,0,0,0,,,,,0,0,0,0,0,0,0,0,588,483333,508333,https://overthecap.com/player/kenny-yeboah/9746/,https://github.com/nflverse/nflverse-data/releases/download/stats_player/stats_player_reg_2022.csv,2026-09-28
00-0034193,Kevin Rader,2022,TEN,TE,6,952500,False,SFA,Veteran deal,2022,0,0,0,0,0,0,0,0,,,,,0,0,0,0,0,0,0,0,436,795556,795556,https://overthecap.com/player/kevin-rader/7450/,https://github.com/nflverse/nflverse-data/releases/download/stats_player/stats_player_reg_2022.csv,2026-09-28
00-0037311,Ko Kieft,2022,TB,TE,13,948003,False,Drafted,Rookie deal,2022,0,0,0,0,0,7,80,1,,,,4.61777849763166,0,0,10,0,0,0,0,0,724,738003,837012,https://overthecap.com/player/ko-kieft/10263/,https://github.com/nflverse/nflverse-data/releases/download/stats_player/stats_player_reg_2022.csv,2026-09-28
00-0036970,Kyle Pitts,2022,ATL,TE,10,8227624,False,Drafted,Rookie deal,2021,0,0,0,0,0,28,356,2,,,,3.37759456088543,0,0,59,0,0,0,0,0,400,7479658,2155932,https://overthecap.com/player/kyle-pitts/9468/,https://github.com/nflverse/nflverse-data/releases/download/stats_player/stats_player_reg_2022.csv,2026-09-28
00-0027981,Kyle Rudolph,2022,TB,TE,5,2000000,False,SFA,Veteran deal,2022,0,0,0,0,0,3,28,1,,,,1.93921699817292,0,0,5,0,0,0,0,0,724,2000000,2000000,https://overthecap.com/player/kyle-rudolph/1789/,https://github.com/nflverse/nflverse-data/releases/download/stats_player/stats_player_reg_2022.csv,2026-09-28
00-0036876,Kylen Granson,2022,IND,TE,13,1046591,False,Drafted,Rookie deal,2021,0,0,0,0,0,31,302,0,,,-1.75257886340842,-0.723911449607687,0,0,40,1,0,0,0,0,579,1001591,825000,https://overthecap.com/player/kylen-granson/9591/,https://github.com/nflverse/nflverse-data/releases/download/stats_player/stats_player_reg_2022.csv,2026-09-28
00-0036887,Luke Farrell,2022,JAX,TE,4,959505,False,Drafted,Rookie deal,2021,0,0,0,0,0,4,40,0,,,,-0.689349707274232,0,0,4,0,0,0,0,0,574,914505,825000,https://overthecap.com/player/luke-farrell/9609/,https://github.com/nflverse/nflverse-data/releases/download/stats_player/stats_player_reg_2022.csv,2026-09-28
00-0024243,Marcedes Lewis,2022,GB,TE,6,4000000,False,UFA,Veteran deal,2021,0,0,0,0,0,6,66,2,,,,8.02059729948826,0,0,7,0,0,0,0,0,540,4525000,3950000,https://overthecap.com/player/marcedes-lewis/946/,https://github.com/nflverse/nflverse-data/releases/download/stats_player/stats_player_reg_2022.csv,2026-09-28
00-0034753,Mark Andrews,2022,BAL,TE,15,14000000,False,Extension,Veteran deal,2021,0,0,0,8,0,73,847,5,,,3.92259334563278,25.1884541858237,0,0,113,3,0,0,0,0,465,9657611,19250000,https://overthecap.com/player/mark-andrews/6971/,https://github.com/nflverse/nflverse-data/releases/download/stats_player/stats_player_reg_2022.csv,2026-09-28
00-0033798,Mason Schreck,2022,HOU,TE,2,965000,False,SFA,Veteran deal,2022,0,0,0,0,0,2,6,0,,,,-0.655501033295877,0,0,2,0,0,0,0,0,558,459333,459333,https://overthecap.com/player/mason-schreck/5837/,https://github.com/nflverse/nflverse-data/releases/download/stats_player/stats_player_reg_2022.csv,2026-09-28
00-0031558,Maxx Williams,2022,ARI,TE,3,1120000,False,SFA,Veteran deal,2022,0,0,0,0,0,3,18,0,,,,0.730635493062437,0,0,3,0,0,0,0,0,635,198889,248889,https://overthecap.com/player/maxx-williams/3903/,https://github.com/nflverse/nflverse-data/releases/download/stats_player/stats_player_reg_2022.csv,2026-09-28
00-0034829,Mike Gesicki,2022,MIA,TE,17,10931000,False,Franchise,Veteran deal,2022,0,0,0,0,0,32,362,5,,,,2.02874509845882,0,0,52,0,0,0,0,0,562,10931000,10931000,https://overthecap.com/player/mike-gesicki/6927/,https://github.com/nflverse/nflverse-data/releases/download/stats_player/stats_player_reg_2022.csv,2026-09-28
00-0036692,Miller Forristall,2022,CLE,TE,1,825000,False,SFA,Veteran deal,2022,0,0,0,0,0,0,0,0,,,,-0.508618170628324,0,0,1,0,0,0,0,0,507,218166,218166,https://overthecap.com/player/miller-forristall/9792/,https://github.com/nflverse/nflverse-data/releases/download/stats_player/stats_player_reg_2022.csv,2026-09-28
00-0035771,Mitchell Wilcox,2022,CIN,TE,9,825000,False,ERFA,Veteran deal,2022,0,0,0,0,0,17,139,1,,,,9.27211341192015,0,0,18,0,0,0,0,0,594,825000,825000,https://overthecap.com/player/mitchell-wilcox/9108/,https://github.com/nflverse/nflverse-data/releases/download/stats_player/stats_player_reg_2022.csv,2026-09-28
00-0033217,Mo Alie-Cox,2022,IND,TE,14,5850000,False,UFA,Veteran deal,2022,0,0,0,0,0,19,189,3,,,,-1.58543802159306,0,0,28,0,0,0,0,1,579,6320000,6320000,https://overthecap.com/player/mo-alie-cox/5618/,https://github.com/nflverse/nflverse-data/releases/download/stats_player/stats_player_reg_2022.csv,2026-09-28
00-0031585,MyCole Pruitt,2022,ATL,TE,10,1035000,False,SFA,Veteran deal,2022,0,0,0,0,0,16,150,4,,,,8.15061607002281,0,0,21,0,0,0,0,0,400,596667,690000,https://overthecap.com/player/mycole-pruitt/3991/,https://github.com/nflverse/nflverse-data/releases/download/stats_player/stats_player_reg_2022.csv,2026-09-28
00-0035624,N'Keal Harry,2022,CHI,TE,6,2524587,False,Drafted,Rookie deal,2019,0,0,0,0,0,7,116,1,,,,8.58423115295591,0,0,9,0,0,0,0,0,359,1872048,1872048,https://overthecap.com/player/nkeal-harry/7823/,https://github.com/nflverse/nflverse-data/releases/download/stats_player/stats_player_reg_2022.csv,2026-09-28
00-0037031,Nikola Kalinic,2022,IND,TE,1,787500,False,SFA,Veteran deal,2022,0,0,0,0,0,0,0,0,,,,,0,0,0,0,0,0,0,0,579,156667,156667,https://overthecap.com/player/nikola-kalinic/10041/,https://github.com/nflverse/nflverse-data/releases/download/stats_player/stats_player_reg_2022.csv,2026-09-28
00-0035644,Noah Fant,2022,SEA,TE,17,3147681,False,Drafted,Rookie deal,2019,0,0,0,0,0,50,486,4,,,,19.0903641065269,0,0,63,0,0,0,0,0,553,2211918,2211918,https://overthecap.com/player/noah-fant/7811/,https://github.com/nflverse/nflverse-data/releases/download/stats_player/stats_player_reg_2022.csv,2026-09-28
00-0036637,Noah Gray,2022,KC,TE,17,948445,False,Drafted,Rookie deal,2021,0,0,0,1,1,28,299,1,,,1.45463511979324,12.9843521690054,0,0,34,1,0,0,0,0,614,903445,825000,https://overthecap.com/player/noah-gray/9626/,https://github.com/nflverse/nflverse-data/releases/download/stats_player/stats_player_reg_2022.csv,2026-09-28
00-0036005,Noah Togiai,2022,PHI,TE,1,850000,False,SFA,Veteran deal,2022,0,0,0,0,0,0,0,0,,,,-0.640563539229333,0,0,1,0,0,0,0,0,505,275667,275667,https://overthecap.com/player/noah-togiai/9121/,https://github.com/nflverse/nflverse-data/releases/download/stats_player/stats_player_reg_2022.csv,2026-09-28
00-0033879,O.J. Howard,2022,HOU,TE,11,1035000,False,SFA,Veteran deal,2022,0,0,0,0,0,10,145,2,,,,-2.04302322440495,0,0,23,0,0,0,0,0,558,1035000,1035000,https://overthecap.com/player/o-j-howard/5603/,https://github.com/nflverse/nflverse-data/releases/download/stats_player/stats_player_reg_2022.csv,2026-09-28
00-0035572,Parker Hesse,2022,ATL,TE,12,742500,False,SFA,Veteran deal,2021,0,0,0,0,0,9,89,0,,,,8.56791393418098,0,0,11,0,0,0,0,0,400,825000,825000,https://overthecap.com/player/parker-hesse/8516/,https://github.com/nflverse/nflverse-data/releases/download/stats_player/stats_player_reg_2022.csv,2026-09-28
00-0036894,Pat Freiermuth,2022,PIT,TE,15,1507045,False,Drafted,Rookie deal,2021,0,0,0,0,0,63,732,2,,,,8.8904478765043,0,0,98,0,0,0,0,0,548,1370041,934008,https://overthecap.com/player/pat-freiermuth/9519/,https://github.com/nflverse/nflverse-data/releases/download/stats_player/stats_player_reg_2022.csv,2026-09-28
00-0037569,Peyton Hendershot,2022,DAL,TE,12,858333,False,UDFA,Rookie deal,2022,0,0,0,2,1,11,103,2,,,1.13259516889229,-3.1800049560843,0,0,16,1,0,0,0,0,545,710000,720000,https://overthecap.com/player/peyton-hendershot/10436/,https://github.com/nflverse/nflverse-data/releases/download/stats_player/stats_player_reg_2022.csv,2026-09-28
00-0036590,Quintin Morris,2022,BUF,TE,9,787500,False,SFA,Veteran deal,2022,0,0,0,0,0,8,84,1,,,,-0.155838972827725,0,0,11,0,0,0,0,1,551,705000,705000,https://overthecap.com/player/quintin-morris/9733/,https://github.com/nflverse/nflverse-data/releases/download/stats_player/stats_player_reg_2022.csv,2026-09-28
00-0031384,Richard Rodgers,2022,LAC,TE,3,1120000,False,SFA,Veteran deal,2022,0,0,0,0,0,1,4,0,,,,-2.89015699896845,0,0,4,0,0,0,0,0,687,630555,783333,https://overthecap.com/player/richard-rodgers/3037/,https://github.com/nflverse/nflverse-data/releases/download/stats_player/stats_player_reg_2022.csv,2026-09-28
00-0033757,Robert Tonyan,2022,GB,TE,17,3750000,False,UFA,Veteran deal,2022,0,0,0,0,0,53,470,2,,,,3.86189426366495,0,0,67,0,0,0,0,0,540,3250000,3750000,https://overthecap.com/player/robert-tonyan/6223/,https://github.com/nflverse/nflverse-data/releases/download/stats_player/stats_player_reg_2022.csv,2026-09-28
00-0034073,Ross Dwelley,2022,SF,TE,5,1035000,False,UFA,Veteran deal,2022,0,0,0,0,0,3,105,1,,,,8.34284901770297,0,0,5,0,0,0,0,0,504,1047500,1035000,https://overthecap.com/player/ross-dwelley/7561/,https://github.com/nflverse/nflverse-data/releases/download/stats_player/stats_player_reg_2022.csv,2026-09-28
00-0030108,Ryan Griffin,2022,CHI,TE,10,2250000,False,SFA,Veteran deal,2022,0,0,0,0,0,4,26,0,,,,-7.94431960530346,0,0,8,0,0,0,0,0,359,2220588,2220588,https://overthecap.com/player/ryan-griffin/2400/,https://github.com/nflverse/nflverse-data/releases/download/stats_player/stats_player_reg_2022.csv,2026-09-28
00-0036032,Sean McKeon,2022,DAL,TE,3,952500,False,SFA,Veteran deal,2022,0,0,0,0,0,2,11,0,,,,0.150237990892492,0,0,3,0,0,0,0,0,545,546944,546944,https://overthecap.com/player/sean-mckeon/9341/,https://github.com/nflverse/nflverse-data/releases/download/stats_player/stats_player_reg_2022.csv,2026-09-28
00-0036534,Shane Zylstra,2022,DET,TE,8,825000,False,SFA,Veteran deal,2022,0,0,0,0,0,11,60,4,,,,3.43599681125488,0,0,15,0,0,0,0,0,563,412500,412500,https://overthecap.com/player/shane-zylstra/9984/,https://github.com/nflverse/nflverse-data/releases/download/stats_player/stats_player_reg_2022.csv,2026-09-28
00-0032725,Stephen Anderson,2022,ARI,TE,9,1167005,False,SFA,Veteran deal,2022,0,0,0,0,0,3,9,0,,,,-3.2955367397517,0,0,7,0,0,0,0,0,635,1027005,1167005,https://overthecap.com/player/stephen-anderson/5264/,https://github.com/nflverse/nflverse-data/releases/download/stats_player/stats_player_reg_2022.csv,2026-09-28
00-0036438,Stephen Sullivan,2022,CAR,TE,8,742500,False,SFA,Veteran deal,2021,0,0,0,0,0,2,46,0,,,,-2.45858359779231,0,0,6,0,0,0,0,0,427,825000,825000,https://overthecap.com/player/stephen-sullivan/8991/,https://github.com/nflverse/nflverse-data/releases/download/stats_player/stats_player_reg_2022.csv,2026-09-28
00-0037475,Stone Smartt,2022,LAC,TE,3,855000,False,UDFA,Rookie deal,2022,0,0,0,0,0,4,17,0,,,,-0.400831583421677,0,0,5,0,0,0,0,0,687,429999,433333,https://overthecap.com/player/stone-smartt/10559/,https://github.com/nflverse/nflverse-data/releases/download/stats_player/stats_player_reg_2022.csv,2026-09-28
00-0037348,Tanner Conner,2022,MIA,TE,2,855000,False,UDFA,Rookie deal,2022,0,0,0,0,0,0,0,0,,,,-2.65954570833128,0,0,3,0,0,0,0,0,562,706666,710000,https://overthecap.com/player/tanner-conner/10426/,https://github.com/nflverse/nflverse-data/releases/download/stats_player/stats_player_reg_2022.csv,2026-09-28
00-0033357,Taysom Hill,2022,NO,TE,16,10000000,False,Extension,Veteran deal,2021,240,2,0,575,7,9,77,2,12.5861815645576,10.2439315782653,18.0372638438648,2.59540246185119,19,2,13,96,13,0,0,0,493,5125000,10100000,https://overthecap.com/player/taysom-hill/6047/,https://github.com/nflverse/nflverse-data/releases/download/stats_player/stats_player_reg_2022.csv,2026-09-28
00-0037277,Teagan Quitoriano,2022,HOU,TE,7,989037,False,Drafted,Rookie deal,2022,0,0,0,0,0,7,113,2,,,,2.19629392161733,0,0,14,0,0,0,0,0,558,656815,878926,https://overthecap.com/player/teagan-quitoriano/10215/,https://github.com/nflverse/nflverse-data/releases/download/stats_player/stats_player_reg_2022.csv,2026-09-28
00-0035308,Tommy Sweeney,2022,BUF,TE,2,654138,False,Drafted,Rookie deal,2019,0,0,0,0,0,1,7,0,,,,0.801076786592603,0,0,1,0,0,0,0,0,551,989138,965000,https://overthecap.com/player/tommy-sweeney/8019/,https://github.com/nflverse/nflverse-data/releases/download/stats_player/stats_player_reg_2022.csv,2026-09-28
00-0037005,Tommy Tremble,2022,CAR,TE,15,1231609,False,Drafted,Rookie deal,2021,0,0,0,0,0,19,174,3,,,,-1.67489255430365,0,0,32,0,0,0,0,0,427,1119644,883929,https://overthecap.com/player/tommy-tremble/9547/,https://github.com/nflverse/nflverse-data/releases/download/stats_player/stats_player_reg_2022.csv,2026-09-28
00-0030506,Travis Kelce,2022,KC,TE,17,14312500,False,Extension,Veteran deal,2020,0,0,0,5,0,110,1338,12,,,0.488659705966711,66.0368867063753,0,0,152,2,0,0,0,1,614,8444118,10500000,https://overthecap.com/player/travis-kelce/2216/,https://github.com/nflverse/nflverse-data/releases/download/stats_player/stats_player_reg_2022.csv,2026-09-28
00-0037011,Tre' McKitty,2022,LAC,TE,13,1180808,False,Drafted,Rookie deal,2021,0,0,0,0,0,10,72,0,,,,-5.63428664411185,0,0,18,0,0,0,0,0,687,1087693,877539,https://overthecap.com/player/tre-mckitty/9561/,https://github.com/nflverse/nflverse-data/releases/download/stats_player/stats_player_reg_2022.csv,2026-09-28
00-0035259,Trevon Wesco,2022,CHI,TE,6,806643,False,Drafted,Rookie deal,2019,0,0,0,0,0,2,26,0,,,,0.726653474019375,0,0,4,0,0,0,0,0,359,965000,965000,https://overthecap.com/player/trevon-wesco/7912/,https://github.com/nflverse/nflverse-data/releases/download/stats_player/stats_player_reg_2022.csv,2026-09-28
00-0037744,Trey McBride,2022,ARI,TE,12,1574915,False,Drafted,Rookie deal,2022,0,0,0,0,0,29,265,1,,,,7.69660834708663,0,0,39,0,0,0,0,0,635,1145393,2466572,https://overthecap.com/player/trey-mcbride/10100/,https://github.com/nflverse/nflverse-data/releases/download/stats_player/stats_player_reg_2022.csv,2026-09-28
00-0034270,Tyler Conklin,2022,NYJ,TE,17,6750000,False,UFA,Veteran deal,2022,0,0,0,3,0,58,552,3,,,1.25727219463442,2.41530211715486,0,0,87,2,0,0,0,0,588,3623333,7000000,https://overthecap.com/player/tyler-conklin/7042/,https://github.com/nflverse/nflverse-data/releases/download/stats_player/stats_player_reg_2022.csv,2026-09-28
00-0036250,Tyler Davis,2022,GB,TE,11,837500,False,SFA,Veteran deal,2021,0,0,0,0,0,4,26,0,,,,-6.44503223802894,0,0,7,0,0,0,0,0,540,895000,895000,https://overthecap.com/player/tyler-davis/4692/,https://github.com/nflverse/nflverse-data/releases/download/stats_player/stats_player_reg_2022.csv,2026-09-28
00-0033110,Tyler Higbee,2022,LA,TE,16,7250000,False,Extension,Veteran deal,2019,0,0,0,0,0,72,620,3,,,,4.88517885854043,0,0,108,0,0,0,0,0,517,4250000,6750000,https://overthecap.com/player/tyler-higbee/4823/,https://github.com/nflverse/nflverse-data/releases/download/stats_player/stats_player_reg_2022.csv,2026-09-28
00-0032214,Tyler Kroft,2022,SF,TE,6,1195000,False,SFA,Veteran deal,2022,0,0,0,0,0,4,57,0,,,,2.7225315925898,0,0,5,0,0,0,0,0,504,970000,1195000,https://overthecap.com/player/tyler-kroft/3933/,https://github.com/nflverse/nflverse-data/releases/download/stats_player/stats_player_reg_2022.csv,2026-09-28
00-0036059,Tyler Mabry,2022,SEA,TE,1,847500,False,SFA,Veteran deal,2022,0,0,0,0,0,1,7,1,,,,1.96141375257866,0,0,1,0,0,0,0,0,553,45833,45833,https://overthecap.com/player/tyler-mabry/9243/,https://github.com/nflverse/nflverse-data/releases/download/stats_player/stats_player_reg_2022.csv,2026-09-28
00-0035356,Tyree Jackson,2022,PHI,TE,2,755100,False,SFA,Veteran deal,2021,0,0,0,0,0,0,0,0,,,,,0,0,0,0,0,0,0,0,505,570377,557777,https://overthecap.com/player/tyree-jackson/8398/,https://github.com/nflverse/nflverse-data/releases/download/stats_player/stats_player_reg_2022.csv,2026-09-28
00-0034159,Will Dissly,2022,SEA,TE,15,8000000,False,UFA,Veteran deal,2022,0,0,0,0,0,34,349,3,,,,26.3880541743711,0,0,38,0,0,0,0,0,553,4590000,10790000,https://overthecap.com/player/will-dissly/7005/,https://github.com/nflverse/nflverse-data/releases/download/stats_player/stats_player_reg_2022.csv,2026-09-28
00-0030061,Zach Ertz,2022,ARI,TE,10,10550000,False,UFA,Veteran deal,2022,0,0,0,0,0,47,406,4,,,,8.38092835441003,0,0,69,0,0,0,0,0,635,4750000,10647059,https://overthecap.com/player/zach-ertz/112/,https://github.com/nflverse/nflverse-data/releases/download/stats_player/stats_player_reg_2022.csv,2026-09-28
00-0035222,Zach Gentry,2022,PIT,TE,14,716115,False,Drafted,Rookie deal,2019,0,0,0,0,0,19,132,0,,,,-1.43605841651222,0,0,23,0,0,0,0,0,548,1051115,965000,https://overthecap.com/player/zach-gentry/7932/,https://github.com/nflverse/nflverse-data/releases/download/stats_player/stats_player_reg_2022.csv,2026-09-28
00-0035676,A.J. Brown,2022,PHI,WR,17,25000000,False,Extension,Veteran deal,2022,0,0,0,0,0,88,1496,11,,,,55.8700271384892,0,0,145,0,0,0,0,2,505,5680894,24220471,https://overthecap.com/player/a-j-brown/7842/,https://github.com/nflverse/nflverse-data/releases/download/stats_player/stats_player_reg_2022.csv,2026-09-28
00-0027942,A.J. Green,2022,ARI,WR,13,3500000,False,UFA,Veteran deal,2022,0,0,0,0,0,24,236,2,,,,-17.9669225130703,0,0,47,0,0,0,0,0,635,2217254,3500000,https://overthecap.com/player/a-j-green/156/,https://github.com/nflverse/nflverse-data/releases/download/stats_player/stats_player_reg_2022.csv,2026-09-28
00-0030035,Adam Thielen,2022,MIN,WR,17,14892353,False,Other,Unknown,2022,0,0,0,4,0,70,716,6,,,-0.133523523807526,11.1843833402581,0,0,107,1,0,0,0,0,641,11903529,14353529,https://overthecap.com/player/adam-thielen/2766/,https://github.com/nflverse/nflverse-data/releases/download/stats_player/stats_player_reg_2022.csv,2026-09-28
00-0037664,Alec Pierce,2022,IND,WR,16,1650336,False,Drafted,Rookie deal,2022,0,0,0,0,0,41,593,2,,,,19.4288318037164,0,0,78,0,0,0,0,0,579,1200244,2685976,https://overthecap.com/player/alec-pierce/10098/,https://github.com/nflverse/nflverse-data/releases/download/stats_player/stats_player_reg_2022.csv,2026-09-28
00-0032543,Alex Erickson,2022,WAS,WR,2,1035000,False,SFA,Veteran deal,2022,0,0,0,0,0,0,0,0,,,,,0,0,0,0,0,0,0,0,531,417844,433400,https://overthecap.com/player/alex-erickson/5255/,https://github.com/nflverse/nflverse-data/releases/download/stats_player/stats_player_reg_2022.csv,2026-09-28
00-0034521,Allen Lazard,2022,GB,WR,15,3986000,False,RFA,Veteran deal,2022,0,0,0,0,0,60,788,6,,,-4.00390181038529,11.3112007338773,0,0,100,2,0,0,0,0,540,3986000,3986000,https://overthecap.com/player/allen-lazard/7167/,https://github.com/nflverse/nflverse-data/releases/download/stats_player/stats_player_reg_2022.csv,2026-09-28
00-0031428,Allen Robinson,2022,LA,WR,10,15500000,False,UFA,Veteran deal,2022,0,0,0,0,0,33,339,3,,,,9.00320497282046,0,0,52,0,0,0,0,0,517,4300000,15500000,https://overthecap.com/player/allen-robinson/3000/,https://github.com/nflverse/nflverse-data/releases/download/stats_player/stats_player_reg_2022.csv,2026-09-28
00-0031544,Amari Cooper,2022,CLE,WR,17,20000000,False,UFA,Veteran deal,2020,0,0,1,0,0,78,1160,9,-4.98050244455226,-43.0770337581635,,52.5179870408271,1,0,132,0,0,0,0,0,507,4896000,20000000,https://overthecap.com/player/amari-cooper/3852/,https://github.com/nflverse/nflverse-data/releases/download/stats_player/stats_player_reg_2022.csv,2026-09-28
00-0036963,Amon-Ra St. Brown,2022,DET,WR,16,1066315,False,Drafted,Rookie deal,2021,0,0,0,95,0,106,1161,6,,,4.85691128257895,57.1900987980576,0,0,146,9,0,0,0,0,563,1021315,825000,https://overthecap.com/player/amon-ra-st-brown/9576/,https://github.com/nflverse/nflverse-data/releases/download/stats_player/stats_player_reg_2022.csv,2026-09-28
00-0035876,Andre Baccellia,2022,ARI,WR,5,787500,False,SFA,Veteran deal,2022,0,0,0,0,0,7,45,0,,,,1.42709800039593,0,0,10,0,0,0,0,0,635,78333,78333,https://overthecap.com/player/andre-baccellia/9056/,https://github.com/nflverse/nflverse-data/releases/download/stats_player/stats_player_reg_2022.csv,2026-09-28
00-0027691,Andre Roberts,2022,CAR,WR,3,1750000,False,SFA,Veteran deal,2022,0,0,0,0,0,0,0,0,,,,,0,0,0,0,0,0,0,0,427,1750000,1750000,https://overthecap.com/player/andre-roberts/378/,https://github.com/nflverse/nflverse-data/releases/download/stats_player/stats_player_reg_2022.csv,2026-09-28
00-0036999,Anthony Schwartz,2022,CLE,WR,7,1215757,False,Drafted,Rookie deal,2021,0,0,0,57,1,4,51,0,,,4.00902184611186,-7.99063903058413,0,0,10,4,0,0,0,1,507,1105233,881047,https://overthecap.com/player/anthony-schwartz/9555/,https://github.com/nflverse/nflverse-data/releases/download/stats_player/stats_player_reg_2022.csv,2026-09-28
00-0035021,Ashton Dulin,2022,IND,WR,10,2433000,False,RFA,Veteran deal,2022,0,0,0,8,0,15,207,1,,,0.343437358504161,8.30038729403168,0,0,22,2,0,0,0,0,579,2433000,2433000,https://overthecap.com/player/ashton-dulin/8178/,https://github.com/nflverse/nflverse-data/releases/download/stats_player/stats_player_reg_2022.csv,2026-09-28
00-0036841,Austin Trammell,2022,LA,WR,2,853333,False,SFA,Veteran deal,2022,0,0,0,0,0,2,13,0,,,,0.355528288171627,0,0,4,0,0,0,0,0,517,235000,235000,https://overthecap.com/player/austin-trammell/9908/,https://github.com/nflverse/nflverse-data/releases/download/stats_player/stats_player_reg_2022.csv,2026-09-28
00-0036862,Ben Skowronek,2022,LA,WR,14,891131,False,Drafted,Rookie deal,2021,0,0,0,17,1,39,376,0,,,1.9739484564634,-5.48861968162237,0,0,61,1,0,0,0,0,517,846131,825000,https://overthecap.com/player/bennett-skowronek/9713/,https://github.com/nflverse/nflverse-data/releases/download/stats_player/stats_player_reg_2022.csv,2026-09-28
00-0035819,Ben Victor,2022,BAL,WR,1,705000,False,SFA,Veteran deal,2022,0,0,0,0,0,0,0,0,,,,,0,0,0,0,0,0,0,0,465,57500,57500,https://overthecap.com/player/binjimen-victor/9024/,https://github.com/nflverse/nflverse-data/releases/download/stats_player/stats_player_reg_2022.csv,2026-09-28
00-0031236,Brandin Cooks,2022,HOU,WR,13,19882353,False,Extension,Veteran deal,2022,0,0,0,7,0,57,699,3,,,-0.502822368871421,5.04383546445063,0,0,93,2,0,0,0,0,558,9749847,18382353,https://overthecap.com/player/brandin-cooks/2959/,https://github.com/nflverse/nflverse-data/releases/download/stats_player/stats_player_reg_2022.csv,2026-09-28
00-0036261,Brandon Aiyuk,2022,SF,WR,17,3132838,False,Drafted,Rookie deal,2020,0,0,0,23,0,78,1015,8,,,1.52363281778526,41.961446469649,0,0,114,2,0,0,0,1,504,3417641,1749214,https://overthecap.com/player/brandon-aiyuk/8765/,https://github.com/nflverse/nflverse-data/releases/download/stats_player/stats_player_reg_2022.csv,2026-09-28
00-0037382,Brandon Johnson,2022,DEN,WR,5,853333,False,SFA,Veteran deal,2022,0,0,0,0,0,6,42,1,,,,-12.8798267293314,0,0,14,0,0,0,0,0,541,235000,235000,https://overthecap.com/player/brandon-johnson/10634/,https://github.com/nflverse/nflverse-data/releases/download/stats_player/stats_player_reg_2022.csv,2026-09-28
00-0034646,Brandon Powell,2022,LA,WR,17,1035000,False,UFA,Veteran deal,2022,0,0,0,80,0,24,156,0,,,1.57804832264083,0.102760001977351,0,0,32,17,0,0,0,0,517,895000,1035000,https://overthecap.com/player/brandon-powell/7434/,https://github.com/nflverse/nflverse-data/releases/download/stats_player/stats_player_reg_2022.csv,2026-09-28
00-0034419,Braxton Berrios,2022,NYJ,WR,17,6000000,False,UFA,Veteran deal,2022,2,1,0,91,2,18,145,0,1.18445269513177,45.9908246994019,6.21912650915328,-8.99909309379395,1,0,32,9,1,0,0,0,588,3767500,6500000,https://overthecap.com/player/braxton-berrios/7095/,https://github.com/nflverse/nflverse-data/releases/download/stats_player/stats_player_reg_2022.csv,2026-09-28
00-0037355,Braylon Sanders,2022,MIA,WR,2,858333,False,UDFA,Rookie deal,2022,0,0,0,0,0,2,17,0,,,,-5.94891308806837,0,0,3,0,0,0,0,1,562,290001,290001,https://overthecap.com/player/braylon-sanders/10506/,https://github.com/nflverse/nflverse-data/releases/download/stats_player/stats_player_reg_2022.csv,2026-09-28
00-0032054,Breshad Perriman,2022,TB,WR,8,1272500,False,UFA,Veteran deal,2022,0,0,0,-7,0,9,110,1,,,-3.58613551943563,-2.42569567066368,0,0,19,2,0,0,0,1,724,1047500,1272500,https://overthecap.com/player/breshad-perriman/3874/,https://github.com/nflverse/nflverse-data/releases/download/stats_player/stats_player_reg_2022.csv,2026-09-28
00-0037132,Britain Covey,2022,PHI,WR,17,787500,False,SFA,Veteran deal,2022,0,0,0,0,0,0,0,0,,,,,0,0,0,0,0,0,0,0,505,587500,587500,https://overthecap.com/player/britain-covey/10651/,https://github.com/nflverse/nflverse-data/releases/download/stats_player/stats_player_reg_2022.csv,2026-09-28
00-0034297,Byron Pringle,2022,CHI,WR,10,4125000,False,UFA,Veteran deal,2022,0,0,0,0,0,10,135,2,,,,8.89119672792731,0,0,16,0,0,0,0,0,359,4125000,4080882,https://overthecap.com/player/byron-pringle/7313/,https://github.com/nflverse/nflverse-data/releases/download/stats_player/stats_player_reg_2022.csv,2026-09-28
00-0033367,C.J. Board,2022,TEN,WR,4,965000,False,SFA,Veteran deal,2022,0,0,0,0,0,1,6,0,,,,0.208609085937496,0,0,1,0,0,0,0,0,436,326667,326667,https://overthecap.com/player/c-j-board/6027/,https://github.com/nflverse/nflverse-data/releases/download/stats_player/stats_player_reg_2022.csv,2026-09-28
00-0036810,Cade Johnson,2022,SEA,WR,2,705000,False,SFA,Veteran deal,2022,0,0,0,0,0,2,21,0,,,,-0.38909644249361,0,0,4,0,0,0,0,0,553,290001,290001,https://overthecap.com/player/cade-johnson/9977/,https://github.com/nflverse/nflverse-data/releases/download/stats_player/stats_player_reg_2022.csv,2026-09-28
00-0034104,Cam Sims,2022,WAS,WR,13,2590000,False,UFA,Veteran deal,2022,0,0,0,0,0,8,89,0,,,,-8.6037089949823,0,0,18,0,0,0,0,0,531,2590001,2590000,https://overthecap.com/player/cam-sims/7403/,https://github.com/nflverse/nflverse-data/releases/download/stats_player/stats_player_reg_2022.csv,2026-09-28
00-0034418,Cedrick Wilson Jr.,2022,MIA,WR,13,7350000,False,UFA,Veteran deal,2022,0,0,0,8,0,12,136,0,-1.25262371788267,,0.546419185353443,6.89787079661619,0,1,18,1,0,0,0,0,562,5750000,7750000,https://overthecap.com/player/cedrick-wilson-jr/7093/,https://github.com/nflverse/nflverse-data/releases/download/stats_player/stats_player_reg_2022.csv,2026-09-28
00-0036358,CeeDee Lamb,2022,DAL,WR,17,3502504,False,Drafted,Rookie deal,2020,0,0,0,47,0,107,1359,9,-0.947,,0.059724981605541,61.7970730131325,0,0,156,10,0,0,0,0,545,3820913,1883638,https://overthecap.com/player/ceedee-lamb/8757/,https://github.com/nflverse/nflverse-data/releases/download/stats_player/stats_player_reg_2022.csv,2026-09-28
00-0033921,Chris Godwin Jr.,2022,TB,WR,15,20000000,False,Franchise,Veteran deal,2022,0,0,0,5,0,104,1023,3,,,-1.50775450037327,29.7987295613035,0,0,142,3,0,0,0,2,724,5000000,20000000,https://overthecap.com/player/chris-godwin/5670/,https://github.com/nflverse/nflverse-data/releases/download/stats_player/stats_player_reg_2022.csv,2026-09-28
00-0032398,Chris Moore,2022,HOU,WR,15,1187500,False,UFA,Veteran deal,2022,0,0,0,3,0,48,548,2,,,-1.94801061437465,7.1283274100244,0,0,74,3,0,0,0,0,558,1047500,1187500,https://overthecap.com/player/chris-moore/4820/,https://github.com/nflverse/nflverse-data/releases/download/stats_player/stats_player_reg_2022.csv,2026-09-28
00-0037239,Chris Olave,2022,NO,WR,15,4817968,False,Drafted,Rookie deal,2022,0,0,0,0,0,72,1042,4,,,,24.8563499112709,0,0,119,0,0,0,0,2,493,3503977,11900908,https://overthecap.com/player/chris-olave/10056/,https://github.com/nflverse/nflverse-data/releases/download/stats_player/stats_player_reg_2022.csv,2026-09-28
00-0034775,Christian Kirk,2022,JAX,WR,17,18000000,False,UFA,Veteran deal,2022,0,0,0,11,0,84,1108,8,-0.326806403230876,-83.1943869590759,-0.831199138890952,31.9835959386592,1,0,133,5,0,0,0,1,574,7500000,24000000,https://overthecap.com/player/christian-kirk/6932/,https://github.com/nflverse/nflverse-data/releases/download/stats_player/stats_player_reg_2022.csv,2026-09-28
00-0038124,Christian Watson,2022,GB,WR,14,2310257,False,Drafted,Rookie deal,2022,0,0,0,80,2,41,611,7,,,6.64983983547427,30.7106019971287,0,0,66,7,0,0,0,0,540,1680186,4605744,https://overthecap.com/player/christian-watson/10079/,https://github.com/nflverse/nflverse-data/releases/download/stats_player/stats_player_reg_2022.csv,2026-09-28
00-0033386,Cody Hollister,2022,TEN,WR,6,895000,False,SFA,Veteran deal,2022,0,0,0,0,0,3,54,0,,,,-4.38358808981138,0,0,5,0,0,0,0,0,436,779722,779722,https://overthecap.com/player/cody-hollister/6125/,https://github.com/nflverse/nflverse-data/releases/download/stats_player/stats_player_reg_2022.csv,2026-09-28
00-0035891,Cody White,2022,PIT,WR,1,742500,False,SFA,Veteran deal,2021,0,0,0,0,0,1,2,0,,,,-0.415927316527814,0,0,1,0,0,0,0,0,548,241333,241333,https://overthecap.com/player/cody-white/9071/,https://github.com/nflverse/nflverse-data/releases/download/stats_player/stats_player_reg_2022.csv,2026-09-28
00-0033908,Cooper Kupp,2022,LA,WR,9,26700000,False,Extension,Veteran deal,2022,0,0,0,52,1,75,812,6,-0.467520276433788,-32.6191127300262,1.31073690589983,16.3420674792379,1,0,98,9,0,0,0,1,517,17800000,30000000,https://overthecap.com/player/cooper-kupp/5655/,https://github.com/nflverse/nflverse-data/releases/download/stats_player/stats_player_reg_2022.csv,2026-09-28
00-0033871,Corey Davis,2022,NYJ,WR,13,12500000,False,UFA,Veteran deal,2021,0,0,0,0,0,32,536,2,,,,11.8227248434091,0,0,64,0,0,0,0,0,588,13666666,13000000,https://overthecap.com/player/corey-davis/5589/,https://github.com/nflverse/nflverse-data/releases/download/stats_player/stats_player_reg_2022.csv,2026-09-28
00-0034348,Courtland Sutton,2022,DEN,WR,15,15000000,False,Extension,Veteran deal,2021,0,0,0,5,0,64,829,2,,,0.170874756877311,23.8306618690546,0,0,109,1,0,0,0,0,541,5325000,12000000,https://overthecap.com/player/courtland-sutton/6925/,https://github.com/nflverse/nflverse-data/releases/download/stats_player/stats_player_reg_2022.csv,2026-09-28
00-0034777,DJ Chark,2022,DET,WR,11,10000000,False,UFA,Veteran deal,2022,0,0,0,0,0,30,502,3,,,,21.153133170537,0,0,52,0,0,0,0,0,563,4023333,10000000,https://overthecap.com/player/d-j-chark/6946/,https://github.com/nflverse/nflverse-data/releases/download/stats_player/stats_player_reg_2022.csv,2026-09-28
00-0034827,DJ Moore,2022,CAR,WR,17,20628000,False,Extension,Veteran deal,2022,0,0,0,53,0,63,888,7,,,1.83531561470591,17.1454779588789,0,0,118,10,0,0,0,0,427,6110000,20735000,https://overthecap.com/player/d-j-moore/6909/,https://github.com/nflverse/nflverse-data/releases/download/stats_player/stats_player_reg_2022.csv,2026-09-28
00-0036527,DJ Turner,2022,LV,WR,5,705000,False,SFA,Veteran deal,2022,0,0,0,26,0,0,0,0,,,0.268788963381667,-0.894917232049039,0,0,1,4,0,0,0,0,558,34500,34500,https://overthecap.com/player/d-j-turner/9839/,https://github.com/nflverse/nflverse-data/releases/download/stats_player/stats_player_reg_2022.csv,2026-09-28
00-0035640,DK Metcalf,2022,SEA,WR,17,24000000,False,Extension,Veteran deal,2022,0,0,0,0,0,90,1048,6,,,,7.0487059521525,0,0,141,0,0,0,0,2,553,8838827,31000000,https://overthecap.com/player/d-k-metcalf/7855/,https://github.com/nflverse/nflverse-data/releases/download/stats_player/stats_player_reg_2022.csv,2026-09-28
00-0031868,Damiere Byrd,2022,ATL,WR,12,1187500,False,UFA,Veteran deal,2022,0,0,0,0,0,13,268,2,,,,7.55848043691367,0,0,23,0,0,0,0,0,400,1047500,1187500,https://overthecap.com/player/damiere-byrd/4599/,https://github.com/nflverse/nflverse-data/releases/download/stats_player/stats_player_reg_2022.csv,2026-09-28
00-0035976,Dan Chisena,2022,MIN,WR,2,837500,False,SFA,Veteran deal,2021,0,0,0,0,0,0,0,0,,,,,0,0,0,0,0,0,0,0,641,283444,283444,https://overthecap.com/player/dan-chisena/9157/,https://github.com/nflverse/nflverse-data/releases/download/stats_player/stats_player_reg_2022.csv,2026-09-28
00-0037828,Danny Gray,2022,SF,WR,7,1261226,False,Drafted,Rookie deal,2022,0,0,0,9,0,1,10,0,,,0.806124189519323,-2.9469830194721,0,0,7,1,0,0,0,0,504,917255,1554020,https://overthecap.com/player/danny-gray/10150/,https://github.com/nflverse/nflverse-data/releases/download/stats_player/stats_player_reg_2022.csv,2026-09-28
00-0034860,Dante Pettis,2022,CHI,WR,17,1035000,False,SFA,Veteran deal,2022,0,0,0,37,0,19,245,3,,,2.83032425952842,-16.3162245201569,0,0,41,2,0,0,0,0,359,895000,1035000,https://overthecap.com/player/dante-pettis/6929/,https://github.com/nflverse/nflverse-data/releases/download/stats_player/stats_player_reg_2022.csv,2026-09-28
00-0037093,Dareke Young,2022,SEA,WR,6,940275,False,Drafted,Rookie deal,2022,0,0,0,0,0,2,24,0,,,,2.09064046188723,0,0,2,0,0,0,0,0,553,730275,806100,https://overthecap.com/player/dareke-young/10278/,https://github.com/nflverse/nflverse-data/releases/download/stats_player/stats_player_reg_2022.csv,2026-09-28
00-0035535,Darius Slayton,2022,NYG,WR,13,965000,False,Other,Unknown,2022,0,0,0,0,0,46,724,2,,,,35.2541653745864,0,0,71,0,0,0,0,1,489,1023721,965000,https://overthecap.com/player/darius-slayton/7962/,https://github.com/nflverse/nflverse-data/releases/download/stats_player/stats_player_reg_2022.csv,2026-09-28
00-0036309,Darnell Mooney,2022,CHI,WR,11,894262,False,Drafted,Rookie deal,2020,0,0,0,2,0,40,493,2,,,-0.609379588626325,14.498919421473,0,0,61,1,0,0,0,0,359,965512,895000,https://overthecap.com/player/darnell-mooney/8913/,https://github.com/nflverse/nflverse-data/releases/download/stats_player/stats_player_reg_2022.csv,2026-09-28
00-0031381,Davante Adams,2022,LV,WR,17,28000000,False,Franchise,Veteran deal,2022,0,0,0,-1,0,100,1516,14,-1.80456407845486,,-3.83047964831349,34.0245853953429,0,1,180,3,0,0,0,0,558,12210000,43600000,https://overthecap.com/player/davante-adams/2992/,https://github.com/nflverse/nflverse-data/releases/download/stats_player/stats_player_reg_2022.csv,2026-09-28
00-0037257,David Bell,2022,CLE,WR,15,1261226,False,Drafted,Rookie deal,2022,0,0,0,0,0,24,214,0,,,,-11.0991340471955,0,0,35,0,0,0,0,0,507,917255,1554020,https://overthecap.com/player/david-bell/10144/,https://github.com/nflverse/nflverse-data/releases/download/stats_player/stats_player_reg_2022.csv,2026-09-28
00-0035359,David Sills,2022,NYG,WR,7,825000,False,ERFA,Veteran deal,2022,0,0,0,0,0,11,106,0,,,,4.90242563802167,0,0,17,0,0,0,0,0,489,11500,11500,https://overthecap.com/player/david-sills/8401/,https://github.com/nflverse/nflverse-data/releases/download/stats_player/stats_player_reg_2022.csv,2026-09-28
00-0038147,Daylen Baldwin,2022,CLE,WR,1,853333,False,UDFA,Rookie deal,2022,0,0,0,0,0,2,25,0,,,,1.79136164759984,0,0,2,0,0,0,0,0,507,234667,234667,https://overthecap.com/player/daylen-baldwin/10807/,https://github.com/nflverse/nflverse-data/releases/download/stats_player/stats_player_reg_2022.csv,2026-09-28
00-0031763,DeAndre Carter,2022,LAC,WR,17,1135000,False,UFA,Veteran deal,2022,0,0,0,-15,0,46,538,3,,,-3.10777262493502,13.8149239353843,0,0,65,2,0,0,0,1,687,1135000,1735000,https://overthecap.com/player/deandre-carter/4390/,https://github.com/nflverse/nflverse-data/releases/download/stats_player/stats_player_reg_2022.csv,2026-09-28
00-0030564,DeAndre Hopkins,2022,ARI,WR,9,27250000,False,Extension,Veteran deal,2020,0,0,0,0,0,64,717,3,,,,6.77171795606147,0,0,96,0,0,0,0,1,635,15733333,15083333,https://overthecap.com/player/deandre-hopkins/2208/,https://github.com/nflverse/nflverse-data/releases/download/stats_player/stats_player_reg_2022.csv,2026-09-28
00-0031547,DeVante Parker,2022,NE,WR,12,10166667,False,Extension,Veteran deal,2019,0,0,0,0,0,31,539,3,,,,15.6475410945633,0,0,47,0,0,0,0,0,518,6156250,6156250,https://overthecap.com/player/devante-parker/3862/,https://github.com/nflverse/nflverse-data/releases/download/stats_player/stats_player_reg_2022.csv,2026-09-28
00-0036912,DeVonta Smith,2022,PHI,WR,17,5035348,False,Drafted,Rookie deal,2021,0,0,0,0,0,95,1196,7,,,,59.6953665903441,0,0,136,0,0,0,0,0,505,4577589,1575518,https://overthecap.com/player/devonta-smith/9474/,https://github.com/nflverse/nflverse-data/releases/download/stats_player/stats_player_reg_2022.csv,2026-09-28
00-0036620,Dee Eskridge,2022,SEA,WR,9,1488378,False,Drafted,Rookie deal,2021,0,0,0,10,0,7,58,0,,,0.446855782065541,-1.96482366128178,0,0,13,2,0,0,0,0,553,1353071,930614,https://overthecap.com/player/dwayne-eskridge/9520/,https://github.com/nflverse/nflverse-data/releases/download/stats_player/stats_player_reg_2022.csv,2026-09-28
00-0035719,Deebo Samuel Sr.,2022,SF,WR,13,23850000,False,Extension,Veteran deal,2022,0,0,0,232,3,56,632,2,,,-8.38175346760545,8.942731833136,0,0,94,42,0,2,0,0,504,6876519,25150000,https://overthecap.com/player/deebo-samuel/7827/,https://github.com/nflverse/nflverse-data/releases/download/stats_player/stats_player_reg_2022.csv,2026-09-28
00-0032775,Demarcus Robinson,2022,BAL,WR,16,1035000,False,SFA,Veteran deal,2022,0,0,0,0,0,48,458,2,,,,3.59860045872244,0,0,75,0,0,0,0,1,465,895000,1035000,https://overthecap.com/player/demarcus-robinson/4839/,https://github.com/nflverse/nflverse-data/releases/download/stats_player/stats_player_reg_2022.csv,2026-09-28
00-0037570,Dennis Houston,2022,DAL,WR,2,855000,False,UDFA,Rookie deal,2022,0,0,0,0,0,2,16,0,,,,-5.05362217803486,0,0,6,0,0,0,0,0,545,184000,184000,https://overthecap.com/player/dennis-houston/10684/,https://github.com/nflverse/nflverse-data/releases/download/stats_player/stats_player_reg_2022.csv,2026-09-28
00-0036255,Denzel Mims,2022,NYJ,WR,9,1358424,False,Drafted,Rookie deal,2020,0,0,0,0,0,11,186,0,,,,-2.84208809944195,0,0,25,0,0,0,0,0,588,1481917,1103972,https://overthecap.com/player/denzel-mims/8799/,https://github.com/nflverse/nflverse-data/releases/download/stats_player/stats_player_reg_2022.csv,2026-09-28
00-0035215,Deonte Harty,2022,NO,WR,4,3986000,False,RFA,Veteran deal,2022,0,0,0,0,0,2,13,0,,,,-1.21072969160741,0,0,2,0,0,0,0,0,493,2582977,3986000,https://overthecap.com/player/deonte-harty/8512/,https://github.com/nflverse/nflverse-data/releases/download/stats_player/stats_player_reg_2022.csv,2026-09-28
00-0037487,Deven Thompkins,2022,TB,WR,5,787500,False,SFA,Veteran deal,2022,0,0,0,26,0,5,32,0,,,1.99759500089567,-5.98000114242313,0,0,10,2,0,0,0,0,724,117500,117500,https://overthecap.com/player/deven-thompkins/10658/,https://github.com/nflverse/nflverse-data/releases/download/stats_player/stats_player_reg_2022.csv,2026-09-28
00-0036331,Devin Duvernay,2022,BAL,WR,14,1116927,False,Drafted,Rookie deal,2020,0,0,0,84,1,37,407,3,,,5.45373379858211,19.6726931918238,0,0,49,12,0,0,0,0,465,1227966,1006000,https://overthecap.com/player/devin-duvernay/8832/,https://github.com/nflverse/nflverse-data/releases/download/stats_player/stats_player_reg_2022.csv,2026-09-28
00-0036627,Dez Fitzpatrick,2022,TEN,WR,1,742500,False,SFA,Veteran deal,2021,0,0,0,0,0,0,0,0,,,,,0,0,0,0,0,0,0,0,436,241333,241333,https://overthecap.com/player/dez-fitzpatrick/9573/,https://github.com/nflverse/nflverse-data/releases/download/stats_player/stats_player_reg_2022.csv,2026-09-28
00-0035216,Diontae Johnson,2022,PIT,WR,17,18355000,False,Extension,Veteran deal,2022,0,0,0,25,0,86,882,0,,,0.424014863616321,-4.80529774280878,0,0,147,7,0,0,0,0,548,7616690,19000000,https://overthecap.com/player/diontae-johnson/7857/,https://github.com/nflverse/nflverse-data/releases/download/stats_player/stats_player_reg_2022.csv,2026-09-28
00-0036233,Donovan Peoples-Jones,2022,CLE,WR,17,870402,False,Drafted,Rookie deal,2020,0,0,0,2,0,61,839,3,,,-0.384780023479834,18.4124295261327,0,0,96,1,0,0,0,1,507,941652,895000,https://overthecap.com/player/donovan-peoples-jones/8927/,https://github.com/nflverse/nflverse-data/releases/download/stats_player/stats_player_reg_2022.csv,2026-09-28
00-0037238,Drake London,2022,ATL,WR,17,5383618,False,Drafted,Rookie deal,2022,0,0,0,0,0,72,866,4,,,,12.795354318053,0,0,117,0,0,0,0,3,400,3915358,13546432,https://overthecap.com/player/drake-london/10053/,https://github.com/nflverse/nflverse-data/releases/download/stats_player/stats_player_reg_2022.csv,2026-09-28
00-0036980,Elijah Moore,2022,NYJ,WR,14,2235106,False,Drafted,Rookie deal,2021,0,0,0,5,0,37,446,1,,,-1.07694124075351,1.46942748567224,0,0,65,5,0,0,0,0,588,2031914,1066383,https://overthecap.com/player/elijah-moore/9498/,https://github.com/nflverse/nflverse-data/releases/download/stats_player/stats_player_reg_2022.csv,2026-09-28
00-0034279,Equanimeous St. Brown,2022,CHI,WR,16,1250000,False,Extension,Veteran deal,2022,0,0,0,54,0,21,323,1,,,1.32628779031802,2.96966496778695,0,0,38,6,0,0,0,0,359,1050000,1135000,https://overthecap.com/player/equanimeous-st-brown/7092/,https://github.com/nflverse/nflverse-data/releases/download/stats_player/stats_player_reg_2022.csv,2026-09-28
00-0038092,Erik Ezukanma,2022,MIA,WR,1,1096248,False,Drafted,Rookie deal,2022,0,0,0,0,0,1,3,0,,,,-1.01252259360626,0,0,1,0,0,0,0,0,562,886248,1429992,https://overthecap.com/player/erik-ezukanma/10170/,https://github.com/nflverse/nflverse-data/releases/download/stats_player/stats_player_reg_2022.csv,2026-09-28
00-0036951,Frank Darby,2022,ATL,WR,1,882500,False,SFA,Veteran deal,2022,0,0,0,0,0,1,15,0,,,,1.2657943648519,0,0,1,0,0,0,0,0,400,320833,320833,https://overthecap.com/player/frank-darby/9651/,https://github.com/nflverse/nflverse-data/releases/download/stats_player/stats_player_reg_2022.csv,2026-09-28
00-0036247,Freddie Swain,2022,DEN,WR,3,952500,False,SFA,Veteran deal,2022,0,0,0,0,0,4,74,0,,,,-3.90042554185493,0,0,6,0,0,0,0,0,541,198889,198889,https://overthecap.com/player/freddie-swain/8954/,https://github.com/nflverse/nflverse-data/releases/download/stats_player/stats_player_reg_2022.csv,2026-09-28
00-0036196,Gabe Davis,2022,BUF,WR,15,998593,False,Drafted,Rookie deal,2020,0,0,0,0,0,48,836,7,,,,14.6900578337947,0,0,93,0,0,0,0,1,551,1069843,895000,https://overthecap.com/player/gabriel-davis/8868/,https://github.com/nflverse/nflverse-data/releases/download/stats_player/stats_player_reg_2022.csv,2026-09-28
00-0037740,Garrett Wilson,2022,NYJ,WR,17,5138502,False,Drafted,Rookie deal,2022,0,0,0,4,0,83,1103,4,-0.492538507562131,,-2.26600202347618,33.5192462237647,1,0,147,4,0,0,0,1,588,3737092,12833368,https://overthecap.com/player/garrett-wilson/10055/,https://github.com/nflverse/nflverse-data/releases/download/stats_player/stats_player_reg_2022.csv,2026-09-28
00-0037247,George Pickens,2022,PIT,WR,17,1688047,False,Drafted,Rookie deal,2022,0,0,0,24,1,52,801,4,,,2.08365396299632,45.3491095223042,0,0,84,3,0,0,0,0,548,1227670,2795680,https://overthecap.com/player/george-pickens/10097/,https://github.com/nflverse/nflverse-data/releases/download/stats_player/stats_player_reg_2022.csv,2026-09-28
00-0035500,Greg Dortch,2022,ARI,WR,16,837500,False,SFA,Veteran deal,2021,0,0,0,44,0,52,467,2,,,1.96789370360784,12.0618982991102,0,0,64,7,0,0,0,0,635,895000,895000,https://overthecap.com/player/greg-dortch/8297/,https://github.com/nflverse/nflverse-data/releases/download/stats_player/stats_player_reg_2022.csv,2026-09-28
00-0035645,Gunner Olszewski,2022,PIT,WR,15,2100000,False,SFA,Veteran deal,2022,0,0,0,39,0,5,53,0,,,1.52266916783992,0.995576425542822,0,0,7,8,0,0,0,0,548,1582500,2200000,https://overthecap.com/player/gunner-olszewski/8577/,https://github.com/nflverse/nflverse-data/releases/download/stats_player/stats_player_reg_2022.csv,2026-09-28
00-0034983,Hunter Renfrow,2022,LV,WR,10,15850000,False,Extension,Veteran deal,2022,0,0,0,0,0,36,330,2,,,,3.0979149620977,0,0,50,0,0,0,0,1,558,3543987,10550000,https://overthecap.com/player/hunter-renfrow/7940/,https://github.com/nflverse/nflverse-data/releases/download/stats_player/stats_player_reg_2022.csv,2026-09-28
00-0033466,Isaiah McKenzie,2022,BUF,WR,15,2200000,False,UFA,Veteran deal,2022,0,0,0,55,1,42,423,4,,,1.90399585144781,11.3554871417304,0,0,65,9,0,0,0,0,551,1867647,2717647,https://overthecap.com/player/isaiah-mckenzie/5758/,https://github.com/nflverse/nflverse-data/releases/download/stats_player/stats_player_reg_2022.csv,2026-09-28
00-0036900,Ja'Marr Chase,2022,CIN,WR,12,7704911,False,Drafted,Rookie deal,2021,0,0,0,8,0,87,1046,9,-1.60401390434708,,-6.02219417365268,30.3034841400817,0,1,134,5,0,0,0,2,594,7004464,2060893,https://overthecap.com/player/jamarr-chase/9469/,https://github.com/nflverse/nflverse-data/releases/download/stats_player/stats_player_reg_2022.csv,2026-09-28
00-0036918,Jacob Harris,2022,LA,WR,3,825000,False,SFA,Veteran deal,2022,0,0,0,0,0,1,6,0,,,,2.77069555688649,0,0,1,0,0,0,0,0,517,284445,284445,https://overthecap.com/player/jacob-harris/9605/,https://github.com/nflverse/nflverse-data/releases/download/stats_player/stats_player_reg_2022.csv,2026-09-28
00-0037741,Jahan Dotson,2022,WAS,WR,12,3762089,False,Drafted,Rookie deal,2022,0,0,0,-7,0,35,523,7,,,-1.77960987272672,21.8728105605613,0,0,61,2,0,0,0,0,531,2736065,8829260,https://overthecap.com/player/jahan-dotson/10061/,https://github.com/nflverse/nflverse-data/releases/download/stats_player/stats_player_reg_2022.csv,2026-09-28
00-0031787,Jake Kumerow,2022,BUF,WR,5,1035000,False,SFA,Veteran deal,2022,0,0,0,0,0,4,64,0,,,,2.8402738700388,0,0,7,0,0,0,0,0,551,895000,1035000,https://overthecap.com/player/jake-kumerow/4455/,https://github.com/nflverse/nflverse-data/releases/download/stats_player/stats_player_reg_2022.csv,2026-09-28
00-0034960,Jakobi Meyers,2022,NE,WR,14,3986000,False,RFA,Veteran deal,2022,0,0,0,-11,0,67,804,6,,,1.03889269684441,37.0451440560107,0,0,96,2,0,0,0,1,518,3986000,3986000,https://overthecap.com/player/jakobi-meyers/8083/,https://github.com/nflverse/nflverse-data/releases/download/stats_player/stats_player_reg_2022.csv,2026-09-28
00-0036858,Jalen Camp,2022,HOU,WR,1,825000,False,SFA,Veteran deal,2022,0,0,0,0,0,1,7,0,,,,0.510851916798856,0,0,1,0,0,0,0,0,558,365111,365111,https://overthecap.com/player/jalen-camp/9673/,https://github.com/nflverse/nflverse-data/releases/download/stats_player/stats_player_reg_2022.csv,2026-09-28
00-0035414,Jalen Guyton,2022,LAC,WR,2,965000,False,ERFA,Veteran deal,2022,0,0,0,0,0,2,64,0,,,,4.26403268127769,0,0,4,0,0,0,0,0,687,965000,965000,https://overthecap.com/player/jalen-guyton/8452/,https://github.com/nflverse/nflverse-data/releases/download/stats_player/stats_player_reg_2022.csv,2026-09-28
00-0037291,Jalen Nailor,2022,MIN,WR,8,960165,False,Drafted,Rookie deal,2022,0,0,0,0,0,9,179,1,,,,7.69675768021261,0,0,13,0,0,0,0,0,641,750165,885660,https://overthecap.com/player/jalen-nailor/10236/,https://github.com/nflverse/nflverse-data/releases/download/stats_player/stats_player_reg_2022.csv,2026-09-28
00-0036387,Jalen Reagor,2022,MIN,WR,17,3317670,False,Drafted,Rookie deal,2020,0,0,0,25,0,8,104,1,,,2.75212870608084,-0.137370140757412,0,0,13,4,0,0,0,0,641,1816426,1816426,https://overthecap.com/player/jalen-reagor/8761/,https://github.com/nflverse/nflverse-data/releases/download/stats_player/stats_player_reg_2022.csv,2026-09-28
00-0037666,Jalen Tolbert,2022,DAL,WR,3,1283930,False,Drafted,Rookie deal,2022,0,0,0,0,0,2,12,0,,,,-0.687333475914784,0,0,3,0,0,0,0,0,545,933767,1620068,https://overthecap.com/player/jalen-tolbert/10133/,https://github.com/nflverse/nflverse-data/releases/download/stats_player/stats_player_reg_2022.csv,2026-09-28
00-0037387,Jalen Virgil,2022,DEN,WR,7,857500,False,UDFA,Rookie deal,2022,0,0,0,0,0,2,75,1,,,,5.6061608234304,0,0,5,0,0,0,0,0,541,709166,717500,https://overthecap.com/player/jalen-virgil/10317/,https://github.com/nflverse/nflverse-data/releases/download/stats_player/stats_player_reg_2022.csv,2026-09-28
00-0033572,Jamal Agnew,2022,JAX,WR,15,4750000,False,UFA,Veteran deal,2021,0,0,0,86,0,23,187,3,,,6.08385595484288,7.7840157297821,0,0,30,12,0,0,0,0,574,6131372,4464706,https://overthecap.com/player/jamal-agnew/5751/,https://github.com/nflverse/nflverse-data/releases/download/stats_player/stats_player_reg_2022.csv,2026-09-28
00-0036133,James Proche,2022,BAL,WR,11,865775,False,Drafted,Rookie deal,2020,0,0,1,0,0,8,62,0,-4.04289167502429,-30.2523523569107,,-9.6276827508409,1,0,17,0,0,0,0,0,465,937025,895000,https://overthecap.com/player/james-proche/8941/,https://github.com/nflverse/nflverse-data/releases/download/stats_player/stats_player_reg_2022.csv,2026-09-28
00-0037240,Jameson Williams,2022,DET,WR,6,4365448,False,Drafted,Rookie deal,2022,0,0,0,40,0,1,41,1,,,2.36443340824917,-1.34965212398674,0,0,9,1,0,0,0,0,563,3174871,10584484,https://overthecap.com/player/jameson-williams/10057/,https://github.com/nflverse/nflverse-data/releases/download/stats_player/stats_player_reg_2022.csv,2026-09-28
00-0031941,Jamison Crowder,2022,BUF,WR,4,2000000,False,UFA,Veteran deal,2022,0,0,0,0,0,6,60,0,,,,-1.09648315241793,0,0,13,0,0,0,0,0,551,1975000,1935000,https://overthecap.com/player/jamison-crowder/3953/,https://github.com/nflverse/nflverse-data/releases/download/stats_player/stats_player_reg_2022.csv,2026-09-28
00-0031382,Jarvis Landry,2022,NO,WR,9,3000000,False,SFA,Veteran deal,2022,0,0,0,0,0,25,272,1,,,,-7.74134262467798,0,0,39,0,0,0,0,0,493,3000000,3000000,https://overthecap.com/player/jarvis-landry/3002/,https://github.com/nflverse/nflverse-data/releases/download/stats_player/stats_player_reg_2022.csv,2026-09-28
00-0035432,Jason Moore,2022,LAC,WR,1,895000,False,SFA,Veteran deal,2022,0,0,0,0,0,1,5,0,,,,-0.742292379261926,0,0,2,0,0,0,0,0,687,34500,34500,https://overthecap.com/player/jason-moore/8416/,https://github.com/nflverse/nflverse-data/releases/download/stats_player/stats_player_reg_2022.csv,2026-09-28
00-0036259,Jauan Jennings,2022,SF,WR,16,825000,False,ERFA,Veteran deal,2022,0,0,0,0,0,35,416,1,,,,13.9553268581041,0,0,56,0,0,0,0,0,504,825000,825000,https://overthecap.com/player/jauan-jennings/8957/,https://github.com/nflverse/nflverse-data/releases/download/stats_player/stats_player_reg_2022.csv,2026-09-28
00-0036613,Jaylen Waddle,2022,MIA,WR,17,6771499,False,Drafted,Rookie deal,2021,0,0,0,26,0,75,1356,8,,,1.97439425502671,75.9575872573306,0,0,117,3,0,0,0,1,562,6155908,1891182,https://overthecap.com/player/jaylen-waddle/9470/,https://github.com/nflverse/nflverse-data/releases/download/stats_player/stats_player_reg_2022.csv,2026-09-28
00-0035510,Jeff Smith,2022,NYJ,WR,7,895000,False,ERFA,Veteran deal,2022,0,0,0,0,0,8,134,0,,,,6.63677369389916,0,0,11,0,0,0,0,0,588,895000,895000,https://overthecap.com/player/jeff-smith/8307/,https://github.com/nflverse/nflverse-data/releases/download/stats_player/stats_player_reg_2022.csv,2026-09-28
00-0036407,Jerry Jeudy,2022,DEN,WR,15,3798240,False,Drafted,Rookie deal,2020,0,0,0,40,0,67,972,6,,,1.50155001354869,47.3823458073336,0,0,100,4,0,0,0,0,541,4143534,1991178,https://overthecap.com/player/jerry-jeudy/8755/,https://github.com/nflverse/nflverse-data/releases/download/stats_player/stats_player_reg_2022.csv,2026-09-28
00-0036988,Josh Palmer,2022,LAC,WR,16,1258014,False,Drafted,Rookie deal,2021,0,0,0,4,0,72,769,3,,,0.726856680004858,23.6284835927452,0,0,107,1,0,0,0,0,687,1143649,888730,https://overthecap.com/player/josh-palmer/9541/,https://github.com/nflverse/nflverse-data/releases/download/stats_player/stats_player_reg_2022.csv,2026-09-28
00-0033943,Josh Reynolds,2022,DET,WR,12,3000000,False,UFA,Veteran deal,2022,0,0,0,0,0,38,479,3,,,,11.6047029097546,0,0,59,0,0,0,0,0,563,2000000,3000000,https://overthecap.com/player/josh-reynolds/5703/,https://github.com/nflverse/nflverse-data/releases/download/stats_player/stats_player_reg_2022.csv,2026-09-28
00-0033857,JuJu Smith-Schuster,2022,KC,WR,16,3760000,False,UFA,Veteran deal,2022,0,0,0,0,0,78,933,3,,,,48.6421622691533,0,0,101,0,0,0,0,2,614,3700000,10200000,https://overthecap.com/player/juju-smith-schuster/5648/,https://github.com/nflverse/nflverse-data/releases/download/stats_player/stats_player_reg_2022.csv,2026-09-28
00-0027944,Julio Jones,2022,TB,WR,10,6000000,False,SFA,Veteran deal,2022,0,0,0,45,0,24,299,2,,,3.19085392035777,7.48583652187873,0,0,43,5,0,0,0,0,724,2249646,5735294,https://overthecap.com/player/julio-jones/813/,https://github.com/nflverse/nflverse-data/releases/download/stats_player/stats_player_reg_2022.csv,2026-09-28
00-0036322,Justin Jefferson,2022,MIN,WR,17,3280702,False,Drafted,Rookie deal,2020,34,0,0,24,1,128,1809,8,3.05308636976406,20.0082272291183,2.27670237055281,75.3700368142258,2,0,184,4,2,0,0,0,641,3578947,1802982,https://overthecap.com/player/justin-jefferson/8762/,https://github.com/nflverse/nflverse-data/releases/download/stats_player/stats_player_reg_2022.csv,2026-09-28
00-0034386,Justin Watson,2022,KC,WR,17,1035000,False,SFA,Veteran deal,2022,0,0,0,0,0,15,315,2,,,,7.57732567988509,0,0,34,0,0,0,0,0,614,895000,1035000,https://overthecap.com/player/justin-watson/7029/,https://github.com/nflverse/nflverse-data/releases/download/stats_player/stats_player_reg_2022.csv,2026-09-28
00-0035593,Juwann Winfree,2022,GB,WR,3,837500,False,SFA,Veteran deal,2021,0,0,0,0,0,1,17,0,,,,-0.998483151837718,0,0,4,0,0,0,0,0,540,321666,321666,https://overthecap.com/player/juwann-winfree/7978/,https://github.com/nflverse/nflverse-data/releases/download/stats_player/stats_player_reg_2022.csv,2026-09-28
00-0036345,K.J. Osborn,2022,MIN,WR,17,890693,False,Drafted,Rookie deal,2020,0,0,0,6,0,60,650,5,,,3.17750035826554,21.8340489404136,0,0,90,3,0,0,0,0,641,961943,895000,https://overthecap.com/player/k-j-osborn/8916/,https://github.com/nflverse/nflverse-data/releases/download/stats_player/stats_player_reg_2022.csv,2026-09-28
00-0036412,KJ Hamler,2022,DEN,WR,6,1784284,False,Drafted,Rookie deal,2020,0,0,0,23,0,7,165,0,,,1.54540744726546,-0.506683415591553,0,0,14,2,0,0,0,0,541,1946491,1258830,https://overthecap.com/player/k-j-hamler/8786/,https://github.com/nflverse/nflverse-data/releases/download/stats_player/stats_player_reg_2022.csv,2026-09-28
00-0037801,KaVontae Turpin,2022,DAL,WR,17,853333,False,UDFA,Rookie deal,2022,0,0,0,17,0,1,9,0,,,0.016680371016264,-1.63894319084705,0,0,2,3,0,0,0,0,545,705000,705000,https://overthecap.com/player/kavontae-turpin/10803/,https://github.com/nflverse/nflverse-data/releases/download/stats_player/stats_player_reg_2022.csv,2026-09-28
00-0032464,Kalif Raymond,2022,DET,WR,17,2500000,False,UFA,Veteran deal,2022,0,0,0,36,0,47,616,0,,,2.29914031043882,21.0215312392559,0,0,64,7,0,0,0,1,563,1975000,2600000,https://overthecap.com/player/kalif-raymond/5127/,https://github.com/nflverse/nflverse-data/releases/download/stats_player/stats_player_reg_2022.csv,2026-09-28
00-0033681,Keelan Cole,2022,LV,WR,12,1035000,False,SFA,Veteran deal,2022,0,0,0,0,0,10,141,1,,,,6.3162909479579,0,0,21,0,0,0,0,0,558,845278,977500,https://overthecap.com/player/keelan-cole/6139/,https://github.com/nflverse/nflverse-data/releases/download/stats_player/stats_player_reg_2022.csv,2026-09-28
00-0030279,Keenan Allen,2022,LAC,WR,10,20025000,False,Extension,Veteran deal,2020,0,0,0,8,0,66,752,4,,,0.588396031875163,27.1422737729233,0,0,89,1,0,0,0,1,687,19200000,16500000,https://overthecap.com/player/keenan-allen/2227/,https://github.com/nflverse/nflverse-data/releases/download/stats_player/stats_player_reg_2022.csv,2026-09-28
00-0034317,Keith Kirkwood,2022,NO,WR,3,895000,False,SFA,Veteran deal,2022,0,0,0,0,0,2,18,0,,,,-1.6444360294845,0,0,4,0,0,0,0,0,493,49722,49722,https://overthecap.com/player/keith-kirkwood/7508/,https://github.com/nflverse/nflverse-data/releases/download/stats_player/stats_player_reg_2022.csv,2026-09-28
00-0034366,Keke Coutee,2022,IND,WR,7,965000,False,SFA,Veteran deal,2022,0,0,0,0,0,1,20,0,,,,-3.79916432953905,0,0,1,0,0,0,0,1,579,107222,107222,https://overthecap.com/player/keke-coutee/6988/,https://github.com/nflverse/nflverse-data/releases/download/stats_player/stats_player_reg_2022.csv,2026-09-28
00-0035864,Kendall Hinton,2022,DEN,WR,11,882500,False,SFA,Veteran deal,2022,0,0,0,13,0,24,311,0,,,0.0727499476051889,16.5124832521251,0,0,33,2,0,0,0,0,541,595833,595833,https://overthecap.com/player/kendall-hinton/9288/,https://github.com/nflverse/nflverse-data/releases/download/stats_player/stats_player_reg_2022.csv,2026-09-28
00-0033307,Kendrick Bourne,2022,NE,WR,16,5000000,False,UFA,Veteran deal,2021,0,0,0,39,0,35,434,1,,,-1.61797055107309,13.3774060829416,0,0,48,6,0,0,0,0,518,6416666,4205882,https://overthecap.com/player/kendrick-bourne/5995/,https://github.com/nflverse/nflverse-data/releases/download/stats_player/stats_player_reg_2022.csv,2026-09-28
00-0033932,Kenny Golladay,2022,NYG,WR,6,18000000,False,UFA,Veteran deal,2021,0,0,0,0,0,6,81,1,,,,-1.75738624818702,0,0,17,0,0,0,0,0,489,21150000,17750000,https://overthecap.com/player/kenny-golladay/5682/,https://github.com/nflverse/nflverse-data/releases/download/stats_player/stats_player_reg_2022.csv,2026-09-28
00-0031545,Kevin White,2022,NO,WR,6,1035000,False,SFA,Veteran deal,2022,0,0,0,0,0,2,74,0,,,,2.51382260350511,0,0,5,0,0,0,0,0,493,85000,85000,https://overthecap.com/player/kevin-white/3855/,https://github.com/nflverse/nflverse-data/releases/download/stats_player/stats_player_reg_2022.csv,2026-09-28
00-0034854,KhaDarel Hodge,2022,ATL,WR,13,1070000,False,UFA,Veteran deal,2022,0,0,0,0,0,13,202,1,,,,13.5629268541671,0,0,20,0,0,0,0,0,400,930000,1070000,https://overthecap.com/player/khadarel-hodge/7678/,https://github.com/nflverse/nflverse-data/releases/download/stats_player/stats_player_reg_2022.csv,2026-09-28
00-0037261,Khalil Shakir,2022,BUF,WR,10,1001788,False,Drafted,Rookie deal,2022,0,0,0,0,0,10,161,1,,,,7.74627418264577,0,0,20,0,0,0,0,0,551,791788,1052152,https://overthecap.com/player/khalil-shakir/10193/,https://github.com/nflverse/nflverse-data/releases/download/stats_player/stats_player_reg_2022.csv,2026-09-28
00-0037273,Kyle Philips,2022,TEN,WR,4,993332,False,Drafted,Rookie deal,2022,0,0,0,0,0,8,78,0,,,,-1.93557362398133,0,0,13,0,0,0,0,0,436,615276,850272,https://overthecap.com/player/kyle-philips/10208/,https://github.com/nflverse/nflverse-data/releases/download/stats_player/stats_player_reg_2022.csv,2026-09-28
00-0037055,Lance McCutcheon,2022,LA,WR,4,853333,False,SFA,Veteran deal,2022,0,0,0,0,0,0,0,0,,,,-4.00159741006792,0,0,5,0,0,0,0,0,517,705000,705000,https://overthecap.com/player/lance-mccutcheon/10710/,https://github.com/nflverse/nflverse-data/releases/download/stats_player/stats_player_reg_2022.csv,2026-09-28
00-0032951,Laquon Treadwell,2022,SEA,WR,3,1035000,False,SFA,Veteran deal,2022,0,0,0,0,0,6,42,0,,,,-3.09943167955498,0,0,10,0,0,0,0,0,553,149167,172500,https://overthecap.com/player/laquon-treadwell/4736/,https://github.com/nflverse/nflverse-data/releases/download/stats_player/stats_player_reg_2022.csv,2026-09-28
00-0036268,Laviska Shenault Jr.,2022,CAR,WR,13,1924017,False,Drafted,Rookie deal,2020,0,0,0,65,1,27,272,1,,,2.48449467116734,10.3259501502616,0,0,32,9,0,0,0,0,427,1309642,1309642,https://overthecap.com/player/laviska-shenault/8782/,https://github.com/nflverse/nflverse-data/releases/download/stats_player/stats_player_reg_2022.csv,2026-09-28
00-0033555,Mack Hollins,2022,LV,WR,17,2000000,False,UFA,Veteran deal,2022,4,0,0,40,0,57,690,4,0.0511495949467644,13.6235654354095,2.1589912319323,31.4346878753665,1,0,94,4,1,0,0,0,558,2000000,2500000,https://overthecap.com/player/mack-hollins/5704/,https://github.com/nflverse/nflverse-data/releases/download/stats_player/stats_player_reg_2022.csv,2026-09-28
00-0032980,Marcus Johnson,2022,NYG,WR,8,1035000,False,SFA,Veteran deal,2022,0,0,0,0,0,9,99,0,,,,-6.11258783632354,0,0,22,0,0,0,0,0,489,596667,690000,https://overthecap.com/player/marcus-johnson/5178/,https://github.com/nflverse/nflverse-data/releases/download/stats_player/stats_player_reg_2022.csv,2026-09-28
00-0036219,Marquez Callaway,2022,NO,WR,10,765000,False,UDFA,Rookie deal,2020,0,0,0,0,0,16,158,1,,,,-6.19359641429818,0,0,32,0,0,0,0,0,493,898334,895000,https://overthecap.com/player/marquez-callaway/9421/,https://github.com/nflverse/nflverse-data/releases/download/stats_player/stats_player_reg_2022.csv,2026-09-28
00-0034272,Marquez Valdes-Scantling,2022,KC,WR,17,10000000,False,UFA,Veteran deal,2022,0,0,0,-3,0,42,687,2,,,-1.00383371347561,17.2978680289284,0,0,81,1,0,0,0,0,614,5000000,9000000,https://overthecap.com/player/marquez-valdes-scantling/7059/,https://github.com/nflverse/nflverse-data/releases/download/stats_player/stats_player_reg_2022.csv,2026-09-28
00-0035662,Marquise Brown,2022,ARI,WR,12,2946835,False,Drafted,Rookie deal,2019,0,0,0,1,0,67,709,3,,,-0.228075947379693,-3.33189989394678,0,0,107,1,0,0,0,0,635,2102364,2102364,https://overthecap.com/player/marquise-brown/7816/,https://github.com/nflverse/nflverse-data/releases/download/stats_player/stats_player_reg_2022.csv,2026-09-28
00-0030068,Marquise Goodwin,2022,SEA,WR,13,1272500,False,SFA,Veteran deal,2022,0,0,0,5,0,27,387,4,,,-0.509956069930922,20.9001769792498,0,0,42,2,0,0,0,0,553,1001389,1212500,https://overthecap.com/player/marquise-goodwin/2223/,https://github.com/nflverse/nflverse-data/releases/download/stats_player/stats_player_reg_2022.csv,2026-09-28
00-0029293,Marvin Jones,2022,JAX,WR,16,6250000,False,UFA,Veteran deal,2021,0,0,0,0,0,46,529,3,,,,11.4794679554041,0,0,81,0,0,0,0,0,574,8712500,5479412,https://overthecap.com/player/marvin-jones/194/,https://github.com/nflverse/nflverse-data/releases/download/stats_player/stats_player_reg_2022.csv,2026-09-28
00-0036176,Mason Kinsey,2022,TEN,WR,2,787500,False,SFA,Veteran deal,2022,0,0,0,0,0,1,3,0,,,,0.0048524462617933,0,0,1,0,0,0,0,0,436,262333,262333,https://overthecap.com/player/mason-kinsey/9298/,https://github.com/nflverse/nflverse-data/releases/download/stats_player/stats_player_reg_2022.csv,2026-09-28
00-0026293,Matthew Slater,2022,NE,WR,8,2622500,False,UFA,Veteran deal,2022,0,0,0,0,0,0,0,0,,,,,0,0,0,0,0,0,0,0,518,1272500,2622500,https://overthecap.com/player/matt-slater/1231/,https://github.com/nflverse/nflverse-data/releases/download/stats_player/stats_player_reg_2022.csv,2026-09-28
00-0035140,Mecole Hardman,2022,KC,WR,8,1248763,False,Drafted,Rookie deal,2019,0,0,0,31,2,25,297,4,,,2.0026466519339,18.5855168588665,0,0,34,4,0,0,0,0,614,4399191,3986000,https://overthecap.com/player/mecole-hardman/7847/,https://github.com/nflverse/nflverse-data/releases/download/stats_player/stats_player_reg_2022.csv,2026-09-28
00-0036959,Michael Bandy,2022,LAC,WR,8,705000,False,SFA,Veteran deal,2022,0,0,0,0,0,10,89,0,,,,-2.30611915333429,0,0,21,0,0,0,0,0,687,470000,470000,https://overthecap.com/player/michael-bandy/10009/,https://github.com/nflverse/nflverse-data/releases/download/stats_player/stats_player_reg_2022.csv,2026-09-28
00-0034764,Michael Gallup,2022,DAL,WR,14,11500000,False,UFA,Veteran deal,2022,0,0,0,0,0,39,424,4,,,,-0.477339262295434,0,0,74,0,0,0,0,0,545,4823529,12823529,https://overthecap.com/player/michael-gallup/6966/,https://github.com/nflverse/nflverse-data/releases/download/stats_player/stats_player_reg_2022.csv,2026-09-28
00-0036252,Michael Pittman,2022,IND,WR,16,2153211,False,Drafted,Rookie deal,2020,0,0,0,30,0,99,925,4,,,1.50960650417255,20.6142690107263,0,0,141,3,0,0,0,1,579,2348957,1392986,https://overthecap.com/player/michael-pittman-jr/8774/,https://github.com/nflverse/nflverse-data/releases/download/stats_player/stats_player_reg_2022.csv,2026-09-28
00-0032765,Michael Thomas,2022,NO,WR,3,19250000,False,Extension,Veteran deal,2019,0,0,0,0,0,16,171,3,,,,16.6963073176448,0,0,22,0,0,0,0,0,493,13228588,15800000,https://overthecap.com/player/michael-thomas/4760/,https://github.com/nflverse/nflverse-data/releases/download/stats_player/stats_player_reg_2022.csv,2026-09-28
00-0031408,Mike Evans,2022,TB,WR,15,16500000,False,Extension,Veteran deal,2018,0,0,0,0,0,77,1124,6,,,,26.0912981927542,0,0,127,0,0,0,0,0,724,10256278,13937778,https://overthecap.com/player/mike-evans/2946/,https://github.com/nflverse/nflverse-data/releases/download/stats_player/stats_player_reg_2022.csv,2026-09-28
00-0036482,Mike Strachan,2022,IND,WR,5,898708,False,Drafted,Rookie deal,2021,0,0,0,0,0,3,59,0,,,,-2.66604492317698,0,0,9,0,0,0,0,0,579,853708,825000,https://overthecap.com/player/mike-strachan/9693/,https://github.com/nflverse/nflverse-data/releases/download/stats_player/stats_player_reg_2022.csv,2026-09-28
00-0033536,Mike Williams,2022,LAC,WR,13,20000000,False,UFA,Veteran deal,2022,0,0,0,0,0,63,895,4,,,,31.5843195004104,0,0,93,0,0,0,0,0,687,14000000,28000000,https://overthecap.com/player/mike-williams/5591/,https://github.com/nflverse/nflverse-data/releases/download/stats_player/stats_player_reg_2022.csv,2026-09-28
00-0037300,Mike Woods,2022,CLE,WR,7,957073,False,Drafted,Rookie deal,2022,0,0,0,-5,0,5,45,0,,,-1.52764946175739,-7.73673833106295,0,0,10,1,0,0,0,0,507,747073,873292,https://overthecap.com/player/michael-woods/10247/,https://github.com/nflverse/nflverse-data/releases/download/stats_player/stats_player_reg_2022.csv,2026-09-28
00-0035703,Miles Boykin,2022,PIT,WR,10,893732,False,Drafted,Rookie deal,2019,0,0,0,0,0,2,11,0,,,,-0.880375883949455,0,0,3,0,0,0,0,0,548,2540000,2540000,https://overthecap.com/player/miles-boykin/7884/,https://github.com/nflverse/nflverse-data/releases/download/stats_player/stats_player_reg_2022.csv,2026-09-28
00-0037272,Montrell Washington,2022,DEN,WR,15,993547,False,Drafted,Rookie deal,2022,0,0,0,30,0,4,2,0,,,-0.0179459194769152,-7.78438647778239,0,0,9,5,0,0,0,0,541,783547,1074872,https://overthecap.com/player/montrell-washington/10207/,https://github.com/nflverse/nflverse-data/releases/download/stats_player/stats_player_reg_2022.csv,2026-09-28
00-0031549,Nelson Agholor,2022,NE,WR,14,11000000,False,UFA,Veteran deal,2021,0,0,0,0,0,31,362,2,,,,-12.4919073055488,0,0,53,0,0,0,0,2,518,14941176,9941176,https://overthecap.com/player/nelson-agholor/3868/,https://github.com/nflverse/nflverse-data/releases/download/stats_player/stats_player_reg_2022.csv,2026-09-28
00-0036182,Nick Westbrook-Ikhine,2022,TEN,WR,16,895000,False,ERFA,Veteran deal,2022,0,0,0,0,0,25,397,3,,,,2.5198795458761,0,0,50,0,0,0,0,0,436,895000,895000,https://overthecap.com/player/nick-westbrook-ikhine/9304/,https://github.com/nflverse/nflverse-data/releases/download/stats_player/stats_player_reg_2022.csv,2026-09-28
00-0036554,Nico Collins,2022,HOU,WR,10,1217879,False,Drafted,Rookie deal,2021,0,0,0,0,0,37,481,2,,,,-1.32705566278886,0,0,66,0,0,0,0,0,558,1107163,881433,https://overthecap.com/player/nico-collins/9553/,https://github.com/nflverse/nflverse-data/releases/download/stats_player/stats_player_reg_2022.csv,2026-09-28
00-0033591,Noah Brown,2022,DAL,WR,16,1187500,False,UFA,Veteran deal,2022,0,0,0,0,0,43,555,3,,,,-3.52674493331691,0,0,74,0,0,0,0,1,545,1047500,1187500,https://overthecap.com/player/noah-brown/5825/,https://github.com/nflverse/nflverse-data/releases/download/stats_player/stats_player_reg_2022.csv,2026-09-28
00-0035621,Nsimba Webster,2022,CHI,WR,1,965000,False,SFA,Veteran deal,2022,0,0,0,0,0,2,14,0,,,,0.38132999476511,0,0,3,0,0,0,0,0,359,425622,425622,https://overthecap.com/player/nsimba-webster/8484/,https://github.com/nflverse/nflverse-data/releases/download/stats_player/stats_player_reg_2022.csv,2026-09-28
00-0035208,Olamide Zaccheaus,2022,ATL,WR,16,2433000,False,RFA,Veteran deal,2022,0,0,0,7,0,40,533,3,,,-0.471231613657437,23.6775589132273,0,0,61,2,0,0,0,1,400,2433000,2433000,https://overthecap.com/player/olamide-zaccheaus/8393/,https://github.com/nflverse/nflverse-data/releases/download/stats_player/stats_player_reg_2022.csv,2026-09-28
00-0035639,Parris Campbell,2022,IND,WR,17,1193984,False,Drafted,Rookie deal,2019,0,0,0,58,0,63,623,3,,,2.29286615113961,-7.99446110652523,0,0,91,5,0,0,0,0,579,1519616,1146264,https://overthecap.com/player/parris-campbell/7850/,https://github.com/nflverse/nflverse-data/releases/download/stats_player/stats_player_reg_2022.csv,2026-09-28
00-0035022,Penny Hart,2022,SEA,WR,4,895000,False,ERFA,Veteran deal,2022,0,0,0,0,0,3,20,0,,,,-1.82540616662288,0,0,4,0,0,0,0,0,553,895000,895000,https://overthecap.com/player/penny-hart/8179/,https://github.com/nflverse/nflverse-data/releases/download/stats_player/stats_player_reg_2022.csv,2026-09-28
00-0033111,Pharoh Cooper,2022,ARI,WR,5,1035000,False,SFA,Veteran deal,2022,0,0,0,15,0,2,6,0,,,-0.493627122545149,-0.779109605588019,0,0,2,4,0,0,0,0,635,99444,115000,https://overthecap.com/player/pharoh-cooper/4830/,https://github.com/nflverse/nflverse-data/releases/download/stats_player/stats_player_reg_2022.csv,2026-09-28
00-0032208,Phillip Dorsett,2022,HOU,WR,15,1087500,False,SFA,Veteran deal,2021,0,0,0,0,0,20,257,1,-0.536111096618697,,,-3.7097915057485,1,0,40,0,0,0,0,0,558,1267353,1217353,https://overthecap.com/player/phillip-dorsett/3877/,https://github.com/nflverse/nflverse-data/releases/download/stats_player/stats_player_reg_2022.csv,2026-09-28
00-0036271,Quez Watkins,2022,PHI,WR,17,866165,False,Drafted,Rookie deal,2020,0,0,0,1,0,33,354,3,,,-2.6935721475884,-12.7729538753001,0,0,51,3,0,0,0,1,505,937415,895000,https://overthecap.com/player/quez-watkins/8940/,https://github.com/nflverse/nflverse-data/releases/download/stats_player/stats_player_reg_2022.csv,2026-09-28
00-0036277,Quintez Cephus,2022,DET,WR,3,899823,False,Drafted,Rookie deal,2020,0,0,0,0,0,2,15,0,,,,2.97255951358238,0,0,3,0,0,0,0,0,563,971073,895000,https://overthecap.com/player/quintez-cephus/8906/,https://github.com/nflverse/nflverse-data/releases/download/stats_player/stats_player_reg_2022.csv,2026-09-28
00-0036652,Racey McMath,2022,TEN,WR,4,912839,False,Drafted,Rookie deal,2021,0,0,0,4,0,2,40,0,,,-0.26016230112873,-5.56279355299193,0,0,8,1,0,0,0,0,436,600617,557778,https://overthecap.com/player/racey-mcmath/9669/,https://github.com/nflverse/nflverse-data/releases/download/stats_player/stats_player_reg_2022.csv,2026-09-28
00-0028002,Randall Cobb,2022,GB,WR,13,3000000,False,Other,Unknown,2022,0,0,0,0,0,34,417,1,,,,22.5648378137983,0,0,50,0,0,0,0,0,540,4149019,3000000,https://overthecap.com/player/randall-cobb/1130/,https://github.com/nflverse/nflverse-data/releases/download/stats_player/stats_player_reg_2022.csv,2026-09-28
00-0037545,Rashid Shaheed,2022,NO,WR,12,787500,False,SFA,Veteran deal,2022,0,0,0,57,1,28,488,2,,,4.58333272335585,31.0551040175899,0,0,34,4,0,0,0,0,493,509167,509167,https://overthecap.com/player/rashid-shaheed/10704/,https://github.com/nflverse/nflverse-data/releases/download/stats_player/stats_player_reg_2022.csv,2026-09-28
00-0036550,Rashod Bateman,2022,BAL,WR,6,3149854,False,Drafted,Rookie deal,2021,0,0,0,0,0,15,285,2,,,,2.64761705750452,0,0,28,0,0,0,0,1,465,2863503,1232701,https://overthecap.com/player/rashod-bateman/9491/,https://github.com/nflverse/nflverse-data/releases/download/stats_player/stats_player_reg_2022.csv,2026-09-28
00-0034407,Ray-Ray McCloud,2022,SF,WR,17,2000000,False,UFA,Veteran deal,2022,0,0,0,78,1,14,243,1,,,3.87725883553503,12.3924933240633,0,0,25,4,0,0,0,0,504,1910000,2785000,https://overthecap.com/player/ray-ray-mccloud/7072/,https://github.com/nflverse/nflverse-data/releases/download/stats_player/stats_player_reg_2022.csv,2026-09-28
00-0034286,Richie James,2022,NYG,WR,16,1065000,False,UFA,Veteran deal,2022,0,0,0,6,0,57,569,4,,,-0.553319531492889,24.4958053079089,0,0,70,2,0,0,0,0,489,1065000,1065000,https://overthecap.com/player/richie-james/7125/,https://github.com/nflverse/nflverse-data/releases/download/stats_player/stats_player_reg_2022.csv,2026-09-28
00-0034054,River Cracraft,2022,MIA,WR,8,965000,False,SFA,Veteran deal,2022,0,0,0,0,0,9,102,2,,,,1.4560171206831,0,0,14,0,0,0,0,0,562,804167,804167,https://overthecap.com/player/river-cracraft/6437/,https://github.com/nflverse/nflverse-data/releases/download/stats_player/stats_player_reg_2022.csv,2026-09-28
00-0030431,Robert Woods,2022,TEN,WR,17,16250000,False,Extension,Veteran deal,2020,0,0,0,0,0,53,527,2,,,,8.94663831669898,0,0,91,0,0,0,0,0,436,7410000,10000000,https://overthecap.com/player/robert-woods/2428/,https://github.com/nflverse/nflverse-data/releases/download/stats_player/stats_player_reg_2022.csv,2026-09-28
00-0037816,Romeo Doubs,2022,GB,WR,13,1085979,False,Drafted,Rookie deal,2022,0,0,0,11,0,42,425,3,,,0.518284689751454,-2.37979611758255,0,0,67,1,0,0,0,1,540,875979,1388916,https://overthecap.com/player/romeo-doubs/10177/,https://github.com/nflverse/nflverse-data/releases/download/stats_player/stats_player_reg_2022.csv,2026-09-28
00-0036936,Rondale Moore,2022,ARI,WR,8,1731064,False,Drafted,Rookie deal,2021,0,0,0,-5,0,41,414,1,,,-7.55513993569184,11.3752210443929,0,0,56,6,0,0,0,0,635,1573694,974739,https://overthecap.com/player/rondale-moore/9513/,https://github.com/nflverse/nflverse-data/releases/download/stats_player/stats_player_reg_2022.csv,2026-09-28
00-0034411,Russell Gage,2022,TB,WR,13,10000000,False,UFA,Veteran deal,2022,0,0,0,0,0,51,426,5,,,,20.5077650418973,0,0,70,0,0,0,0,1,724,5666666,10000000,https://overthecap.com/player/russell-gage/7079/,https://github.com/nflverse/nflverse-data/releases/download/stats_player/stats_player_reg_2022.csv,2026-09-28
00-0037098,Samori Toure,2022,GB,WR,4,934253,False,Drafted,Rookie deal,2022,0,0,0,0,0,5,82,1,,,,3.20617341935811,0,0,10,0,0,0,0,0,540,724253,782012,https://overthecap.com/player/samori-toure/10303/,https://github.com/nflverse/nflverse-data/releases/download/stats_player/stats_player_reg_2022.csv,2026-09-28
00-0035298,Scott Miller,2022,TB,WR,12,661960,False,Drafted,Rookie deal,2019,0,0,0,8,0,23,185,0,,,-0.361206862144172,0.70708928487305,0,0,40,1,0,0,0,0,724,996960,965000,https://overthecap.com/player/scott-miller/7999/,https://github.com/nflverse/nflverse-data/releases/download/stats_player/stats_player_reg_2022.csv,2026-09-28
00-0036572,Shi Smith,2022,CAR,WR,17,913104,False,Drafted,Rookie deal,2021,0,0,0,0,0,22,296,2,,,,-9.33315505336949,0,0,41,0,0,0,0,1,427,868104,825000,https://overthecap.com/player/shi-smith/9668/,https://github.com/nflverse/nflverse-data/releases/download/stats_player/stats_player_reg_2022.csv,2026-09-28
00-0036646,Simi Fehoko,2022,DAL,WR,3,930038,False,Drafted,Rookie deal,2021,0,0,0,0,0,3,24,0,,,,-1.14632218365269,0,0,4,0,0,0,0,0,545,617816,557778,https://overthecap.com/player/simi-fehoko/9643/,https://github.com/nflverse/nflverse-data/releases/download/stats_player/stats_player_reg_2022.csv,2026-09-28
00-0038090,Skyy Moore,2022,KC,WR,16,1612627,False,Drafted,Rookie deal,2022,0,0,0,24,0,22,250,0,,,1.35877166036516,5.48609245159798,0,0,33,3,0,0,0,0,614,1172819,2576276,https://overthecap.com/player/skyy-moore/10099/,https://github.com/nflverse/nflverse-data/releases/download/stats_player/stats_player_reg_2022.csv,2026-09-28
00-0037581,Stanley Berryhill,2022,DET,WR,1,705000,False,SFA,Veteran deal,2022,0,0,0,0,0,0,0,0,,,,,0,0,0,0,0,0,0,0,563,158834,158834,https://overthecap.com/player/stanley-berryhill/10321/,https://github.com/nflverse/nflverse-data/releases/download/stats_player/stats_player_reg_2022.csv,2026-09-28
00-0035399,Stanley Morgan,2022,CIN,WR,9,1122500,False,SFA,Veteran deal,2022,0,0,0,0,0,0,0,0,,,,-3.1803987219464,0,0,1,0,0,0,0,0,594,1065000,1115000,https://overthecap.com/player/stanley-morgan/8316/,https://github.com/nflverse/nflverse-data/releases/download/stats_player/stats_player_reg_2022.csv,2026-09-28
00-0031588,Stefon Diggs,2022,BUF,WR,16,24000000,False,Extension,Veteran deal,2022,0,0,0,-3,0,108,1429,11,,,-1.29241677233949,75.1044146093881,0,0,154,1,0,0,0,0,551,11736111,24580000,https://overthecap.com/player/stefon-diggs/3994/,https://github.com/nflverse/nflverse-data/releases/download/stats_player/stats_player_reg_2022.csv,2026-09-28
00-0032385,Sterling Shepard,2022,NYG,WR,3,3000000,False,Other,Unknown,2022,0,0,0,0,0,13,154,1,,,,-3.12675365246259,0,0,24,0,0,0,0,0,489,6303824,2382353,https://overthecap.com/player/sterling-shepard/4753/,https://github.com/nflverse/nflverse-data/releases/download/stats_player/stats_player_reg_2022.csv,2026-09-28
00-0034928,Steven Sims,2022,PIT,WR,12,895000,False,SFA,Veteran deal,2022,0,0,0,70,0,14,104,0,,,2.04482268402353,-5.79347952550491,0,0,23,13,0,0,0,0,548,895000,895000,https://overthecap.com/player/steven-sims/8075/,https://github.com/nflverse/nflverse-data/releases/download/stats_player/stats_player_reg_2022.csv,2026-09-28
00-0029608,T.Y. Hilton,2022,DAL,WR,3,2900000,False,SFA,Veteran deal,2022,0,0,0,0,0,7,121,0,,,,10.0845039510168,0,0,10,0,0,0,0,0,545,800000,635294,https://overthecap.com/player/t-y-hilton/595/,https://github.com/nflverse/nflverse-data/releases/download/stats_player/stats_player_reg_2022.csv,2026-09-28
00-0033633,Tanner Gentry,2022,BUF,WR,1,887500,False,SFA,Veteran deal,2022,0,0,0,0,0,0,0,0,,,,-0.789629820268601,0,0,1,0,0,0,0,0,551,286999,286999,https://overthecap.com/player/tanner-gentry/6179/,https://github.com/nflverse/nflverse-data/releases/download/stats_player/stats_player_reg_2022.csv,2026-09-28
00-0037524,Tay Martin,2022,SF,WR,1,856167,False,UDFA,Rookie deal,2022,0,0,0,0,0,0,0,0,,,,,0,0,0,0,0,0,0,0,504,262334,262334,https://overthecap.com/player/tay-martin/10555/,https://github.com/nflverse/nflverse-data/releases/download/stats_player/stats_player_reg_2022.csv,2026-09-28
00-0036410,Tee Higgins,2022,CIN,WR,14,2171697,False,Drafted,Rookie deal,2020,0,0,0,0,0,74,1029,7,,,,54.5683294738776,0,0,109,0,0,0,0,0,594,2369124,1399708,https://overthecap.com/player/tee-higgins/8773/,https://github.com/nflverse/nflverse-data/releases/download/stats_player/stats_player_reg_2022.csv,2026-09-28
00-0036955,Terrace Marshall Jr.,2022,CAR,WR,13,1432371,False,Drafted,Rookie deal,2021,0,0,0,0,0,28,490,1,,,,21.4001740347978,0,0,47,0,0,0,0,0,427,1302155,920431,https://overthecap.com/player/terrace-marshall-jr/9523/,https://github.com/nflverse/nflverse-data/releases/download/stats_player/stats_player_reg_2022.csv,2026-09-28
00-0035659,Terry McLaurin,2022,WAS,WR,17,23200000,False,Extension,Veteran deal,2022,0,0,0,29,0,77,1191,5,,,1.28761015052442,48.6600150744493,0,0,120,7,0,0,0,0,531,7329923,29479118,https://overthecap.com/player/terry-mclaurin/7867/,https://github.com/nflverse/nflverse-data/releases/download/stats_player/stats_player_reg_2022.csv,2026-09-28
00-0036497,Tim Jones,2022,JAX,WR,7,705000,False,SFA,Veteran deal,2022,0,0,0,0,0,3,30,0,,,,1.18874244944891,0,0,4,0,0,0,0,0,574,705000,705000,https://overthecap.com/player/tim-jones/9785/,https://github.com/nflverse/nflverse-data/releases/download/stats_player/stats_player_reg_2022.csv,2026-09-28
00-0035544,Tom Kennedy,2022,DET,WR,5,825000,False,ERFA / SFA,Veteran deal,2022,0,0,0,0,0,8,141,0,,,,7.93122358562974,0,0,15,0,0,0,0,0,563,34500,34500,https://overthecap.com/player/tom-kennedy/8635/,https://github.com/nflverse/nflverse-data/releases/download/stats_player/stats_player_reg_2022.csv,2026-09-28
00-0034765,Tre'Quan Smith,2022,NO,WR,10,3000000,False,UFA,Veteran deal,2022,0,0,0,0,0,19,278,1,,,,7.38566259577621,0,0,27,0,0,0,0,0,493,1600000,3100000,https://overthecap.com/player/trequan-smith/6976/,https://github.com/nflverse/nflverse-data/releases/download/stats_player/stats_player_reg_2022.csv,2026-09-28
00-0034487,Trent Sherfield,2022,MIA,WR,16,1187500,False,UFA,Veteran deal,2022,0,0,0,0,0,30,417,2,,,,6.53641297516559,0,0,51,0,0,0,0,0,562,1047500,1187500,https://overthecap.com/player/trent-sherfield/7544/,https://github.com/nflverse/nflverse-data/releases/download/stats_player/stats_player_reg_2022.csv,2026-09-28
00-0033292,Trent Taylor,2022,CIN,WR,16,1135000,False,SFA,Veteran deal,2022,0,0,0,15,0,6,62,0,,,-2.15683698910289,-0.339048850492868,0,0,10,4,0,0,0,0,594,1135000,1135000,https://overthecap.com/player/trent-taylor/5763/,https://github.com/nflverse/nflverse-data/releases/download/stats_player/stats_player_reg_2022.csv,2026-09-28
00-0035341,Trenton Irwin,2022,CIN,WR,9,882500,False,SFA,Veteran deal,2022,0,0,0,11,0,15,231,4,,,0.635329640004784,19.6787893852738,0,0,23,1,0,0,0,0,594,320833,320833,https://overthecap.com/player/trenton-irwin/8248/,https://github.com/nflverse/nflverse-data/releases/download/stats_player/stats_player_reg_2022.csv,2026-09-28
00-0037742,Treylon Burks,2022,TEN,WR,11,3592398,False,Drafted,Rookie deal,2022,0,0,0,47,0,33,444,1,,,3.63971945503727,3.90223934915993,0,0,54,4,0,0,0,0,436,2612653,8335612,https://overthecap.com/player/treylon-burks/10063/,https://github.com/nflverse/nflverse-data/releases/download/stats_player/stats_player_reg_2022.csv,2026-09-28
00-0034930,Trinity Benson,2022,DET,WR,1,882500,False,SFA,Veteran deal,2022,0,0,0,0,0,0,0,0,,,,,0,0,0,0,0,0,0,0,563,248056,248056,https://overthecap.com/player/trinity-benson/8052/,https://github.com/nflverse/nflverse-data/releases/download/stats_player/stats_player_reg_2022.csv,2026-09-28
00-0036849,Tutu Atwell,2022,LA,WR,12,1477175,False,Drafted,Rookie deal,2021,0,0,0,34,1,18,298,1,,,-0.293746374372859,4.0469003132936,0,0,35,9,0,0,0,0,517,1342886,928577,https://overthecap.com/player/tutu-atwell/9521/,https://github.com/nflverse/nflverse-data/releases/download/stats_player/stats_player_reg_2022.csv,2026-09-28
00-0032200,Ty Montgomery,2022,NE,WR,1,1800000,False,UFA,Veteran deal,2022,0,0,0,-2,0,3,15,1,,,-3.09117927588522,2.18084644415649,0,0,4,2,0,0,0,0,518,1640000,1530000,https://overthecap.com/player/ty-montgomery/3942/,https://github.com/nflverse/nflverse-data/releases/download/stats_player/stats_player_reg_2022.csv,2026-09-28
00-0036630,Tylan Wallace,2022,BAL,WR,5,1041339,False,Drafted,Rookie deal,2021,0,0,0,0,0,4,33,0,,,,-2.95119739335496,0,0,7,0,0,0,0,0,465,996339,825000,https://overthecap.com/player/tylan-wallace/9595/,https://github.com/nflverse/nflverse-data/releases/download/stats_player/stats_player_reg_2022.csv,2026-09-28
00-0033009,Tyler Boyd,2022,CIN,WR,16,10750000,False,Extension,Veteran deal,2019,23,0,0,0,0,58,762,5,0.607288444065489,57.5480371713638,,28.9906202058335,1,1,82,0,1,0,0,0,594,10100000,8700000,https://overthecap.com/player/tyler-boyd/4768/,https://github.com/nflverse/nflverse-data/releases/download/stats_player/stats_player_reg_2022.csv,2026-09-28
00-0032211,Tyler Lockett,2022,SEA,WR,16,17300000,False,Extension,Veteran deal,2021,0,0,0,0,0,84,1033,9,,,,38.2528815277913,0,0,117,0,0,0,0,1,553,10050000,16000000,https://overthecap.com/player/tyler-lockett/3917/,https://github.com/nflverse/nflverse-data/releases/download/stats_player/stats_player_reg_2022.csv,2026-09-28
00-0038104,Tyquan Thornton,2022,NE,WR,12,1763465,False,Drafted,Rookie deal,2022,0,0,0,16,1,22,247,2,,,0.73909505456686,-2.8933255154024,0,0,45,3,0,0,0,0,518,1282520,3015080,https://overthecap.com/player/tyquan-thornton/10095/,https://github.com/nflverse/nflverse-data/releases/download/stats_player/stats_player_reg_2022.csv,2026-09-28
00-0033040,Tyreek Hill,2022,MIA,WR,17,30000000,False,Extension,Veteran deal,2022,0,0,0,32,1,119,1710,7,,,2.02702156826854,64.0624374576112,0,0,170,7,0,0,0,0,562,6485000,26885000,https://overthecap.com/player/tyreek-hill/4878/,https://github.com/nflverse/nflverse-data/releases/download/stats_player/stats_player_reg_2022.csv,2026-09-28
00-0036415,Van Jefferson,2022,LA,WR,10,1402785,False,Drafted,Rookie deal,2020,0,0,0,0,0,24,369,3,,,,11.8007902923273,0,0,44,0,0,0,0,0,517,1530311,1120104,https://overthecap.com/player/van-jefferson/8797/,https://github.com/nflverse/nflverse-data/releases/download/stats_player/stats_player_reg_2022.csv,2026-09-28
00-0037745,Velus Jones Jr.,2022,CHI,WR,11,1351481,False,Drafted,Rookie deal,2022,0,0,0,103,1,7,107,1,,,2.12876566674095,-1.50382053002249,0,0,14,9,0,1,0,0,359,982895,1816580,https://overthecap.com/player/velus-jones-jr/10116/,https://github.com/nflverse/nflverse-data/releases/download/stats_player/stats_player_reg_2022.csv,2026-09-28
00-0038117,Wan'Dale Robinson,2022,NYG,WR,6,2046292,False,Drafted,Rookie deal,2022,0,0,0,-1,0,23,227,1,,,-1.28240889380686,11.7818256164088,0,0,31,2,0,0,0,0,489,1488212,3837848,https://overthecap.com/player/wandale-robinson/10088/,https://github.com/nflverse/nflverse-data/releases/download/stats_player/stats_player_reg_2022.csv,2026-09-28
00-0033251,Zach Pascal,2022,PHI,WR,15,1500000,False,UFA,Veteran deal,2022,0,0,0,0,0,15,150,1,,,-3.61139016505331,0.302209988003597,0,0,19,1,0,0,0,0,505,1500000,1500000,https://overthecap.com/player/zach-pascal/5961/,https://github.com/nflverse/nflverse-data/releases/download/stats_player/stats_player_reg_2022.csv,2026-09-28
00-0033891,Zay Jones,2022,JAX,WR,16,8000000,False,UFA,Veteran deal,2022,0,0,0,18,0,82,823,5,,,0.518665574258193,41.4838622254986,0,0,121,4,0,0,0,0,574,4303921,8720588,https://overthecap.com/player/zay-jones/5623/,https://github.com/nflverse/nflverse-data/releases/download/stats_player/stats_player_reg_2022.csv,2026-09-28
00-0031288,AJ McCarron,2023,CIN,QB,2,1165000,False,SFA,Veteran deal,2023,19,0,0,0,0,0,0,0,-5.25107204460073,-4.63988780975342,,,5,1,0,0,4,0,0,0,592,313333,388333,https://overthecap.com/player/a-j-mccarron/3103/,https://github.com/nflverse/nflverse-data/releases/download/stats_player/stats_player_reg_2023.csv,2026-09-28
00-0023459,Aaron Rodgers,2023,NYJ,QB,1,37500000,False,Other,Unknown,2023,0,0,0,0,0,0,0,0,-2.03195988433436,,,,1,1,0,0,0,0,0,0,563,8888888,36888888,https://overthecap.com/player/aaron-rodgers/1085/,https://github.com/nflverse/nflverse-data/releases/download/stats_player/stats_player_reg_2023.csv,2026-09-28
00-0038579,Aidan O'Connell,2023,LV,QB,11,1087345,False,Drafted,Rookie deal,2023,2218,12,7,11,1,0,0,0,-17.7996077894484,-3.90354969671794,-4.11663526669145,,343,24,0,17,213,0,2,0,531,877345,1259380,https://overthecap.com/player/aidan-oconnell/10959/,https://github.com/nflverse/nflverse-data/releases/download/stats_player/stats_player_reg_2023.csv,2026-09-28
00-0027973,Andy Dalton,2023,CAR,QB,2,5000000,False,UFA,Veteran deal,2023,361,2,0,12,0,0,0,0,4.54832959122722,-5.50634359058581,1.4284599639941,,58,3,0,3,34,0,0,0,534,2132000,6000000,https://overthecap.com/player/andy-dalton/160/,https://github.com/nflverse/nflverse-data/releases/download/stats_player/stats_player_reg_2023.csv,2026-09-28
00-0039164,Anthony Richardson,2023,IND,QB,4,8498508,False,Drafted,Rookie deal,2023,577,3,1,136,4,0,0,0,6.69379128707211,-7.68746189129205,0.430104339262471,,84,7,0,25,50,1,0,0,546,6180733,22472932,https://overthecap.com/player/anthony-richardson/10828/,https://github.com/nflverse/nflverse-data/releases/download/stats_player/stats_player_reg_2023.csv,2026-09-28
00-0038108,Bailey Zappe,2023,NE,QB,10,985000,False,SFA,Veteran deal,2023,1272,6,9,83,1,0,0,0,-81.795452715474,-4.42770113154213,4.63150148303248,,212,25,0,17,127,0,1,0,541,870000,870000,https://overthecap.com/player/bailey-zappe/10182/,https://github.com/nflverse/nflverse-data/releases/download/stats_player/stats_player_reg_2023.csv,2026-09-28
00-0034855,Baker Mayfield,2023,TB,QB,17,4000000,False,UFA,Veteran deal,2023,4044,28,10,163,1,0,0,0,49.8251785009099,0.239822741625083,-14.4836471974798,,566,40,0,62,364,0,3,0,550,1700000,4000000,https://overthecap.com/player/baker-mayfield/6886/,https://github.com/nflverse/nflverse-data/releases/download/stats_player/stats_player_reg_2023.csv,2026-09-28
00-0027948,Blaine Gabbert,2023,KC,QB,2,1317500,False,UFA,Veteran deal,2023,185,0,3,45,0,0,0,0,-16.1432871051638,-15.380810288822,-0.619769561337307,,35,1,0,7,18,0,0,0,599,1092500,1317500,https://overthecap.com/player/blaine-gabbert/913/,https://github.com/nflverse/nflverse-data/releases/download/stats_player/stats_player_reg_2023.csv,2026-09-28
00-0026625,Brian Hoyer,2023,LV,QB,2,2250000,False,SFA,Veteran deal,2023,231,0,2,-3,0,0,0,0,-8.7807727533644,-11.1679319824491,-1.8153455403517,,42,1,0,3,23,0,0,0,531,1655000,2092500,https://overthecap.com/player/brian-hoyer/625/,https://github.com/nflverse/nflverse-data/releases/download/stats_player/stats_player_reg_2023.csv,2026-09-28
00-0037834,Brock Purdy,2023,SF,QB,16,934253,False,Drafted,Rookie deal,2022,4280,31,11,144,2,0,0,0,143.753558569535,5.38388062835577,11.4274924905203,,444,28,0,39,308,0,2,0,471,889253,870000,https://overthecap.com/player/brock-purdy/10307/,https://github.com/nflverse/nflverse-data/releases/download/stats_player/stats_player_reg_2023.csv,2026-09-28
00-0039150,Bryce Young,2023,CAR,QB,16,9488769,False,Drafted,Rookie deal,2023,2877,11,10,253,0,0,0,0,-159.273441874737,-1.40984062762821,22.6692995195758,,527,62,0,39,315,0,6,0,534,6900922,25353688,https://overthecap.com/player/bryce-young/10825/,https://github.com/nflverse/nflverse-data/releases/download/stats_player/stats_player_reg_2023.csv,2026-09-28
00-0033936,C.J. Beathard,2023,JAX,QB,6,2250000,False,UFA,Veteran deal,2023,349,1,0,35,0,0,0,0,4.63371499202448,9.76841346575664,2.02109879528871,,53,6,0,8,40,0,0,0,607,2080000,2580000,https://overthecap.com/player/c-j-beathard/5690/,https://github.com/nflverse/nflverse-data/releases/download/stats_player/stats_player_reg_2023.csv,2026-09-28
00-0039163,C.J. Stroud,2023,HOU,QB,15,9069811,False,Drafted,Rookie deal,2023,4108,23,5,167,3,1,0,0,61.9851726107086,0.210334999220712,6.11049569134925,-0.873243719805032,499,38,1,39,319,1,3,0,566,6596226,24134904,https://overthecap.com/player/c-j-stroud/10826/,https://github.com/nflverse/nflverse-data/releases/download/stats_player/stats_player_reg_2023.csv,2026-09-28
00-0032950,Carson Wentz,2023,LA,QB,1,1315000,False,SFA,Veteran deal,2023,163,2,1,56,1,0,0,0,8.11785306221293,6.66306524173073,0.964001336600631,,24,2,0,17,17,0,0,0,555,620000,732500,https://overthecap.com/player/carson-wentz/4715/,https://github.com/nflverse/nflverse-data/releases/download/stats_player/stats_player_reg_2023.csv,2026-09-28
00-0028986,Case Keenum,2023,HOU,QB,2,3125000,False,UFA,Veteran deal,2023,291,1,3,1,0,0,0,0,-20.6513293816017,-2.89297565525653,-1.65093343582703,,53,6,0,2,34,0,0,0,566,2750000,3250000,https://overthecap.com/player/case-keenum/1651/,https://github.com/nflverse/nflverse-data/releases/download/stats_player/stats_player_reg_2023.csv,2026-09-28
00-0038582,Clayton Tune,2023,ARI,QB,6,1047656,False,Drafted,Rookie deal,2023,62,0,2,30,1,0,0,0,-34.7495431726566,-15.1477938606626,0.41171421630145,,21,7,0,8,12,0,1,0,540,837656,1100624,https://overthecap.com/player/clayton-tune/10963/,https://github.com/nflverse/nflverse-data/releases/download/stats_player/stats_player_reg_2023.csv,2026-09-28
00-0033662,Cooper Rush,2023,DAL,QB,7,2500000,False,UFA,Veteran deal,2023,144,0,1,-5,0,0,0,0,-5.23994774756922,6.77560493350029,-5.68589237047127,,24,1,0,12,18,0,0,0,605,2125000,2750000,https://overthecap.com/player/cooper-rush/6234/,https://github.com/nflverse/nflverse-data/releases/download/stats_player/stats_player_reg_2023.csv,2026-09-28
00-0033077,Dak Prescott,2023,DAL,QB,17,40000000,False,Franchise,Veteran deal,2021,4516,36,9,242,2,0,0,0,120.795064788113,3.93469404692084,13.0905577257946,,590,39,0,55,410,1,1,0,605,26832647,31000000,https://overthecap.com/player/dak-prescott/4848/,https://github.com/nflverse/nflverse-data/releases/download/stats_player/stats_player_reg_2023.csv,2026-09-28
00-0035710,Daniel Jones,2023,NYG,QB,6,40000000,False,UFA,Veteran deal,2023,909,2,6,206,1,0,0,0,-61.402004205717,0.279664262837055,5.83452782023381,,160,30,0,40,108,0,1,0,485,15435000,46000000,https://overthecap.com/player/daniel-jones/7797/,https://github.com/nflverse/nflverse-data/releases/download/stats_player/stats_player_reg_2023.csv,2026-09-28
00-0036898,Davis Mills,2023,HOU,QB,5,1305525,False,Drafted,Rookie deal,2021,173,2,0,9,0,0,0,0,-5.02957749835332,-19.542079850247,0.575884140504059,,39,2,0,2,18,0,0,0,566,1424209,1134736,https://overthecap.com/player/davis-mills/9531/,https://github.com/nflverse/nflverse-data/releases/download/stats_player/stats_player_reg_2023.csv,2026-09-28
00-0031280,Derek Carr,2023,NO,QB,17,37500000,False,SFA,Veteran deal,2023,3878,25,8,40,0,0,0,0,28.0250573136216,3.03275788890244,-20.2758738386335,,548,31,0,32,375,1,2,0,579,7200000,30000000,https://overthecap.com/player/derek-carr/2975/,https://github.com/nflverse/nflverse-data/releases/download/stats_player/stats_player_reg_2023.csv,2026-09-28
00-0033537,Deshaun Watson,2023,CLE,QB,6,46000000,False,Other,Unknown,2022,1115,7,4,142,1,0,0,0,-18.950161800698,-0.326099278348865,9.93737510554055,,171,17,0,26,105,1,1,0,597,19057000,46000000,https://overthecap.com/player/deshaun-watson/5596/,https://github.com/nflverse/nflverse-data/releases/download/stats_player/stats_player_reg_2023.csv,2026-09-28
00-0038122,Desmond Ridder,2023,ATL,QB,15,1340741,False,Drafted,Rookie deal,2022,2836,12,12,193,5,1,-6,0,-32.2407411758443,-1.33553502957026,-14.4358171576846,-1.51534781605005,388,31,1,53,249,3,4,0,508,1218855,948771,https://overthecap.com/player/desmond-ridder/10119/,https://github.com/nflverse/nflverse-data/releases/download/stats_player/stats_player_reg_2023.csv,2026-09-28
00-0038583,Dorian Thompson-Robinson,2023,CLE,QB,7,1045567,False,Drafted,Rookie deal,2023,440,1,4,65,0,0,0,0,-39.5271300967777,-11.6548249267396,1.78510558580467,,112,6,0,14,60,0,0,0,597,802234,1058935,https://overthecap.com/player/dorian-thompson-robinson/10964/,https://github.com/nflverse/nflverse-data/releases/download/stats_player/stats_player_reg_2023.csv,2026-09-28
00-0035704,Drew Lock,2023,SEA,QB,4,4000000,False,UFA,Veteran deal,2023,543,3,3,14,0,0,0,0,-1.60072279109785,-5.08283889293671,-0.21092454198515,,76,6,0,5,48,0,0,0,547,4000000,4000000,https://overthecap.com/player/drew-lock/7833/,https://github.com/nflverse/nflverse-data/releases/download/stats_player/stats_player_reg_2023.csv,2026-09-28
00-0035282,Easton Stick,2023,LAC,QB,5,1800000,False,UFA,Veteran deal,2023,1129,3,1,144,1,0,0,0,-34.0119861157923,-4.8076927221033,8.03756701856037,,174,14,0,27,111,0,4,0,614,1232500,1800000,https://overthecap.com/player/easton-stick/7957/,https://github.com/nflverse/nflverse-data/releases/download/stats_player/stats_player_reg_2023.csv,2026-09-28
00-0035289,Gardner Minshew,2023,IND,QB,16,3500000,False,UFA,Veteran deal,2023,3305,15,9,100,3,0,0,0,-6.59270655365336,-3.27656504928425,-2.77566413755994,,490,34,0,34,305,0,5,0,546,3500000,5500000,https://overthecap.com/player/gardner-minshew/7969/,https://github.com/nflverse/nflverse-data/releases/download/stats_player/stats_player_reg_2023.csv,2026-09-28
00-0030565,Geno Smith,2023,SEA,QB,15,25000000,False,UFA,Veteran deal,2023,3624,20,9,155,1,1,-2,0,34.5465365141742,2.44413599435051,-4.92649741779314,-1.44152006786317,499,31,1,37,323,1,2,0,547,10100000,27500000,https://overthecap.com/player/geno-smith/2249/,https://github.com/nflverse/nflverse-data/releases/download/stats_player/stats_player_reg_2023.csv,2026-09-28
00-0033119,Jacoby Brissett,2023,WAS,QB,2,8000000,False,UFA,Veteran deal,2023,224,3,0,19,0,0,0,0,16.3757347961364,17.6570831374689,1.29595495137619,,23,0,0,3,18,0,0,0,601,8500000,8000000,https://overthecap.com/player/jacoby-brissett/4804/,https://github.com/nflverse/nflverse-data/releases/download/stats_player/stats_player_reg_2023.csv,2026-09-28
00-0035100,Jake Browning,2023,CIN,QB,9,750000,False,SFA,Veteran deal,2023,1936,12,7,127,3,1,-7,0,23.352077136491,3.86625628313448,9.53552088774343,-2.10285701858811,243,24,1,27,171,0,0,0,592,750000,750000,https://overthecap.com/player/jake-browning/8189/,https://github.com/nflverse/nflverse-data/releases/download/stats_player/stats_player_reg_2023.csv,2026-09-28
00-0036389,Jalen Hurts,2023,PHI,QB,17,51000000,False,Extension,Veteran deal,2023,3858,23,15,605,15,0,0,0,62.384721995972,3.78860794305801,21.2885940640603,,538,36,0,157,352,4,1,0,525,6154286,24304000,https://overthecap.com/player/jalen-hurts/8793/,https://github.com/nflverse/nflverse-data/releases/download/stats_player/stats_player_reg_2023.csv,2026-09-28
00-0031503,Jameis Winston,2023,NO,QB,6,4000000,False,Other,Unknown,2023,264,2,3,-6,0,0,0,0,-9.78901957483122,-8.03082207838694,-4.47047001915053,,47,2,0,5,25,0,0,0,579,4532000,4100000,https://overthecap.com/player/jameis-winston/3849/,https://github.com/nflverse/nflverse-data/releases/download/stats_player/stats_player_reg_2023.csv,2026-09-28
00-0033106,Jared Goff,2023,DET,QB,17,33500000,False,Extension,Veteran deal,2019,4575,30,12,21,2,0,0,0,80.9422509190804,1.27394039957519,-21.9065818285273,,605,30,0,32,407,2,2,0,574,30975000,25975000,https://overthecap.com/player/jared-goff/4714/,https://github.com/nflverse/nflverse-data/releases/download/stats_player/stats_player_reg_2023.csv,2026-09-28
00-0038598,Jaren Hall,2023,MIN,QB,3,1029818,False,Drafted,Rookie deal,2023,168,0,1,14,0,0,0,0,-12.6760427974374,0.456173012131139,-1.96601992518322,,20,4,0,6,13,0,2,0,606,819818,1029272,https://overthecap.com/player/jaren-hall/10988/,https://github.com/nflverse/nflverse-data/releases/download/stats_player/stats_player_reg_2023.csv,2026-09-28
00-0035264,Jarrett Stidham,2023,DEN,QB,2,5000000,False,UFA,Veteran deal,2023,496,2,1,8,0,0,0,0,5.05342119600567,-3.7116197568755,-5.14247380942106,,66,7,0,9,40,0,0,0,477,3000000,4000000,https://overthecap.com/player/jarrett-stidham/7924/,https://github.com/nflverse/nflverse-data/releases/download/stats_player/stats_player_reg_2023.csv,2026-09-28
00-0032436,Jeff Driskel,2023,CLE,QB,1,1140000,False,SFA,Veteran deal,2023,166,2,2,33,0,0,0,0,-10.9572080454091,-10.9625328779221,0.475112463056576,,26,3,0,7,13,0,0,0,597,164444,180000,https://overthecap.com/player/jeff-driskel/4920/,https://github.com/nflverse/nflverse-data/releases/download/stats_player/stats_player_reg_2023.csv,2026-09-28
00-0031345,Jimmy Garoppolo,2023,LV,QB,7,24250000,False,UFA,Veteran deal,2023,1205,7,9,39,0,0,0,0,-18.1086354138621,-1.94589148868214,-2.71112023651949,,169,14,0,20,110,0,0,0,531,7002000,24070000,https://overthecap.com/player/jimmy-garoppolo/3001/,https://github.com/nflverse/nflverse-data/releases/download/stats_player/stats_player_reg_2023.csv,2026-09-28
00-0036442,Joe Burrow,2023,CIN,QB,10,55000000,False,Extension,Veteran deal,2023,2309,15,6,88,0,0,0,0,6.09503705904686,1.23375170675778,-3.51224151739734,,365,24,0,31,244,0,1,0,592,19515043,45545018,https://overthecap.com/player/joe-burrow/8741/,https://github.com/nflverse/nflverse-data/releases/download/stats_player/stats_player_reg_2023.csv,2026-09-28
00-0026158,Joe Flacco,2023,CLE,QB,5,2200000,False,SFA,Veteran deal,2023,1616,13,8,2,0,0,0,0,-0.554587160902579,-2.87560623914457,-0.469945976810131,,204,8,0,9,123,0,1,0,597,1175000,1100000,https://overthecap.com/player/joe-flacco/1383/,https://github.com/nflverse/nflverse-data/releases/download/stats_player/stats_player_reg_2023.csv,2026-09-28
00-0036264,Jordan Love,2023,GB,QB,17,13500000,False,Extension,Veteran deal,2023,4159,32,11,247,4,0,0,0,88.023584483264,1.1351436909708,-7.34256089929835,,579,30,0,50,372,2,1,0,561,4409271,9798655,https://overthecap.com/player/jordan-love/8766/,https://github.com/nflverse/nflverse-data/releases/download/stats_player/stats_player_reg_2023.csv,2026-09-28
00-0034857,Josh Allen,2023,BUF,QB,17,43000000,False,Extension,Veteran deal,2021,4306,29,18,524,15,0,0,0,91.6927982197074,5.02360811474126,54.3819283790093,,579,24,0,111,385,3,1,0,545,18636281,28000000,https://overthecap.com/player/josh-allen/6892/,https://github.com/nflverse/nflverse-data/releases/download/stats_player/stats_player_reg_2023.csv,2026-09-28
00-0036945,Justin Fields,2023,CHI,QB,13,4717988,False,Drafted,Rookie deal,2021,2562,16,9,657,4,0,0,0,-38.1904767138459,0.792793191112248,25.8147520918759,,370,44,0,124,227,1,3,0,477,5146896,2375632,https://overthecap.com/player/justin-fields/9475/,https://github.com/nflverse/nflverse-data/releases/download/stats_player/stats_player_reg_2023.csv,2026-09-28
00-0036355,Justin Herbert,2023,LAC,QB,13,52500000,False,Extension,Veteran deal,2023,3134,20,7,228,3,1,10,0,27.9168555228564,-0.311126205103123,5.38458910104854,1.78053091675974,456,29,1,52,297,0,1,0,614,8456876,17131875,https://overthecap.com/player/justin-herbert/8746/,https://github.com/nflverse/nflverse-data/releases/download/stats_player/stats_player_reg_2023.csv,2026-09-28
00-0038102,Kenny Pickett,2023,PIT,QB,12,3516976,False,Drafted,Rookie deal,2022,2070,6,4,54,1,0,0,0,-41.1884919466061,-2.12042964273883,-5.16288004297857,,324,23,0,42,201,0,0,0,484,3197251,1344450,https://overthecap.com/player/kenny-pickett/10065/,https://github.com/nflverse/nflverse-data/releases/download/stats_player/stats_player_reg_2023.csv,2026-09-28
00-0029604,Kirk Cousins,2023,MIN,QB,8,35000000,False,Extension,Veteran deal,2022,2331,18,5,25,0,0,0,0,37.1030454711041,4.28785780901151,1.68736862461083,,311,17,0,14,216,1,3,0,606,20250000,30000000,https://overthecap.com/player/kirk-cousins/1443/,https://github.com/nflverse/nflverse-data/releases/download/stats_player/stats_player_reg_2023.csv,2026-09-28
00-0034577,Kyle Allen,2023,BUF,QB,6,1232500,False,UFA,Veteran deal,2023,0,0,0,-13,0,0,0,0,,,-8.63629155163653,,0,0,0,13,0,0,0,0,545,1092500,1232500,https://overthecap.com/player/kyle-allen/7494/,https://github.com/nflverse/nflverse-data/releases/download/stats_player/stats_player_reg_2023.csv,2026-09-28
00-0036928,Kyle Trask,2023,TB,QB,2,1383834,False,Drafted,Rookie deal,2021,0,0,0,-1,0,0,0,0,-1.88030287302347,-47.0438033342362,-1.71969620726304,,1,0,0,1,0,0,0,0,550,1509637,1163212,https://overthecap.com/player/kyle-trask/9528/,https://github.com/nflverse/nflverse-data/releases/download/stats_player/stats_player_reg_2023.csv,2026-09-28
00-0035228,Kyler Murray,2023,ARI,QB,8,46100000,False,Extension,Veteran deal,2022,1799,10,5,244,3,0,0,0,-16.6664690754762,-2.2770895928372,6.73788434791838,,268,18,0,44,176,0,0,0,540,16007000,39000000,https://overthecap.com/player/kyler-murray/7792/,https://github.com/nflverse/nflverse-data/releases/download/stats_player/stats_player_reg_2023.csv,2026-09-28
00-0034796,Lamar Jackson,2023,BAL,QB,16,52000000,False,Franchise,Veteran deal,2023,3678,24,7,821,5,0,0,0,59.0715883500063,3.47518277884611,10.1596883615493,,457,37,0,148,307,2,4,0,476,22150000,80000000,https://overthecap.com/player/lamar-jackson/6917/,https://github.com/nflverse/nflverse-data/releases/download/stats_player/stats_player_reg_2023.csv,2026-09-28
00-0034438,Logan Woodside,2023,ATL,QB,1,952500,False,SFA,Veteran deal,2022,27,0,1,6,0,0,0,0,-10.0795751017577,-2.89320349693298,0.325870348373428,,4,1,0,1,3,0,0,0,508,1010000,1010000,https://overthecap.com/player/logan-woodside/7134/,https://github.com/nflverse/nflverse-data/releases/download/stats_player/stats_player_reg_2023.csv,2026-09-28
00-0036972,Mac Jones,2023,NE,QB,11,3896585,False,Drafted,Rookie deal,2021,2120,10,12,96,0,0,0,0,-54.7016012815912,-2.89277357865224,-5.37046359783764,,345,22,0,26,224,1,1,0,541,4250820,2076940,https://overthecap.com/player/mac-jones/9479/,https://github.com/nflverse/nflverse-data/releases/download/stats_player/stats_player_reg_2023.csv,2026-09-28
00-0038128,Malik Willis,2023,TEN,QB,2,1290025,False,Drafted,Rookie deal,2022,74,0,0,21,0,0,0,0,-0.068276936013552,14.3603891134262,-6.96832967567025,,5,4,0,5,4,1,0,0,478,1172750,939550,https://overthecap.com/player/malik-willis/10131/,https://github.com/nflverse/nflverse-data/releases/download/stats_player/stats_player_reg_2023.csv,2026-09-28
00-0032268,Marcus Mariota,2023,PHI,QB,2,5000000,False,SFA,Veteran deal,2023,164,1,1,52,0,0,0,0,-5.11009586436431,-0.410362559816112,5.67509956477443,,23,3,0,8,15,0,1,0,525,1932000,5000000,https://overthecap.com/player/marcus-mariota/3850/,https://github.com/nflverse/nflverse-data/releases/download/stats_player/stats_player_reg_2023.csv,2026-09-28
00-0034771,Mason Rudolph,2023,PIT,QB,4,1080000,False,SFA,Veteran deal,2023,719,3,0,8,0,0,0,0,14.3252752921225,12.4109094557555,-3.38008750192239,,74,6,0,10,55,0,1,0,484,940000,1080000,https://overthecap.com/player/mason-rudolph/6961/,https://github.com/nflverse/nflverse-data/releases/download/stats_player/stats_player_reg_2023.csv,2026-09-28
00-0030533,Matt Barkley,2023,JAX,QB,1,1165000,False,SFA,Veteran deal,2023,0,0,0,-3,0,0,0,0,,,-4.01201612025034,,0,0,0,3,0,0,0,0,607,104444,129444,https://overthecap.com/player/matt-barkley/2272/,https://github.com/nflverse/nflverse-data/releases/download/stats_player/stats_player_reg_2023.csv,2026-09-28
00-0026498,Matthew Stafford,2023,LA,QB,15,40000000,False,Extension,Veteran deal,2022,3965,24,11,65,0,0,0,0,54.1911078771295,-2.55678771120129,3.96563549202983,1.053,521,30,0,21,326,0,0,0,555,20000000,27500000,https://overthecap.com/player/matt-stafford/1060/,https://github.com/nflverse/nflverse-data/releases/download/stats_player/stats_player_reg_2023.csv,2026-09-28
00-0034401,Mike White,2023,MIA,QB,6,4000000,False,UFA,Veteran deal,2023,74,1,1,-9,0,0,0,0,-7.24090171756689,8.78609617551168,-11.8066923558654,,6,0,0,8,5,1,0,0,549,2790000,4500000,https://overthecap.com/player/mike-white/7056/,https://github.com/nflverse/nflverse-data/releases/download/stats_player/stats_player_reg_2023.csv,2026-09-28
00-0033869,Mitchell Trubisky,2023,PIT,QB,5,5625000,False,Extension,Veteran deal,2023,632,4,5,54,2,0,0,0,-18.5965319398425,-2.2353558586194,-0.689964002172928,,107,7,0,16,67,1,0,0,484,6011666,8000000,https://overthecap.com/player/mitchell-trubisky/5586/,https://github.com/nflverse/nflverse-data/releases/download/stats_player/stats_player_reg_2023.csv,2026-09-28
00-0033958,Nathan Peterman,2023,CHI,QB,1,1080000,False,SFA,Veteran deal,2023,0,0,0,-4,0,0,0,0,-0.094426492229104,,0.0,,0,1,0,2,0,0,0,0,477,678889,780000,https://overthecap.com/player/nathan-peterman/5757/,https://github.com/nflverse/nflverse-data/releases/download/stats_player/stats_player_reg_2023.csv,2026-09-28
00-0033319,Nick Mullens,2023,MIN,QB,5,2000000,False,UFA,Veteran deal,2023,1306,7,8,25,0,0,0,0,12.2968687689239,5.65178907000935,-0.0232959198627918,,148,12,0,10,100,0,0,0,606,1725000,2055000,https://overthecap.com/player/nick-mullens/6007/,https://github.com/nflverse/nflverse-data/releases/download/stats_player/stats_player_reg_2023.csv,2026-09-28
00-0033275,PJ Walker,2023,CLE,QB,5,1010000,False,SFA,Veteran deal,2023,674,1,5,30,0,0,0,0,-34.9647333648879,-12.9701925175531,-5.25156283569355,,111,11,0,13,54,0,2,0,597,112222,112222,https://overthecap.com/player/phillip-walker/5993/,https://github.com/nflverse/nflverse-data/releases/download/stats_player/stats_player_reg_2023.csv,2026-09-28
00-0033873,Patrick Mahomes,2023,KC,QB,16,45000000,False,Extension,Veteran deal,2020,4183,27,14,389,0,0,0,0,50.961515690338,2.7465315635094,13.3321867141371,,597,27,0,75,401,0,3,0,599,37133824,56850000,https://overthecap.com/player/patrick-mahomes/5594/,https://github.com/nflverse/nflverse-data/releases/download/stats_player/stats_player_reg_2023.csv,2026-09-28
00-0029263,Russell Wilson,2023,DEN,QB,15,49000000,False,Extension,Veteran deal,2022,3070,26,8,341,3,0,0,0,-15.177197524169,4.85304437487958,17.5656617270545,,447,45,0,80,297,1,4,0,477,22000000,28000000,https://overthecap.com/player/russell-wilson/1569/,https://github.com/nflverse/nflverse-data/releases/download/stats_player/stats_player_reg_2023.csv,2026-09-28
00-0029701,Ryan Tannehill,2023,TEN,QB,9,29500000,False,UFA,Veteran deal,2020,1616,4,7,74,1,0,0,0,-22.8663676627939,1.04270432446454,-4.06789508505608,-0.418015068164095,230,32,1,17,149,0,0,0,478,36600000,27000000,https://overthecap.com/player/ryan-tannehill/717/,https://github.com/nflverse/nflverse-data/releases/download/stats_player/stats_player_reg_2023.csv,2026-09-28
00-0034869,Sam Darnold,2023,SF,QB,10,4500000,False,UFA,Veteran deal,2023,297,2,1,15,1,0,0,0,-0.262156721463623,-1.43486369739879,-8.30728375105537,,46,6,0,21,28,0,1,0,471,6300000,4500000,https://overthecap.com/player/sam-darnold/6888/,https://github.com/nflverse/nflverse-data/releases/download/stats_player/stats_player_reg_2023.csv,2026-09-28
00-0037077,Sam Howell,2023,WAS,QB,17,1005400,False,Drafted,Rookie deal,2022,3946,21,21,263,5,1,4,0,-103.555177627519,-0.427237766630509,24.684257094321,-0.305893969547469,612,65,1,48,388,1,1,0,601,960400,870000,https://overthecap.com/player/sam-howell/10189/,https://github.com/nflverse/nflverse-data/releases/download/stats_player/stats_player_reg_2023.csv,2026-09-28
00-0038391,Sean Clifford,2023,GB,QB,2,1041045,False,Drafted,Rookie deal,2023,37,0,0,-2,0,0,0,0,2.14362682815408,58.5965007543564,-3.49168400029885,,1,0,0,3,1,0,0,0,561,831045,1074180,https://overthecap.com/player/sean-clifford/10973/,https://github.com/nflverse/nflverse-data/releases/download/stats_player/stats_player_reg_2023.csv,2026-09-28
00-0031800,Taylor Heinicke,2023,ATL,QB,5,7000000,False,UFA,Veteran deal,2023,890,5,4,124,1,0,0,0,-1.64327910840988,-9.08703646791263,10.0750497884292,,136,8,0,15,74,0,0,0,508,5700000,6960000,https://overthecap.com/player/taylor-heinicke/4450/,https://github.com/nflverse/nflverse-data/releases/download/stats_player/stats_player_reg_2023.csv,2026-09-28
00-0031237,Teddy Bridgewater,2023,DET,QB,1,3000000,False,SFA,Veteran deal,2023,0,0,0,-2,0,0,0,0,,,-2.67552810598863,,0,0,0,2,0,0,0,0,574,2800000,3000000,https://overthecap.com/player/teddy-bridgewater/2971/,https://github.com/nflverse/nflverse-data/releases/download/stats_player/stats_player_reg_2023.csv,2026-09-28
00-0038476,Tommy DeVito,2023,NYG,QB,9,832500,False,SFA,Veteran deal,2023,1101,8,3,195,1,0,0,0,-49.3222322049457,-2.90265702420757,-3.23050817197391,-0.947,178,37,0,36,114,1,0,0,485,416667,416667,https://overthecap.com/player/tommy-devito/11293/,https://github.com/nflverse/nflverse-data/releases/download/stats_player/stats_player_reg_2023.csv,2026-09-28
00-0036971,Trevor Lawrence,2023,JAX,QB,16,9198372,False,Drafted,Rookie deal,2021,4016,21,14,339,4,0,0,0,-0.063686143732318,0.90325108418862,1.38924204823232,,564,35,0,70,370,2,5,0,607,10034587,4004862,https://overthecap.com/player/trevor-lawrence/9465/,https://github.com/nflverse/nflverse-data/releases/download/stats_player/stats_player_reg_2023.csv,2026-09-28
00-0032156,Trevor Siemian,2023,NYJ,QB,5,1165000,False,SFA,Veteran deal,2023,724,2,4,40,0,0,0,0,-54.5947052367237,-8.92819704280959,-7.30983807716984,,153,8,0,11,86,1,2,0,563,365556,453056,https://overthecap.com/player/trevor-siemian/4098/,https://github.com/nflverse/nflverse-data/releases/download/stats_player/stats_player_reg_2023.csv,2026-09-28
00-0036212,Tua Tagovailoa,2023,MIA,QB,17,7568859,False,Drafted,Rookie deal,2020,4624,29,14,74,0,0,0,0,121.674346287805,4.49962496867277,-39.1283607501426,,560,29,0,35,388,4,1,0,549,9633093,4738468,https://overthecap.com/player/tua-tagovailoa/8745/,https://github.com/nflverse/nflverse-data/releases/download/stats_player/stats_player_reg_2023.csv,2026-09-28
00-0035993,Tyler Huntley,2023,BAL,QB,5,2627000,False,RFA,Veteran deal,2023,203,3,0,55,0,0,0,0,3.80045475512065,-7.07836525780814,-5.00479880979401,,37,4,0,15,21,0,0,0,476,2627000,2627000,https://overthecap.com/player/tyler-huntley/9318/,https://github.com/nflverse/nflverse-data/releases/download/stats_player/stats_player_reg_2023.csv,2026-09-28
00-0028118,Tyrod Taylor,2023,NYG,QB,10,5500000,False,UFA,Veteran deal,2022,1341,5,3,197,0,0,0,0,1.16901569665396,4.38499879546282,-0.412836546254149,,180,17,0,38,116,0,0,0,485,6900000,5500000,https://overthecap.com/player/tyrod-taylor/1407/,https://github.com/nflverse/nflverse-data/releases/download/stats_player/stats_player_reg_2023.csv,2026-09-28
00-0038416,Tyson Bagent,2023,CHI,QB,5,906667,False,UDFA,Rookie deal,2023,859,3,6,109,2,0,0,0,-26.3647472920779,-2.43258316447769,11.0232879592463,,143,5,0,23,94,0,2,0,477,758333,775000,https://overthecap.com/player/tyson-bagent/11238/,https://github.com/nflverse/nflverse-data/releases/download/stats_player/stats_player_reg_2023.csv,2026-09-28
00-0039152,Will Levis,2023,TEN,QB,9,2385541,False,Drafted,Rookie deal,2023,1808,8,4,57,1,0,0,0,-12.8334908396109,-0.382610123891097,-9.42832683457527,,255,28,0,25,149,2,2,0,478,1734938,4689752,https://overthecap.com/player/will-levis/10857/,https://github.com/nflverse/nflverse-data/releases/download/stats_player/stats_player_reg_2023.csv,2026-09-28
00-0037013,Zach Wilson,2023,NYJ,QB,12,8787695,False,Drafted,Rookie deal,2021,2271,8,7,211,0,0,0,0,-101.194151591588,-3.12737126565883,-16.8575269966512,,368,46,0,36,221,3,4,0,563,9586549,3855516,https://overthecap.com/player/zach-wilson/9466/,https://github.com/nflverse/nflverse-data/releases/download/stats_player/stats_player_reg_2023.csv,2026-09-28
00-0036265,AJ Dillon,2023,GB,RB,15,1321458,False,Drafted,Rookie deal,2020,0,0,0,613,2,22,223,0,,,-23.4962760458746,5.78003133673337,0,0,28,178,0,0,0,0,561,1681855,1330795,https://overthecap.com/player/a-j-dillon/8802/,https://github.com/nflverse/nflverse-data/releases/download/stats_player/stats_player_reg_2023.csv,2026-09-28
00-0033293,Aaron Jones,2023,GB,RB,11,11500000,False,Other,Unknown,2023,0,0,0,656,2,30,233,1,,,2.38290923318709,9.50120469911127,0,0,43,142,0,1,0,0,561,8197000,10682353,https://overthecap.com/player/aaron-jones/5768/,https://github.com/nflverse/nflverse-data/releases/download/stats_player/stats_player_reg_2023.csv,2026-09-28
00-0033296,Alex Armah,2023,WAS,RB,4,1080000,False,SFA,Veteran deal,2023,0,0,0,0,0,3,13,0,,,,0.974758734868374,0,0,3,0,0,0,0,0,601,574444,660000,https://overthecap.com/player/alex-armah/5778/,https://github.com/nflverse/nflverse-data/releases/download/stats_player/stats_player_reg_2023.csv,2026-09-28
00-0034972,Alexander Mattison,2023,MIN,RB,16,3500000,False,UFA,Veteran deal,2023,0,0,0,700,0,30,192,3,,,-31.7409543032685,-5.05417830269332,0,0,44,180,0,2,0,0,606,2400000,3650000,https://overthecap.com/player/alexander-mattison/7893/,https://github.com/nflverse/nflverse-data/releases/download/stats_player/stats_player_reg_2023.csv,2026-09-28
00-0033906,Alvin Kamara,2023,NO,RB,13,15000000,False,Extension,Veteran deal,2020,0,0,0,694,5,75,466,1,,,-1.03902008270938,3.35124011511063,0,0,86,180,0,0,0,0,579,7977000,10820000,https://overthecap.com/player/alvin-kamara/5653/,https://github.com/nflverse/nflverse-data/releases/download/stats_player/stats_player_reg_2023.csv,2026-09-28
00-0032104,Ameer Abdullah,2023,LV,RB,16,1750000,False,UFA,Veteran deal,2023,0,0,0,89,0,19,131,0,,,2.60262565822679,-14.2594693582509,0,0,24,15,0,0,0,0,531,1750000,1750000,https://overthecap.com/player/ameer-abdullah/3902/,https://github.com/nflverse/nflverse-data/releases/download/stats_player/stats_player_reg_2023.csv,2026-09-28
00-0036336,Anthony McFarland,2023,PIT,RB,3,940000,False,SFA,Veteran deal,2023,0,0,0,0,0,2,11,0,,,,1.19314490072429,0,0,2,0,0,0,0,0,484,24000,24000,https://overthecap.com/player/anthony-mcfarland-jr/8864/,https://github.com/nflverse/nflverse-data/releases/download/stats_player/stats_player_reg_2023.csv,2026-09-28
00-0033699,Austin Ekeler,2023,LAC,RB,14,6125000,False,RFA,Veteran deal,2020,0,0,0,628,5,51,436,1,,,-41.1234789901547,-13.3227430220989,0,0,74,179,0,2,0,2,614,7750000,6250000,https://overthecap.com/player/austin-ekeler/5865/,https://github.com/nflverse/nflverse-data/releases/download/stats_player/stats_player_reg_2023.csv,2026-09-28
00-0037157,Bam Knight,2023,DET,RB,2,870000,False,SFA,Veteran deal,2023,0,0,0,13,0,1,8,0,,,-0.205319102387875,0.609827129286714,0,0,1,3,0,0,0,0,574,488055,488055,https://overthecap.com/player/zonovan-knight/10531/,https://github.com/nflverse/nflverse-data/releases/download/stats_player/stats_player_reg_2023.csv,2026-09-28
00-0038489,Ben VanSumeren,2023,PHI,RB,5,832500,False,SFA,Veteran deal,2023,0,0,0,0,0,0,0,0,,,,,0,0,0,0,0,0,0,0,525,250000,250000,https://overthecap.com/player/ben-vansumeren/11289/,https://github.com/nflverse/nflverse-data/releases/download/stats_player/stats_player_reg_2023.csv,2026-09-28
00-0038542,Bijan Robinson,2023,ATL,RB,17,5489636,False,Drafted,Rookie deal,2023,0,0,0,976,4,58,487,4,,,-26.7062713821204,-12.9156967204551,0,0,86,214,0,3,0,0,508,3992462,13719848,https://overthecap.com/player/bijan-robinson/10832/,https://github.com/nflverse/nflverse-data/releases/download/stats_player/stats_player_reg_2023.csv,2026-09-28
00-0034414,Boston Scott,2023,PHI,RB,12,2000000,False,UFA,Veteran deal,2023,0,0,0,86,0,4,52,0,,,-3.17410284868674,2.97636320849415,0,0,6,20,0,0,0,0,525,1212360,1982353,https://overthecap.com/player/boston-scott/7086/,https://github.com/nflverse/nflverse-data/releases/download/stats_player/stats_player_reg_2023.csv,2026-09-28
00-0038488,Brady Russell,2023,SEA,RB,6,750000,False,SFA,Veteran deal,2023,0,0,0,0,0,0,0,0,,,,,0,0,0,0,0,0,0,0,547,666667,666667,https://overthecap.com/player/brady-russell/11288/,https://github.com/nflverse/nflverse-data/releases/download/stats_player/stats_player_reg_2023.csv,2026-09-28
00-0029239,Brandon Bolden,2023,LV,RB,5,2505000,False,UFA,Veteran deal,2022,0,0,0,31,1,0,0,0,,,4.73202799433796,,0,0,0,4,0,0,0,0,531,2880000,2255000,https://overthecap.com/player/brandon-bolden/1202/,https://github.com/nflverse/nflverse-data/releases/download/stats_player/stats_player_reg_2023.csv,2026-09-28
00-0038120,Breece Hall,2023,NYJ,RB,17,2253692,False,Drafted,Rookie deal,2022,0,0,0,994,5,76,591,4,,,-20.7067802430493,6.08812599242083,0,0,95,223,0,0,0,0,563,2048811,1114762,https://overthecap.com/player/breece-hall/10081/,https://github.com/nflverse/nflverse-data/releases/download/stats_player/stats_player_reg_2023.csv,2026-09-28
00-0037746,Brian Robinson,2023,WAS,RB,15,1261226,False,Drafted,Rookie deal,2022,0,0,0,733,5,36,368,4,,,-21.1365465999836,20.4248301624029,0,0,43,178,0,2,0,0,601,1146569,934314,https://overthecap.com/player/brian-robinson-jr/10143/,https://github.com/nflverse/nflverse-data/releases/download/stats_player/stats_player_reg_2023.csv,2026-09-28
00-0038597,Chase Brown,2023,CIN,RB,12,1031539,False,Drafted,Rookie deal,2023,0,0,0,179,0,14,156,1,,,-9.0110161552813,6.43528223148314,0,0,15,44,0,0,0,0,592,754873,969490,https://overthecap.com/player/chase-brown/10987/,https://github.com/nflverse/nflverse-data/releases/download/stats_player/stats_player_reg_2023.csv,2026-09-28
00-0034681,Chase Edmonds,2023,TB,RB,13,1232500,False,SFA,Veteran deal,2023,0,0,0,176,0,14,81,0,,,-6.40453142573824,1.01901787857059,0,0,17,49,0,0,0,0,550,1092500,1232500,https://overthecap.com/player/chase-edmonds/7019/,https://github.com/nflverse/nflverse-data/releases/download/stats_player/stats_player_reg_2023.csv,2026-09-28
00-0038685,Chris Brooks,2023,MIA,RB,3,899000,False,UDFA,Rookie deal,2023,0,0,0,106,0,0,0,0,,,-3.39220510114683,,0,0,0,19,0,0,0,0,549,600666,602000,https://overthecap.com/player/christopher-brooks/11433/,https://github.com/nflverse/nflverse-data/releases/download/stats_player/stats_player_reg_2023.csv,2026-09-28
00-0036857,Chris Evans,2023,CIN,RB,3,913222,False,Drafted,Rookie deal,2021,0,0,0,12,0,1,-1,0,,,-0.65153782418929,-1.34762418596074,0,0,1,2,0,0,0,0,592,983222,940000,https://overthecap.com/player/chris-evans/9666/,https://github.com/nflverse/nflverse-data/releases/download/stats_player/stats_player_reg_2023.csv,2026-09-28
00-0038611,Chris Rodriguez Jr.,2023,WAS,RB,9,1004423,False,Drafted,Rookie deal,2023,0,0,0,247,2,2,12,0,,,-3.48416020427248,0.454330039210618,0,0,2,51,0,1,0,0,601,761090,894359,https://overthecap.com/player/chris-rodriguez-jr/11017/,https://github.com/nflverse/nflverse-data/releases/download/stats_player/stats_player_reg_2023.csv,2026-09-28
00-0033280,Christian McCaffrey,2023,SF,RB,16,16015853,False,Extension,Veteran deal,2020,0,0,0,1459,14,67,564,7,,,14.3883237172558,6.45478739931872,0,0,83,272,0,2,0,0,471,3424000,12000000,https://overthecap.com/player/christian-mccaffrey/5592/,https://github.com/nflverse/nflverse-data/releases/download/stats_player/stats_player_reg_2023.csv,2026-09-28
00-0036555,Chuba Hubbard,2023,CAR,RB,17,1048290,False,Drafted,Rookie deal,2021,0,0,0,902,5,39,233,0,,,-21.5159644468484,-10.7402648197021,0,0,44,238,0,0,0,0,534,1118293,940000,https://overthecap.com/player/chuba-hubbard/9590/,https://github.com/nflverse/nflverse-data/releases/download/stats_player/stats_player_reg_2023.csv,2026-09-28
00-0036360,Clyde Edwards-Helaire,2023,KC,RB,15,2705394,False,Drafted,Rookie deal,2020,0,0,0,223,1,17,188,1,,,-14.8416489814699,3.83584068590614,0,0,22,70,0,0,0,0,599,3443229,2085670,https://overthecap.com/player/clyde-edwards-helaire/8772/,https://github.com/nflverse/nflverse-data/releases/download/stats_player/stats_player_reg_2023.csv,2026-09-28
00-0030578,Cordarrelle Patterson,2023,ATL,RB,12,5250000,False,UFA,Veteran deal,2022,0,0,0,181,0,9,38,1,,,-7.98226873380178,-4.69539345885278,0,0,12,50,0,0,0,0,508,5500000,4250000,https://overthecap.com/player/cordarrelle-patterson/2210/,https://github.com/nflverse/nflverse-data/releases/download/stats_player/stats_player_reg_2023.csv,2026-09-28
00-0035567,Craig Reynolds,2023,DET,RB,12,1080000,False,SFA / UFA,Veteran deal,2023,0,0,0,179,1,5,47,0,,,-4.47968625745853,2.83654575329274,0,0,5,41,0,1,0,0,574,940000,1080000,https://overthecap.com/player/craig-reynolds/8540/,https://github.com/nflverse/nflverse-data/releases/download/stats_player/stats_player_reg_2023.csv,2026-09-28
00-0036275,D'Andre Swift,2023,PHI,RB,16,2134730,False,Drafted,Rookie deal,2020,0,0,0,1049,5,39,214,1,,,1.91401447394998,-8.93390828878769,0,0,49,229,0,0,0,1,525,1774399,1774399,https://overthecap.com/player/dandre-swift/8775/,https://github.com/nflverse/nflverse-data/releases/download/stats_player/stats_player_reg_2023.csv,2026-09-28
00-0035628,D'Ernest Johnson,2023,JAX,RB,16,1232500,False,UFA,Veteran deal,2023,0,0,0,108,0,10,140,0,,,-13.3053339688936,9.81472385426043,0,0,12,41,0,0,0,0,607,1092500,1232500,https://overthecap.com/player/dernest-johnson/8556/,https://github.com/nflverse/nflverse-data/releases/download/stats_player/stats_player_reg_2023.csv,2026-09-28
00-0033925,D'Onta Foreman,2023,CHI,RB,9,2000000,False,UFA,Veteran deal,2023,0,0,0,425,4,11,77,1,,,-4.14315042519593,1.20445104618557,0,0,16,109,0,0,0,0,477,2000000,2000000,https://overthecap.com/player/donta-foreman/5675/,https://github.com/nflverse/nflverse-data/releases/download/stats_player/stats_player_reg_2023.csv,2026-09-28
00-0037258,Dameon Pierce,2023,HOU,RB,14,1125108,False,Drafted,Rookie deal,2022,0,0,0,416,2,13,101,0,,,-40.7575598804955,0.550458080891985,0,0,17,145,0,0,0,0,566,1098858,895000,https://overthecap.com/player/dameon-pierce/10152/,https://github.com/nflverse/nflverse-data/releases/download/stats_player/stats_player_reg_2023.csv,2026-09-28
00-0035657,Damien Harris,2023,BUF,RB,6,1770000,False,UFA,Veteran deal,2023,0,0,0,94,1,2,16,0,,,2.17426049790811,0.534958284150554,0,0,2,23,0,0,0,0,545,1770000,1770000,https://overthecap.com/player/damien-harris/7878/,https://github.com/nflverse/nflverse-data/releases/download/stats_player/stats_player_reg_2023.csv,2026-09-28
00-0033854,Dare Ogunbowale,2023,HOU,RB,9,1500000,False,SFA,Veteran deal,2022,0,0,0,35,0,2,18,0,,,-2.00453814442335,-10.0437842081301,0,0,7,8,0,0,0,0,566,1550000,1341176,https://overthecap.com/player/dare-ogunbowale/6299/,https://github.com/nflverse/nflverse-data/releases/download/stats_player/stats_player_reg_2023.csv,2026-09-28
00-0035685,David Montgomery,2023,DET,RB,14,6000000,False,UFA,Veteran deal,2023,0,0,0,1015,13,16,117,0,,,10.2834007442979,-8.17986384214601,0,0,24,219,0,1,0,0,574,2845588,6161765,https://overthecap.com/player/david-montgomery/7864/,https://github.com/nflverse/nflverse-data/releases/download/stats_player/stats_player_reg_2023.csv,2026-09-28
00-0039040,De'Von Achane,2023,MIA,RB,11,1359363,False,Drafted,Rookie deal,2023,0,0,0,800,8,27,197,3,-1.43372882343829,,33.2339752366848,1.49171892736697,0,1,37,103,0,1,0,0,549,905293,1621174,https://overthecap.com/player/devon-achane/10908/,https://github.com/nflverse/nflverse-data/releases/download/stats_player/stats_player_reg_2023.csv,2026-09-28
00-0036425,DeeJay Dallas,2023,SEA,RB,17,947350,False,Drafted,Rookie deal,2020,0,0,0,36,0,6,26,0,-0.517851746990345,,0.156264331133571,-7.68729064252693,0,1,9,10,0,0,0,0,547,1133600,1010000,https://overthecap.com/player/deejay-dallas/8884/,https://github.com/nflverse/nflverse-data/releases/download/stats_player/stats_player_reg_2023.csv,2026-09-28
00-0035715,Derrick Gore,2023,WAS,RB,3,870000,False,SFA,Veteran deal,2023,0,0,0,26,0,0,0,0,,,-1.32363200120744,,0,0,0,3,0,0,0,0,601,145000,145000,https://overthecap.com/player/derrick-gore/8594/,https://github.com/nflverse/nflverse-data/releases/download/stats_player/stats_player_reg_2023.csv,2026-09-28
00-0032764,Derrick Henry,2023,TEN,RB,17,12500000,False,Franchise,Veteran deal,2020,14,2,0,1167,12,28,214,0,4.52241072434117,21.0489571094513,-2.09850315903817,3.17448094932479,3,0,36,280,2,0,0,0,478,16367647,10500000,https://overthecap.com/player/derrick-henry/4758/,https://github.com/nflverse/nflverse-data/releases/download/stats_player/stats_player_reg_2023.csv,2026-09-28
00-0038622,Deuce Vaughn,2023,DAL,RB,6,993333,False,Drafted,Rookie deal,2023,0,0,0,40,0,7,40,0,,,-12.9092501658597,0.745196180476341,0,0,7,23,0,0,0,0,605,766666,866665,https://overthecap.com/player/deuce-vaughn/11036/,https://github.com/nflverse/nflverse-data/releases/download/stats_player/stats_player_reg_2023.csv,2026-09-28
00-0035250,Devin Singletary,2023,HOU,RB,17,2750000,False,UFA,Veteran deal,2023,6,1,0,898,4,30,193,0,1.84229658805998,69.2370086908341,-16.579682316013,-5.25356204787205,1,0,38,216,1,0,0,0,566,3125000,3125000,https://overthecap.com/player/devin-singletary/7865/,https://github.com/nflverse/nflverse-data/releases/download/stats_player/stats_player_reg_2023.csv,2026-09-28
00-0032450,Dwayne Washington,2023,DEN,RB,3,1165000,False,SFA,Veteran deal,2023,0,0,0,0,0,0,0,0,,,,,0,0,0,0,0,0,0,0,477,731111,906111,https://overthecap.com/player/dwayne-washington/4949/,https://github.com/nflverse/nflverse-data/releases/download/stats_player/stats_player_reg_2023.csv,2026-09-28
00-0038862,Elijah Dotson,2023,LAC,RB,1,900667,False,UDFA,Rookie deal,2023,0,0,0,6,0,2,13,0,,,-3.19679077283945,0.376442842651159,0,0,2,4,0,0,0,0,614,60000,60000,https://overthecap.com/player/elijah-dotson/11134/,https://github.com/nflverse/nflverse-data/releases/download/stats_player/stats_player_reg_2023.csv,2026-09-28
00-0036567,Elijah Mitchell,2023,SF,RB,11,915893,False,Drafted,Rookie deal,2021,0,0,0,281,2,6,14,0,,,-11.3035607158963,-8.16301331249997,0,0,8,75,0,0,0,0,471,985893,940000,https://overthecap.com/player/elijah-mitchell/9658/,https://github.com/nflverse/nflverse-data/releases/download/stats_player/stats_player_reg_2023.csv,2026-09-28
00-0038797,Emanuel Wilson,2023,GB,RB,5,750000,False,SFA,Veteran deal,2023,0,0,0,85,0,4,23,0,,,0.564533199358266,0.850902887439588,0,0,5,14,0,0,0,0,561,650000,650000,https://overthecap.com/player/emanuel-wilson/11345/,https://github.com/nflverse/nflverse-data/releases/download/stats_player/stats_player_reg_2023.csv,2026-09-28
00-0038705,Emari Demercado,2023,ARI,RB,11,903333,False,UDFA,Rookie deal,2023,0,0,0,284,2,21,119,0,,,-5.29673494500512,-14.9465063101843,0,0,30,58,0,0,0,0,540,755000,765000,https://overthecap.com/player/emari-demercado/11202/,https://github.com/nflverse/nflverse-data/releases/download/stats_player/stats_player_reg_2023.csv,2026-09-28
00-0038396,Eric Gray,2023,NYG,RB,10,1021245,False,Drafted,Rookie deal,2023,0,0,0,48,0,6,22,0,,,-7.89402783877449,-3.74944611499086,0,0,7,17,0,0,0,0,485,744579,928314,https://overthecap.com/player/eric-gray/10996/,https://github.com/nflverse/nflverse-data/releases/download/stats_player/stats_player_reg_2023.csv,2026-09-28
00-0038397,Evan Hull,2023,IND,RB,1,1021245,False,Drafted,Rookie deal,2023,0,0,0,1,0,1,6,0,,,-1.48695376177784,-0.108118143049069,0,0,1,1,0,0,0,0,546,527912,711647,https://overthecap.com/player/evan-hull/11000/,https://github.com/nflverse/nflverse-data/releases/download/stats_player/stats_player_reg_2023.csv,2026-09-28
00-0033045,Ezekiel Elliott,2023,NE,RB,17,3000000,False,SFA,Veteran deal,2023,0,0,0,642,3,51,313,2,,,-27.2827446409823,-10.107500240426,0,0,65,184,0,0,0,1,541,3000000,3300000,https://overthecap.com/player/ezekiel-elliott/4717/,https://github.com/nflverse/nflverse-data/releases/download/stats_player/stats_player_reg_2023.csv,2026-09-28
00-0036569,Gary Brightwell,2023,NYG,RB,4,914718,False,Drafted,Rookie deal,2021,0,0,0,19,0,5,47,0,,,-3.89982102555223,2.06305250967853,0,0,7,9,0,0,0,0,485,984718,940000,https://overthecap.com/player/gary-brightwell/9660/,https://github.com/nflverse/nflverse-data/releases/download/stats_player/stats_player_reg_2023.csv,2026-09-28
00-0034614,Godwin Igwebuike,2023,PIT,RB,7,1010000,False,SFA,Veteran deal,2023,0,0,0,0,0,0,0,0,,,,,0,0,0,0,0,0,0,0,484,897778,897778,https://overthecap.com/player/godwin-igwebuike/7520/,https://github.com/nflverse/nflverse-data/releases/download/stats_player/stats_player_reg_2023.csv,2026-09-28
00-0034184,Gus Edwards,2023,BAL,RB,17,3384000,False,Other,Unknown,2023,0,0,0,810,13,12,180,0,,,-11.7759584363283,9.55162096628919,0,0,13,198,0,2,0,0,476,2794000,4484000,https://overthecap.com/player/gus-edwards/7251/,https://github.com/nflverse/nflverse-data/releases/download/stats_player/stats_player_reg_2023.csv,2026-09-28
00-0038738,Hunter Luepke,2023,DAL,RB,10,905000,False,UDFA,Rookie deal,2023,0,0,0,19,1,3,18,0,,,4.6964431242086,-1.23849394835997,0,0,4,6,0,0,0,0,605,756666,770000,https://overthecap.com/player/hunter-luepke/11379/,https://github.com/nflverse/nflverse-data/releases/download/stats_player/stats_player_reg_2023.csv,2026-09-28
00-0038045,Isaiah Spiller,2023,LAC,RB,9,1099238,False,Drafted,Rookie deal,2022,0,0,0,96,0,6,34,0,,,-14.3609551987611,0.5254501588632,0,0,6,37,0,0,0,0,614,1054238,870000,https://overthecap.com/player/isaiah-spiller/10168/,https://github.com/nflverse/nflverse-data/releases/download/stats_player/stats_player_reg_2023.csv,2026-09-28
00-0037197,Isiah Pacheco,2023,KC,RB,14,934777,False,Drafted,Rookie deal,2022,0,0,0,935,7,44,244,2,,,-4.71448246583156,1.82196975019597,0,0,49,205,0,1,0,0,599,889777,870000,https://overthecap.com/player/isiah-pacheco/10296/,https://github.com/nflverse/nflverse-data/releases/download/stats_player/stats_player_reg_2023.csv,2026-09-28
00-0038389,Israel Abanikanda,2023,NYJ,RB,6,1044095,False,Drafted,Rookie deal,2023,0,0,0,70,0,7,43,0,,,-2.94553341485929,-1.21548775531119,0,0,11,22,0,0,0,0,563,834095,1086380,https://overthecap.com/player/israel-abanikanda/10967/,https://github.com/nflverse/nflverse-data/releases/download/stats_player/stats_player_reg_2023.csv,2026-09-28
00-0036158,J.K. Dobbins,2023,BAL,RB,1,1432360,False,Drafted,Rookie deal,2020,0,0,0,22,1,2,15,0,,,-1.84059488767525,0.519200186652597,0,0,3,8,0,0,0,0,476,1823003,1391287,https://overthecap.com/player/j-k-dobbins/8795/,https://github.com/nflverse/nflverse-data/releases/download/stats_player/stats_player_reg_2023.csv,2026-09-28
00-0039139,Jahmyr Gibbs,2023,DET,RB,15,4461285,False,Drafted,Rookie deal,2023,0,0,0,945,10,52,316,1,,,-5.18102973025623,-12.1002350766636,0,0,71,182,0,1,0,0,574,3244570,10728280,https://overthecap.com/player/jahmyr-gibbs/10836/,https://github.com/nflverse/nflverse-data/releases/download/stats_player/stats_player_reg_2023.csv,2026-09-28
00-0035726,Jakob Johnson,2023,LV,RB,8,1080000,False,SFA,Veteran deal,2023,0,0,0,0,0,1,12,0,,,,1.03370134159923,0,0,2,0,0,0,0,0,531,104444,120000,https://overthecap.com/player/jakob-johnson/8050/,https://github.com/nflverse/nflverse-data/releases/download/stats_player/stats_player_reg_2023.csv,2026-09-28
00-0038794,Jaleel McLaughlin,2023,DEN,RB,17,903333,False,UDFA,Rookie deal,2023,0,0,0,410,1,31,160,2,,,5.87916513410164,1.97124671394542,0,0,36,76,0,0,0,0,477,755000,765000,https://overthecap.com/player/jaleel-mclaughlin/11344/,https://github.com/nflverse/nflverse-data/releases/download/stats_player/stats_player_reg_2023.csv,2026-09-28
00-0033948,Jamaal Williams,2023,NO,RB,13,4000000,False,UFA,Veteran deal,2023,0,0,0,306,1,18,62,0,,,-26.2487587626613,-7.39575353301244,0,0,20,106,0,0,0,0,579,1880000,5000000,https://overthecap.com/player/jamaal-williams/5720/,https://github.com/nflverse/nflverse-data/releases/download/stats_player/stats_player_reg_2023.csv,2026-09-28
00-0033553,James Conner,2023,ARI,RB,13,7000000,False,UFA,Veteran deal,2022,0,0,0,1040,7,27,165,2,,,12.0490584581037,2.32523359669745,0,0,33,208,0,0,0,0,540,9445000,8445000,https://overthecap.com/player/james-conner/5691/,https://github.com/nflverse/nflverse-data/releases/download/stats_player/stats_player_reg_2023.csv,2026-09-28
00-0037248,James Cook,2023,BUF,RB,17,1458016,False,Drafted,Rookie deal,2022,0,0,0,1122,2,44,445,4,,,-7.3022381060924,16.3692055470968,0,0,54,237,0,1,0,1,545,1325469,970094,https://overthecap.com/player/james-cook/10108/,https://github.com/nflverse/nflverse-data/releases/download/stats_player/stats_player_reg_2023.csv,2026-09-28
00-0037410,Jashaun Corbin,2023,NYG,RB,3,832500,False,SFA,Veteran deal,2023,0,0,0,1,0,3,12,0,,,1.84878979931818,2.79917929961812,0,0,3,1,0,0,0,0,485,458333,458333,https://overthecap.com/player/jashaun-corbin/10403/,https://github.com/nflverse/nflverse-data/releases/download/stats_player/stats_player_reg_2023.csv,2026-09-28
00-0036997,Javonte Williams,2023,DEN,RB,16,2216439,False,Drafted,Rookie deal,2021,0,0,0,774,3,47,228,2,,,-37.7981038689783,-4.70279326457228,0,0,58,217,0,0,0,1,477,2417933,1465978,https://overthecap.com/player/javonte-williams/9499/,https://github.com/nflverse/nflverse-data/releases/download/stats_player/stats_player_reg_2023.csv,2026-09-28
00-0037228,Jaylen Warren,2023,PIT,RB,17,857333,False,UDFA,Rookie deal,2022,0,0,0,784,4,61,370,0,,,-4.0288537087702,-13.4326333251704,0,0,74,149,0,1,0,1,484,874000,870000,https://overthecap.com/player/jaylen-warren/10552/,https://github.com/nflverse/nflverse-data/releases/download/stats_player/stats_player_reg_2023.csv,2026-09-28
00-0034115,Jeff Wilson,2023,MIA,RB,9,3000000,False,UFA,Veteran deal,2023,0,0,0,188,0,14,85,0,,,-0.923272557498422,2.64930509003269,0,0,17,41,0,0,0,0,549,2202500,2895000,https://overthecap.com/player/jeff-wilson/7633/,https://github.com/nflverse/nflverse-data/releases/download/stats_player/stats_player_reg_2023.csv,2026-09-28
00-0033955,Jeremy McNichols,2023,SF,RB,2,1080000,False,SFA,Veteran deal,2023,0,0,0,0,0,0,0,0,,,,,0,0,0,0,0,0,0,0,471,52222,60000,https://overthecap.com/player/jeremy-mcnichols/5748/,https://github.com/nflverse/nflverse-data/releases/download/stats_player/stats_player_reg_2023.csv,2026-09-28
00-0031376,Jerick McKinnon,2023,KC,RB,12,1317500,False,SFA,Veteran deal,2023,4,1,0,60,1,25,192,4,1.10534745483892,14.645791053772,-0.0179227527287371,7.1829483300423,1,0,32,21,1,0,0,0,599,1092500,1317500,https://overthecap.com/player/jerick-mckinnon/3035/,https://github.com/nflverse/nflverse-data/releases/download/stats_player/stats_player_reg_2023.csv,2026-09-28
00-0037267,Jerome Ford,2023,CLE,RB,17,995537,False,Drafted,Rookie deal,2022,0,0,0,813,4,44,319,5,,,-36.2895365507281,-6.17822492274787,0,0,63,204,0,1,0,0,597,950537,870000,https://overthecap.com/player/jerome-ford/10201/,https://github.com/nflverse/nflverse-data/releases/download/stats_player/stats_player_reg_2023.csv,2026-09-28
00-0033897,Joe Mixon,2023,CIN,RB,17,5750000,False,Other,Unknown,2023,0,0,0,1034,9,52,376,3,,,-18.0473119154472,3.35145626563313,0,0,64,257,0,0,0,0,592,8500000,6100000,https://overthecap.com/player/joe-mixon/5634/,https://github.com/nflverse/nflverse-data/releases/download/stats_player/stats_player_reg_2023.csv,2026-09-28
00-0036223,Jonathan Taylor,2023,IND,RB,10,14000000,False,Extension,Veteran deal,2023,0,0,0,741,7,19,153,1,,,-10.159002013305,3.16458925190549,0,0,23,169,0,0,0,0,546,5117482,11990000,https://overthecap.com/player/jonathan-taylor/8781/,https://github.com/nflverse/nflverse-data/releases/download/stats_player/stats_player_reg_2023.csv,2026-09-28
00-0035924,Jonathan Ward,2023,TEN,RB,2,1010000,False,SFA,Veteran deal,2023,0,0,0,11,0,0,0,0,,,-1.81841936230194,,0,0,0,3,0,0,0,0,478,280556,280556,https://overthecap.com/player/jonathan-ward/9400/,https://github.com/nflverse/nflverse-data/releases/download/stats_player/stats_player_reg_2023.csv,2026-09-28
00-0032975,Jonathan Williams,2023,WAS,RB,1,1317500,False,UFA,Veteran deal,2023,0,0,0,-2,0,0,0,0,,,-0.994746600277722,-1.43574621761218,0,0,1,1,0,0,0,0,601,248644,273644,https://overthecap.com/player/jonathan-williams/4869/,https://github.com/nflverse/nflverse-data/releases/download/stats_player/stats_player_reg_2023.csv,2026-09-28
00-0037525,Jordan Mason,2023,SF,RB,16,853333,False,UDFA,Rookie deal,2022,0,0,0,206,3,3,31,0,,,5.64875688121538,0.765936657611746,0,0,4,40,0,0,0,0,471,873333,870000,https://overthecap.com/player/jordan-mason/10413/,https://github.com/nflverse/nflverse-data/releases/download/stats_player/stats_player_reg_2023.csv,2026-09-28
00-0038678,Jordan Mims,2023,NO,RB,2,750000,False,SFA,Veteran deal,2023,0,0,0,0,0,0,0,0,,,,-1.37122827977873,0,0,2,0,0,0,0,0,579,161667,161667,https://overthecap.com/player/jordan-mims/11422/,https://github.com/nflverse/nflverse-data/releases/download/stats_player/stats_player_reg_2023.csv,2026-09-28
00-0035700,Josh Jacobs,2023,LV,RB,13,11791000,False,Franchise,Veteran deal,2023,0,0,0,805,6,37,296,0,-1.07640659611207,,-44.3192915947308,-0.396548579951697,0,1,54,233,0,1,0,0,531,11791000,11391000,https://overthecap.com/player/josh-jacobs/7815/,https://github.com/nflverse/nflverse-data/releases/download/stats_player/stats_player_reg_2023.csv,2026-09-28
00-0036370,Joshua Kelley,2023,LAC,RB,17,1018836,False,Drafted,Rookie deal,2020,0,0,0,405,2,8,32,0,,,-26.1540332020189,-5.66513554926496,0,0,12,107,0,1,0,0,614,1205086,1010000,https://overthecap.com/player/joshua-kelley/8852/,https://github.com/nflverse/nflverse-data/releases/download/stats_player/stats_player_reg_2023.csv,2026-09-28
00-0037594,Julius Chestnut,2023,TEN,RB,1,787500,False,SFA,Veteran deal,2022,0,0,0,0,0,0,0,0,,,,,0,0,0,0,0,0,0,0,478,540833,540833,https://overthecap.com/player/julius-chestnut/10729/,https://github.com/nflverse/nflverse-data/releases/download/stats_player/stats_player_reg_2023.csv,2026-09-28
00-0034975,Justice Hill,2023,BAL,RB,16,2255000,False,UFA,Veteran deal,2023,0,0,0,387,3,28,206,1,,,0.810390190069056,-4.72581757383887,0,0,39,84,0,0,0,1,476,1510000,2010000,https://overthecap.com/player/justice-hill/7904/,https://github.com/nflverse/nflverse-data/releases/download/stats_player/stats_player_reg_2023.csv,2026-09-28
00-0033923,Kareem Hunt,2023,CLE,RB,15,1350000,False,SFA,Veteran deal,2023,0,0,0,411,9,15,84,0,,,-4.94367523786647,-2.76608950400259,0,0,21,135,0,0,0,0,597,1225000,1198529,https://overthecap.com/player/kareem-hunt/5672/,https://github.com/nflverse/nflverse-data/releases/download/stats_player/stats_player_reg_2023.csv,2026-09-28
00-0038454,Keaton Mitchell,2023,BAL,RB,7,904333,False,UDFA,Rookie deal,2023,0,0,0,396,2,9,93,0,,,17.4030145683792,2.59173651613891,0,0,11,47,0,0,0,0,476,622667,634667,https://overthecap.com/player/keaton-mitchell/11264/,https://github.com/nflverse/nflverse-data/releases/download/stats_player/stats_player_reg_2023.csv,2026-09-28
00-0038551,Kendre Miller,2023,NO,RB,7,1413578,False,Drafted,Rookie deal,2023,0,0,0,156,1,10,117,0,,,-3.09782426408492,5.60439573490294,0,0,11,41,0,0,0,0,579,1028057,1862228,https://overthecap.com/player/kendre-miller/10895/,https://github.com/nflverse/nflverse-data/releases/download/stats_player/stats_player_reg_2023.csv,2026-09-28
00-0036842,Kene Nwangwu,2023,MIN,RB,8,1058199,False,Drafted,Rookie deal,2021,0,0,0,13,0,0,0,0,,,-0.822951464913786,,0,0,0,5,0,0,0,0,606,1128199,940000,https://overthecap.com/player/kene-nwangwu/9583/,https://github.com/nflverse/nflverse-data/releases/download/stats_player/stats_player_reg_2023.csv,2026-09-28
00-0038134,Kenneth Walker III,2023,SEA,RB,15,2110395,False,Drafted,Rookie deal,2022,0,0,0,905,8,29,259,1,,,-9.32750174283865,3.51092880679062,0,0,37,219,0,0,0,0,547,1918541,1088708,https://overthecap.com/player/kenneth-walker-iii/10086/,https://github.com/nflverse/nflverse-data/releases/download/stats_player/stats_player_reg_2023.csv,2026-09-28
00-0036919,Kenny Gainwell,2023,PHI,RB,16,953881,False,Drafted,Rookie deal,2021,17,0,0,364,2,30,183,0,1.23450584860984,44.0214991569519,-11.6461177837263,2.57053866777735,1,0,37,84,1,1,0,0,525,1023881,940000,https://overthecap.com/player/kenneth-gainwell/9614/,https://github.com/nflverse/nflverse-data/releases/download/stats_player/stats_player_reg_2023.csv,2026-09-28
00-0037286,Kevin Harris,2023,NE,RB,4,927500,False,SFA,Veteran deal,2023,0,0,0,65,1,3,58,0,,,-2.28036905411864,4.87760370835895,0,0,3,16,0,0,0,0,541,145000,145000,https://overthecap.com/player/kevin-harris/10228/,https://github.com/nflverse/nflverse-data/releases/download/stats_player/stats_player_reg_2023.csv,2026-09-28
00-0036906,Khalil Herbert,2023,CHI,RB,12,902676,False,Drafted,Rookie deal,2021,0,0,0,611,2,20,134,1,,,-1.56944654025513,-16.8167716783316,0,0,31,132,0,0,0,1,477,972676,940000,https://overthecap.com/player/khalil-herbert/9681/,https://github.com/nflverse/nflverse-data/releases/download/stats_player/stats_player_reg_2023.csv,2026-09-28
00-0037840,Kyren Williams,2023,LA,RB,12,992602,False,Drafted,Rookie deal,2022,0,0,0,1144,12,32,206,3,,,23.4895996570683,-15.6004017156651,0,0,48,228,0,1,0,1,555,947602,870000,https://overthecap.com/player/kyren-williams/10209/,https://github.com/nflverse/nflverse-data/releases/download/stats_player/stats_player_reg_2023.csv,2026-09-28
00-0036269,La'Mical Perine,2023,KC,RB,2,997500,False,SFA,Veteran deal,2023,0,0,0,77,0,3,33,0,,,-2.3794992521381,-0.156067042204086,0,0,5,22,0,0,0,0,599,156667,156667,https://overthecap.com/player/lamical-perine/8860/,https://github.com/nflverse/nflverse-data/releases/download/stats_player/stats_player_reg_2023.csv,2026-09-28
00-0030513,Latavius Murray,2023,BUF,RB,15,1317500,False,UFA,Veteran deal,2023,0,0,0,300,4,17,119,0,,,-2.56229843876885,6.6656454447589,0,0,22,79,0,0,0,0,545,1092500,1317500,https://overthecap.com/player/latavius-murray/2334/,https://github.com/nflverse/nflverse-data/releases/download/stats_player/stats_player_reg_2023.csv,2026-09-28
00-0037563,Malik Davis,2023,DAL,RB,1,787500,False,SFA,Veteran deal,2022,0,0,0,0,0,0,0,0,,,,,0,0,0,0,0,0,0,0,605,324999,324999,https://overthecap.com/player/malik-davis/10392/,https://github.com/nflverse/nflverse-data/releases/download/stats_player/stats_player_reg_2023.csv,2026-09-28
00-0033308,Matt Breida,2023,NYG,RB,15,1400000,False,UFA,Veteran deal,2023,0,0,0,151,1,17,88,0,,,-13.7199769179547,-9.7265229052864,0,0,21,55,0,0,0,0,485,1400000,1400000,https://overthecap.com/player/matt-breida/5996/,https://github.com/nflverse/nflverse-data/releases/download/stats_player/stats_player_reg_2023.csv,2026-09-28
00-0032144,Melvin Gordon,2023,BAL,RB,4,1165000,False,SFA,Veteran deal,2023,0,0,0,81,1,3,46,0,,,-7.11024274167721,3.14673605596181,0,0,3,26,0,1,0,0,476,156667,194167,https://overthecap.com/player/melvin-gordon/3863/,https://github.com/nflverse/nflverse-data/releases/download/stats_player/stats_player_reg_2023.csv,2026-09-28
00-0035243,Miles Sanders,2023,CAR,RB,16,6350000,False,UFA,Veteran deal,2023,0,0,0,432,1,27,154,0,,,-30.5452764339861,-9.62243970283503,0,0,41,129,0,2,0,0,534,2555000,6980000,https://overthecap.com/player/miles-sanders/7844/,https://github.com/nflverse/nflverse-data/releases/download/stats_player/stats_player_reg_2023.csv,2026-09-28
00-0038656,Mohamed Ibrahim,2023,DET,RB,1,900000,False,UDFA,Rookie deal,2023,0,0,0,0,0,0,0,0,,,,,0,0,0,0,0,0,0,0,574,173667,173667,https://overthecap.com/player/mohamed-ibrahim/11377/,https://github.com/nflverse/nflverse-data/releases/download/stats_player/stats_player_reg_2023.csv,2026-09-28
00-0036893,Najee Harris,2023,PIT,RB,17,3261861,False,Drafted,Rookie deal,2021,0,0,0,1035,8,29,170,0,,,-25.8921119177821,-1.4201432877162,0,0,38,255,0,1,0,0,484,3558394,1846132,https://overthecap.com/player/najee-harris/9488/,https://github.com/nflverse/nflverse-data/releases/download/stats_player/stats_player_reg_2023.csv,2026-09-28
00-0034791,Nick Chubb,2023,CLE,RB,2,12200000,False,Extension,Veteran deal,2021,0,0,0,170,0,4,21,0,,,4.1136986236088,0.750113637768664,0,0,4,28,0,0,0,0,597,14850000,10850000,https://overthecap.com/player/nick-chubb/6920/,https://github.com/nflverse/nflverse-data/releases/download/stats_player/stats_player_reg_2023.csv,2026-09-28
00-0033376,Patrick Ricard,2023,BAL,RB,7,3750000,False,UFA,Veteran deal,2022,0,0,0,0,0,5,52,1,,,,-2.30552407115465,0,0,7,0,0,0,0,0,476,4055000,2750000,https://overthecap.com/player/patrick-ricard/6036/,https://github.com/nflverse/nflverse-data/releases/download/stats_player/stats_player_reg_2023.csv,2026-09-28
00-0035973,Patrick Taylor,2023,GB,RB,11,940000,False,SFA,Veteran deal,2023,0,0,0,141,0,11,49,0,,,-3.30517244252862,-5.77734160461114,0,0,17,32,0,0,0,0,561,365556,365556,https://overthecap.com/player/patrick-taylor/9152/,https://github.com/nflverse/nflverse-data/releases/download/stats_player/stats_player_reg_2023.csv,2026-09-28
00-0038098,Pierre Strong,2023,CLE,RB,16,1093357,False,Drafted,Rookie deal,2022,0,0,0,291,1,5,47,0,,,-10.8770362379872,-2.23292965616565,0,0,8,63,0,1,0,0,597,870000,870000,https://overthecap.com/player/pierre-strong-jr/10172/,https://github.com/nflverse/nflverse-data/releases/download/stats_player/stats_player_reg_2023.csv,2026-09-28
00-0037256,Rachaad White,2023,TB,RB,17,1282500,False,Drafted,Rookie deal,2022,0,0,0,990,6,64,549,3,,,-44.9865455430542,23.2180965126343,0,0,70,272,0,1,0,1,550,1165909,938182,https://overthecap.com/player/rachaad-white/10136/,https://github.com/nflverse/nflverse-data/releases/download/stats_player/stats_player_reg_2023.csv,2026-09-28
00-0037429,Raheem Blackshear,2023,CAR,RB,9,787500,False,SFA,Veteran deal,2022,0,0,0,46,0,6,45,0,,,-3.43989812838458,-2.05442145303823,0,0,7,14,0,0,0,0,534,870000,870000,https://overthecap.com/player/raheem-blackshear/10677/,https://github.com/nflverse/nflverse-data/releases/download/stats_player/stats_player_reg_2023.csv,2026-09-28
00-0031687,Raheem Mostert,2023,MIA,RB,15,2800000,False,UFA,Veteran deal,2023,0,0,0,1012,18,25,175,3,,,17.1796025378571,-1.23025406456079,0,0,32,209,0,1,0,0,549,2187941,3820882,https://overthecap.com/player/raheem-mostert/4146/,https://github.com/nflverse/nflverse-data/releases/download/stats_player/stats_player_reg_2023.csv,2026-09-28
00-0034750,Rashaad Penny,2023,PHI,RB,3,1350000,False,UFA,Veteran deal,2023,0,0,0,33,0,1,5,0,,,-3.29437441227492,-0.101521304110065,0,0,1,11,0,0,0,0,525,1230000,1230000,https://overthecap.com/player/rashaad-penny/6912/,https://github.com/nflverse/nflverse-data/releases/download/stats_player/stats_player_reg_2023.csv,2026-09-28
00-0036187,Reggie Gilliam,2023,BUF,RB,5,2300000,False,Extension,Veteran deal,2022,0,0,0,0,0,1,3,0,,,,-0.339638097211719,0,0,1,0,0,0,0,0,545,2034333,1701000,https://overthecap.com/player/reggie-gilliam/9365/,https://github.com/nflverse/nflverse-data/releases/download/stats_player/stats_player_reg_2023.csv,2026-09-28
00-0036875,Rhamondre Stevenson,2023,NE,RB,12,1057265,False,Drafted,Rookie deal,2021,0,0,0,619,4,38,238,0,,,-12.8549788641084,-18.0166308368448,0,0,51,156,0,1,0,0,541,1127265,940000,https://overthecap.com/player/rhamondre-stevenson/9584/,https://github.com/nflverse/nflverse-data/releases/download/stats_player/stats_player_reg_2023.csv,2026-09-28
00-0036139,Rico Dowdle,2023,DAL,RB,16,1040000,False,SFA,Veteran deal,2023,0,0,0,361,2,17,144,2,,,-5.26863287724598,5.62836401795009,0,0,22,89,0,0,0,0,605,1040000,1040000,https://overthecap.com/player/rico-dowdle/9346/,https://github.com/nflverse/nflverse-data/releases/download/stats_player/stats_player_reg_2023.csv,2026-09-28
00-0037557,Ronnie Rivers,2023,LA,RB,9,787500,False,SFA,Veteran deal,2022,0,0,0,129,0,5,22,0,,,-4.54981147287273,-0.638197886408307,0,0,5,32,0,0,0,0,555,694444,694444,https://overthecap.com/player/ronnie-rivers/10408/,https://github.com/nflverse/nflverse-data/releases/download/stats_player/stats_player_reg_2023.csv,2026-09-28
00-0039021,Roschon Johnson,2023,CHI,RB,15,1152172,False,Drafted,Rookie deal,2023,0,0,0,352,2,34,209,0,,,-6.61616354286162,-6.06627508539603,0,0,40,81,0,0,0,0,477,942172,1518688,https://overthecap.com/player/roschon-johnson/10939/,https://github.com/nflverse/nflverse-data/releases/download/stats_player/stats_player_reg_2023.csv,2026-09-28
00-0034838,Royce Freeman,2023,LA,RB,11,1080000,False,SFA,Veteran deal,2023,0,0,0,319,2,1,13,0,,,-6.53368074275849,-0.251066256081685,0,0,2,77,0,0,0,0,555,626667,720000,https://overthecap.com/player/royce-freeman/6956/,https://github.com/nflverse/nflverse-data/releases/download/stats_player/stats_player_reg_2023.csv,2026-09-28
00-0036020,Salvon Ahmed,2023,MIA,RB,7,1450000,False,Other,Unknown,2023,0,0,0,61,1,16,88,1,,,-0.23326447600266,-10.4890078431636,0,0,23,22,0,0,0,0,549,1410000,1270000,https://overthecap.com/player/salvon-ahmed/9168/,https://github.com/nflverse/nflverse-data/releases/download/stats_player/stats_player_reg_2023.csv,2026-09-28
00-0033526,Samaje Perine,2023,DEN,RB,17,3750000,False,UFA,Veteran deal,2023,0,0,0,238,1,50,455,0,,,-9.49174770995859,12.1308481818675,0,0,56,53,0,1,0,1,477,3000000,4500000,https://overthecap.com/player/samaje-perine/5700/,https://github.com/nflverse/nflverse-data/releases/download/stats_player/stats_player_reg_2023.csv,2026-09-28
00-0034844,Saquon Barkley,2023,NYG,RB,14,10091000,False,Franchise,Veteran deal,2023,0,0,0,962,6,41,280,4,,,-49.3209621219692,-7.51839581460439,0,0,60,247,0,2,0,0,485,10091000,10091000,https://overthecap.com/player/saquon-barkley/6887/,https://github.com/nflverse/nflverse-data/releases/download/stats_player/stats_player_reg_2023.csv,2026-09-28
00-0038951,Sean Tucker,2023,TB,RB,3,900000,False,UDFA,Rookie deal,2023,0,0,0,23,0,2,9,0,,,-6.20917500916403,-0.171700917882845,0,0,2,15,0,0,0,0,550,751666,755000,https://overthecap.com/player/sean-tucker/11542/,https://github.com/nflverse/nflverse-data/releases/download/stats_player/stats_player_reg_2023.csv,2026-09-28
00-0038555,Tank Bigsby,2023,JAX,RB,13,1348230,False,Drafted,Rookie deal,2023,0,0,0,132,2,1,6,0,,,-12.3360569415672,-13.6886951426277,0,0,4,50,0,1,0,0,607,980530,1672120,https://overthecap.com/player/tank-bigsby/10912/,https://github.com/nflverse/nflverse-data/releases/download/stats_player/stats_player_reg_2023.csv,2026-09-28
00-0035261,Tony Pollard,2023,DAL,RB,17,10091000,False,Franchise,Veteran deal,2023,0,0,0,1005,6,55,311,0,,,-16.8081711650824,-4.40546184104287,0,0,67,252,0,1,0,0,605,10091000,10091000,https://overthecap.com/player/tony-pollard/7919/,https://github.com/nflverse/nflverse-data/releases/download/stats_player/stats_player_reg_2023.csv,2026-09-28
00-0036973,Travis Etienne,2023,JAX,RB,17,3224528,False,Drafted,Rookie deal,2021,0,0,0,1008,11,58,476,1,,,-32.6885888526717,9.62261076419912,0,0,73,267,0,0,0,0,607,3517666,1832556,https://overthecap.com/player/travis-etienne/9489/,https://github.com/nflverse/nflverse-data/releases/download/stats_player/stats_player_reg_2023.csv,2026-09-28
00-0035594,Travis Homer,2023,CHI,RB,7,2000000,False,UFA,Veteran deal,2023,0,0,0,0,0,0,0,0,,,,-1.05513803250528,0,0,1,0,0,0,0,0,477,1860294,2085294,https://overthecap.com/player/travis-homer/7995/,https://github.com/nflverse/nflverse-data/releases/download/stats_player/stats_player_reg_2023.csv,2026-09-28
00-0035291,Trayveon Williams,2023,CIN,RB,16,1232500,False,UFA,Veteran deal,2023,0,0,0,69,0,7,10,0,,,-2.09436621592613,-7.62727605822747,0,0,9,15,0,0,0,0,592,1092500,1232500,https://overthecap.com/player/trayveon-williams/7973/,https://github.com/nflverse/nflverse-data/releases/download/stats_player/stats_player_reg_2023.csv,2026-09-28
00-0036984,Trey Sermon,2023,IND,RB,8,940000,False,SFA,Veteran deal,2023,0,0,0,160,0,3,13,0,,,-1.11249512267622,-3.03990648639514,0,0,6,35,0,0,0,0,546,835556,835556,https://overthecap.com/player/trey-sermon/9552/,https://github.com/nflverse/nflverse-data/releases/download/stats_player/stats_player_reg_2023.csv,2026-09-28
00-0037276,Ty Chandler,2023,MIN,RB,16,989711,False,Drafted,Rookie deal,2022,0,0,0,461,3,21,159,0,,,0.693466081488367,3.94433855253737,0,0,25,102,0,0,0,0,606,944711,870000,https://overthecap.com/player/ty-chandler/10214/,https://github.com/nflverse/nflverse-data/releases/download/stats_player/stats_player_reg_2023.csv,2026-09-28
00-0035537,Ty Johnson,2023,BUF,RB,9,1080000,False,SFA,Veteran deal,2023,0,0,0,132,0,7,62,1,,,-0.741038017207757,1.2649246439687,0,0,7,30,0,0,0,0,545,626667,720000,https://overthecap.com/player/ty-johnson/7977/,https://github.com/nflverse/nflverse-data/releases/download/stats_player/stats_player_reg_2023.csv,2026-09-28
00-0039032,Tyjae Spears,2023,TEN,RB,17,1372651,False,Drafted,Rookie deal,2023,0,0,0,453,2,52,385,1,,,-0.736231872569715,-1.36095726210109,0,0,70,100,0,0,0,0,478,998291,1743164,https://overthecap.com/player/tyjae-spears/10905/,https://github.com/nflverse/nflverse-data/releases/download/stats_player/stats_player_reg_2023.csv,2026-09-28
00-0037263,Tyler Allgeier,2023,ATL,RB,17,998472,False,Drafted,Rookie deal,2022,0,0,0,683,4,18,193,1,,,-22.8513098650159,4.27343593472336,0,0,23,186,0,0,0,0,508,953472,870000,https://overthecap.com/player/tyler-allgeier/10196/,https://github.com/nflverse/nflverse-data/releases/download/stats_player/stats_player_reg_2023.csv,2026-09-28
00-0037120,Tyler Goodson,2023,IND,RB,6,832500,False,SFA,Veteran deal,2023,0,0,0,87,0,6,34,0,,,-2.68572790917425,-4.94770822182181,0,0,9,13,0,0,0,0,546,125000,125000,https://overthecap.com/player/tyler-goodson/10443/,https://github.com/nflverse/nflverse-data/releases/download/stats_player/stats_player_reg_2023.csv,2026-09-28
00-0037827,Tyrion Davis-Price,2023,SF,RB,1,1277137,False,Drafted,Rookie deal,2022,0,0,0,21,0,0,0,0,,,-3.73455790895969,,0,0,0,6,0,0,0,0,471,60000,60000,https://overthecap.com/player/tyrion-davis-price/10138/,https://github.com/nflverse/nflverse-data/releases/download/stats_player/stats_player_reg_2023.csv,2026-09-28
00-0039165,Zach Charbonnet,2023,SEA,RB,16,1719020,False,Drafted,Rookie deal,2023,0,0,0,462,1,33,209,0,,,-7.12166702465278,-4.69321138452782,0,0,40,108,0,0,0,0,547,1250196,2750784,https://overthecap.com/player/zach-charbonnet/10876/,https://github.com/nflverse/nflverse-data/releases/download/stats_player/stats_player_reg_2023.csv,2026-09-28
00-0039136,Zach Evans,2023,LA,RB,4,993333,False,Drafted,Rookie deal,2023,0,0,0,19,0,0,0,0,,,-5.21281556869527,,0,0,0,9,0,0,0,0,555,783333,883332,https://overthecap.com/player/zach-evans/11039/,https://github.com/nflverse/nflverse-data/releases/download/stats_player/stats_player_reg_2023.csv,2026-09-28
00-0036251,Zack Moss,2023,IND,RB,14,1130520,False,Drafted,Rookie deal,2020,0,0,0,794,5,27,192,2,,,-14.0308929556062,-1.03725819006893,0,0,37,183,0,0,0,0,546,1169260,1169260,https://overthecap.com/player/zack-moss/8826/,https://github.com/nflverse/nflverse-data/releases/download/stats_player/stats_player_reg_2023.csv,2026-09-28
00-0038040,Zamir White,2023,LV,RB,13,1100981,False,Drafted,Rookie deal,2022,0,0,0,451,1,15,98,0,,,-17.6899545091437,0.729025378182996,0,0,19,104,0,1,0,0,531,1055981,870000,https://overthecap.com/player/zamir-white/10167/,https://github.com/nflverse/nflverse-data/releases/download/stats_player/stats_player_reg_2023.csv,2026-09-28
00-0036422,Adam Trautman,2023,DEN,TE,16,1500000,False,Other,Unknown,2023,0,0,0,0,0,22,204,3,,,,-1.09609563059367,0,0,35,0,0,0,0,0,477,1500000,1500000,https://overthecap.com/player/adam-trautman/8845/,https://github.com/nflverse/nflverse-data/releases/download/stats_player/stats_player_reg_2023.csv,2026-09-28
00-0036423,Albert Okwuegbunam,2023,PHI,TE,1,1011011,False,Drafted,Rookie deal,2020,0,0,0,0,0,0,0,0,,,,-0.425066940486431,0,0,1,0,0,0,0,0,525,1010000,1010000,https://overthecap.com/player/albert-okwuegbunam/8858/,https://github.com/nflverse/nflverse-data/releases/download/stats_player/stats_player_reg_2023.csv,2026-09-28
00-0037292,Andrew Ogletree,2023,IND,TE,11,959548,False,Drafted,Rookie deal,2022,0,0,0,0,0,9,147,2,,,,9.11115194103331,0,0,21,0,0,0,0,0,546,794548,750000,https://overthecap.com/player/andrew-ogletree/10237/,https://github.com/nflverse/nflverse-data/releases/download/stats_player/stats_player_reg_2023.csv,2026-09-28
00-0032392,Austin Hooper,2023,LV,TE,16,2750000,False,UFA,Veteran deal,2023,0,0,0,0,0,25,234,0,,,,10.4126193930716,0,0,31,0,0,0,0,0,531,2750000,2875000,https://overthecap.com/player/austin-hooper/4794/,https://github.com/nflverse/nflverse-data/releases/download/stats_player/stats_player_reg_2023.csv,2026-09-28
00-0038809,Ben Sims,2023,GB,TE,6,901667,False,UDFA,Rookie deal,2023,0,0,0,0,0,4,21,1,,,,2.01392656628741,0,0,6,0,0,0,0,0,561,750000,750000,https://overthecap.com/player/ben-sims/11108/,https://github.com/nflverse/nflverse-data/releases/download/stats_player/stats_player_reg_2023.csv,2026-09-28
00-0032062,Blake Bell,2023,KC,TE,7,1317500,False,UFA,Veteran deal,2023,0,0,0,0,0,5,26,1,,,,-12.218715450319,0,0,9,0,0,0,0,1,599,940000,1317500,https://overthecap.com/player/blake-bell/3965/,https://github.com/nflverse/nflverse-data/releases/download/stats_player/stats_player_reg_2023.csv,2026-09-28
00-0038643,Brayden Willis,2023,SF,TE,1,979975,False,Drafted,Rookie deal,2023,0,0,0,0,0,0,0,0,,,,,0,0,0,0,0,0,0,0,471,769975,829900,https://overthecap.com/player/brayden-willis/11071/,https://github.com/nflverse/nflverse-data/releases/download/stats_player/stats_player_reg_2023.csv,2026-09-28
00-0038935,Brenton Strange,2023,JAX,TE,7,1528586,False,Drafted,Rookie deal,2023,0,0,0,0,0,5,35,1,,,,-0.461921395751558,0,0,9,0,0,0,0,0,607,1111698,2196792,https://overthecap.com/player/brenton-strange/10885/,https://github.com/nflverse/nflverse-data/releases/download/stats_player/stats_player_reg_2023.csv,2026-09-28
00-0036556,Brevin Jordan,2023,HOU,TE,10,958046,False,Drafted,Rookie deal,2021,0,0,0,0,0,17,219,2,,,,17.5011016478529,0,0,21,0,0,0,0,0,566,1028046,940000,https://overthecap.com/player/brevin-jordan/9611/,https://github.com/nflverse/nflverse-data/releases/download/stats_player/stats_player_reg_2023.csv,2026-09-28
00-0036754,Brock Wright,2023,DET,TE,9,940000,False,ERFA,Veteran deal,2023,0,0,0,0,0,13,91,1,,,,5.00671790656634,0,0,14,0,0,0,0,0,574,940000,940000,https://overthecap.com/player/brock-wright/9878/,https://github.com/nflverse/nflverse-data/releases/download/stats_player/stats_player_reg_2023.csv,2026-09-28
00-0036424,Brycen Hopkins,2023,LA,TE,5,987033,False,Drafted,Rookie deal,2020,0,0,0,0,0,5,78,0,,,,3.05575129084173,0,0,7,0,0,0,0,0,555,1173283,1010000,https://overthecap.com/player/brycen-hopkins/8876/,https://github.com/nflverse/nflverse-data/releases/download/stats_player/stats_player_reg_2023.csv,2026-09-28
00-0032134,C.J. Uzomah,2023,NYJ,TE,8,8000000,False,UFA,Veteran deal,2022,0,0,0,0,0,8,58,1,,,,-3.38903699922957,0,0,12,0,0,0,0,0,563,6721666,8000000,https://overthecap.com/player/c-j-uzomah/4005/,https://github.com/nflverse/nflverse-data/releases/download/stats_player/stats_player_reg_2023.csv,2026-09-28
00-0038129,Cade Otton,2023,TB,TE,17,1130985,False,Drafted,Rookie deal,2022,0,0,0,0,0,47,455,4,,,,12.5909822396063,0,0,67,0,0,0,0,0,550,1108485,900000,https://overthecap.com/player/cade-otton/10151/,https://github.com/nflverse/nflverse-data/releases/download/stats_player/stats_player_reg_2023.csv,2026-09-28
00-0038046,Charlie Kolar,2023,BAL,TE,9,1091220,False,Drafted,Rookie deal,2022,0,0,0,0,0,7,87,1,,,,7.68457635681261,0,0,9,0,0,0,0,0,476,1046220,870000,https://overthecap.com/player/charlie-kolar/10173/,https://github.com/nflverse/nflverse-data/releases/download/stats_player/stats_player_reg_2023.csv,2026-09-28
00-0036429,Charlie Woerner,2023,SF,TE,10,869008,False,Drafted,Rookie deal,2020,0,0,0,0,0,3,32,0,,,,1.60738242219668,0,0,3,0,0,0,0,0,471,1055258,1010000,https://overthecap.com/player/charlie-woerner/8930/,https://github.com/nflverse/nflverse-data/releases/download/stats_player/stats_player_reg_2023.csv,2026-09-28
00-0037809,Chig Okonkwo,2023,TEN,TE,17,1041084,False,Drafted,Rookie deal,2022,0,0,0,6,0,54,528,1,,,-0.0199080768506974,7.75504169724428,0,0,77,2,0,0,0,0,478,996084,870000,https://overthecap.com/player/chigoziem-okonkwo/10188/,https://github.com/nflverse/nflverse-data/releases/download/stats_player/stats_player_reg_2023.csv,2026-09-28
00-0031484,Chris Manhertz,2023,DEN,TE,7,3000000,False,UFA,Veteran deal,2023,0,0,0,0,0,2,16,0,,,,0.0510975641082041,0,0,4,0,0,0,0,0,477,2725000,3320000,https://overthecap.com/player/chris-manhertz/3800/,https://github.com/nflverse/nflverse-data/releases/download/stats_player/stats_player_reg_2023.csv,2026-09-28
00-0036244,Colby Parkinson,2023,SEA,TE,15,991360,False,Drafted,Rookie deal,2020,0,0,0,0,0,25,247,2,,,,8.38113039895061,0,0,34,0,0,0,0,0,547,1177610,1010000,https://overthecap.com/player/colby-parkinson/8873/,https://github.com/nflverse/nflverse-data/releases/download/stats_player/stats_player_reg_2023.csv,2026-09-28
00-0037506,Cole Fotheringham,2023,LV,TE,1,750000,False,SFA,Veteran deal,2023,0,0,0,0,0,1,6,0,,,,0.212422261014581,0,0,1,0,0,0,0,0,531,275334,275334,https://overthecap.com/player/cole-fotheringham/10652/,https://github.com/nflverse/nflverse-data/releases/download/stats_player/stats_player_reg_2023.csv,2026-09-28
00-0036290,Cole Kmet,2023,CHI,TE,16,12500000,False,Extension,Veteran deal,2023,0,0,0,2,0,73,719,6,,,0.803787263343111,32.5224477836288,0,0,90,3,0,0,0,0,477,7360779,12993000,https://overthecap.com/player/cole-kmet/8783/,https://github.com/nflverse/nflverse-data/releases/download/stats_player/stats_player_reg_2023.csv,2026-09-28
00-0037078,Cole Turner,2023,WAS,TE,8,999720,False,Drafted,Rookie deal,2022,0,0,0,0,0,11,120,0,,,,-0.0051286615558174,0,0,15,0,0,0,0,0,601,954720,870000,https://overthecap.com/player/cole-turner/10194/,https://github.com/nflverse/nflverse-data/releases/download/stats_player/stats_player_reg_2023.csv,2026-09-28
00-0034351,Dallas Goedert,2023,PHI,TE,14,14250000,False,Extension,Veteran deal,2021,0,0,0,1,0,59,592,3,,,-0.459558119880967,16.1481283170258,0,0,83,1,0,0,0,0,525,6261583,14250000,https://overthecap.com/player/dallas-goedert/6934/,https://github.com/nflverse/nflverse-data/releases/download/stats_player/stats_player_reg_2023.csv,2026-09-28
00-0038933,Dalton Kincaid,2023,BUF,TE,16,3356760,False,Drafted,Rookie deal,2023,0,0,0,0,0,73,673,2,,,,12.5995076311643,0,0,91,0,0,0,0,1,545,2441280,7515120,https://overthecap.com/player/dalton-kincaid/10849/,https://github.com/nflverse/nflverse-data/releases/download/stats_player/stats_player_reg_2023.csv,2026-09-28
00-0034383,Dalton Schultz,2023,HOU,TE,15,6250000,False,UFA,Veteran deal,2023,0,0,0,0,0,59,635,5,,,,24.4057974586006,0,0,88,0,0,0,0,1,566,2845588,6220588,https://overthecap.com/player/dalton-schultz/7022/,https://github.com/nflverse/nflverse-data/releases/download/stats_player/stats_player_reg_2023.csv,2026-09-28
00-0038115,Daniel Bellinger,2023,NYG,TE,14,1113278,False,Drafted,Rookie deal,2022,0,0,0,0,0,25,255,0,-0.947,,,8.48108833422884,0,0,28,0,0,0,0,0,485,1068278,870000,https://overthecap.com/player/daniel-bellinger/10157/,https://github.com/nflverse/nflverse-data/releases/download/stats_player/stats_player_reg_2023.csv,2026-09-28
00-0038558,Darnell Washington,2023,PIT,TE,8,1338478,False,Drafted,Rookie deal,2023,0,0,0,0,0,7,61,0,,,,1.19134930105065,0,0,10,0,0,0,0,0,484,973438,1643752,https://overthecap.com/player/darnell-washington/10917/,https://github.com/nflverse/nflverse-data/releases/download/stats_player/stats_player_reg_2023.csv,2026-09-28
00-0031610,Darren Waller,2023,NYG,TE,12,17000000,False,Other,Unknown,2022,0,0,0,0,0,52,552,1,,,,15.2906618873882,0,0,74,0,0,0,0,0,485,4723750,12100000,https://overthecap.com/player/darren-waller/4052/,https://github.com/nflverse/nflverse-data/releases/download/stats_player/stats_player_reg_2023.csv,2026-09-28
00-0033885,David Njoku,2023,CLE,TE,16,13687500,False,Franchise,Veteran deal,2022,0,0,0,0,0,81,882,6,,,,-11.4415952289306,0,0,123,0,0,0,0,2,597,5657000,12500000,https://overthecap.com/player/david-njoku/5613/,https://github.com/nflverse/nflverse-data/releases/download/stats_player/stats_player_reg_2023.csv,2026-09-28
00-0034575,David Wells,2023,TB,TE,1,870000,False,SFA,Veteran deal,2023,0,0,0,0,0,2,-10,0,,,,-1.78414864093065,0,0,2,0,0,0,0,0,550,120333,120333,https://overthecap.com/player/david-wells/7344/,https://github.com/nflverse/nflverse-data/releases/download/stats_player/stats_player_reg_2023.csv,2026-09-28
00-0039074,Davis Allen,2023,LA,TE,7,1021245,False,Drafted,Rookie deal,2023,0,0,0,0,0,10,95,1,,,,9.99433434364619,0,0,11,0,0,0,0,0,555,811245,994980,https://overthecap.com/player/davis-allen/10999/,https://github.com/nflverse/nflverse-data/releases/download/stats_player/stats_player_reg_2023.csv,2026-09-28
00-0035689,Dawson Knox,2023,BUF,TE,10,13000000,False,Extension,Veteran deal,2022,0,0,0,0,0,22,186,2,,,,-11.3349755674628,0,0,36,0,0,0,0,0,545,6425000,12445000,https://overthecap.com/player/dawson-knox/7887/,https://github.com/nflverse/nflverse-data/releases/download/stats_player/stats_player_reg_2023.csv,2026-09-28
00-0035329,Donald Parham,2023,LAC,TE,14,1267500,False,SFA,Veteran deal,2023,0,0,0,0,0,27,285,4,,,,18.289647645852,0,0,41,0,0,0,0,0,614,1210000,1410000,https://overthecap.com/player/donald-parham/8287/,https://github.com/nflverse/nflverse-data/releases/download/stats_player/stats_player_reg_2023.csv,2026-09-28
00-0035631,Drew Sample,2023,CIN,TE,14,1232500,False,UFA,Veteran deal,2023,0,0,0,0,0,22,163,2,,,,0.496050484361356,0,0,27,0,0,0,0,0,592,1092500,1232500,https://overthecap.com/player/drew-sample/7843/,https://github.com/nflverse/nflverse-data/releases/download/stats_player/stats_player_reg_2023.csv,2026-09-28
00-0034798,Durham Smythe,2023,MIA,TE,13,3875000,False,Extension,Veteran deal,2023,0,0,0,0,0,35,366,0,,,,21.9872291893602,0,0,43,0,0,0,0,0,549,3121960,4985294,https://overthecap.com/player/durham-smythe/7008/,https://github.com/nflverse/nflverse-data/releases/download/stats_player/stats_player_reg_2023.csv,2026-09-28
00-0039041,Elijah Higgins,2023,ARI,TE,11,1003970,False,Drafted,Rookie deal,2023,0,0,0,0,0,14,163,1,,,,10.2362891270604,0,0,19,0,0,0,0,0,540,750000,750000,https://overthecap.com/player/elijah-higgins/11021/,https://github.com/nflverse/nflverse-data/releases/download/stats_player/stats_player_reg_2023.csv,2026-09-28
00-0033576,Eric Saubert,2023,HOU,TE,3,1080000,False,SFA,Veteran deal,2023,0,0,0,0,0,3,12,0,,,,0.532490984536707,0,0,3,0,0,0,0,0,566,600000,600000,https://overthecap.com/player/eric-saubert/5760/,https://github.com/nflverse/nflverse-data/releases/download/stats_player/stats_player_reg_2023.csv,2026-09-28
00-0033881,Evan Engram,2023,JAX,TE,17,13750000,False,Franchise,Veteran deal,2023,0,0,0,0,0,114,963,4,,,,10.2453422876705,0,0,143,0,0,0,0,2,607,5000000,15000000,https://overthecap.com/player/evan-engram/5607/,https://github.com/nflverse/nflverse-data/releases/download/stats_player/stats_player_reg_2023.csv,2026-09-28
00-0034981,Foster Moreau,2023,NO,TE,13,4078000,False,UFA,Veteran deal,2023,0,0,0,0,0,21,193,1,,,,8.40541519060863,0,0,25,0,0,0,0,0,579,1800000,4600000,https://overthecap.com/player/foster-moreau/7928/,https://github.com/nflverse/nflverse-data/releases/download/stats_player/stats_player_reg_2023.csv,2026-09-28
00-0032141,Geoff Swaim,2023,ARI,TE,8,1700000,False,SFA,Veteran deal,2023,0,0,0,0,0,10,94,0,,,,6.6409618902544,0,0,11,0,0,0,0,0,540,1605833,1590833,https://overthecap.com/player/geoff-swaim/4094/,https://github.com/nflverse/nflverse-data/releases/download/stats_player/stats_player_reg_2023.csv,2026-09-28
00-0033288,George Kittle,2023,SF,TE,16,15000000,False,Extension,Veteran deal,2020,0,0,0,2,0,65,1020,6,,,0.564524254761636,59.676164191566,0,0,90,1,0,0,0,0,471,9536575,12150000,https://overthecap.com/player/george-kittle/5732/,https://github.com/nflverse/nflverse-data/releases/download/stats_player/stats_player_reg_2023.csv,2026-09-28
00-0033895,Gerald Everett,2023,LAC,TE,15,6000000,False,UFA,Veteran deal,2022,0,0,0,10,0,51,411,3,,,-0.736174520337954,7.63298667292111,0,0,70,3,0,0,0,0,614,8250000,5750000,https://overthecap.com/player/gerald-everett/5630/,https://github.com/nflverse/nflverse-data/releases/download/stats_player/stats_player_reg_2023.csv,2026-09-28
00-0035956,Giovanni Ricci,2023,CAR,TE,2,940000,False,ERFA,Veteran deal,2023,0,0,0,0,0,1,2,0,,,,-0.489649289753288,0,0,1,0,0,0,0,0,534,940000,940000,https://overthecap.com/player/giovanni-ricci/9192/,https://github.com/nflverse/nflverse-data/releases/download/stats_player/stats_player_reg_2023.csv,2026-09-28
00-0037086,Grant Calcaterra,2023,PHI,TE,3,958535,False,Drafted,Rookie deal,2022,0,0,0,0,0,4,39,0,,,,3.08250066079199,0,0,4,0,0,0,0,0,525,913535,870000,https://overthecap.com/player/grant-calcaterra/10243/,https://github.com/nflverse/nflverse-data/releases/download/stats_player/stats_player_reg_2023.csv,2026-09-28
00-0037252,Greg Dulcich,2023,DEN,TE,2,1314785,False,Drafted,Rookie deal,2022,0,0,0,0,0,3,25,0,,,,-4.15756115486147,0,0,4,0,0,0,0,0,477,1195259,944052,https://overthecap.com/player/greg-dulcich/10125/,https://github.com/nflverse/nflverse-data/releases/download/stats_player/stats_player_reg_2023.csv,2026-09-28
00-0036232,Harrison Bryant,2023,CLE,TE,14,1750000,False,Other,Unknown,2023,0,0,0,8,0,13,81,3,,,2.22246759774862,-4.1326525719072,0,0,20,5,0,1,0,0,597,1942258,1750000,https://overthecap.com/player/harrison-bryant/8855/,https://github.com/nflverse/nflverse-data/releases/download/stats_player/stats_player_reg_2023.csv,2026-09-28
00-0034830,Hayden Hurst,2023,CAR,TE,9,7250000,False,UFA,Veteran deal,2023,0,0,0,0,0,18,184,1,,,,-3.78178151533939,0,0,32,0,0,0,0,0,534,3136666,7250000,https://overthecap.com/player/hayden-hurst/6910/,https://github.com/nflverse/nflverse-data/releases/download/stats_player/stats_player_reg_2023.csv,2026-09-28
00-0038468,Henry Pearson,2023,GB,TE,1,900833,False,UDFA,Rookie deal,2023,0,0,0,0,0,0,0,0,,,,,0,0,0,0,0,0,0,0,561,275334,275334,https://overthecap.com/player/henry-pearson/11192/,https://github.com/nflverse/nflverse-data/releases/download/stats_player/stats_player_reg_2023.csv,2026-09-28
00-0033090,Hunter Henry,2023,NE,TE,13,12500000,False,UFA,Veteran deal,2021,0,0,0,0,0,42,419,6,,,,18.4656097208568,0,0,61,0,0,0,0,0,541,15500000,10323529,https://overthecap.com/player/hunter-henry/4748/,https://github.com/nflverse/nflverse-data/releases/download/stats_player/stats_player_reg_2023.csv,2026-09-28
00-0037004,Hunter Long,2023,LA,TE,1,1242174,False,Drafted,Rookie deal,2021,0,0,0,0,0,0,0,0,,,,,0,0,0,0,0,0,0,0,555,1111700,1111700,https://overthecap.com/player/hunter-long/9545/,https://github.com/nflverse/nflverse-data/releases/download/stats_player/stats_player_reg_2023.csv,2026-09-28
00-0034365,Ian Thomas,2023,CAR,TE,8,3325000,False,Other,Unknown,2023,0,0,0,0,0,5,56,0,,,,-7.67592188360868,0,0,9,0,0,0,0,0,534,3856666,2911765,https://overthecap.com/player/ian-thomas/6986/,https://github.com/nflverse/nflverse-data/releases/download/stats_player/stats_player_reg_2023.csv,2026-09-28
00-0034970,Irv Smith,2023,CIN,TE,10,1750000,False,UFA,Veteran deal,2023,0,0,0,0,0,18,115,1,,,,-15.5212642500237,0,0,26,0,0,0,0,1,592,1750000,1750000,https://overthecap.com/player/irv-smith-jr/7841/,https://github.com/nflverse/nflverse-data/releases/download/stats_player/stats_player_reg_2023.csv,2026-09-28
00-0037838,Isaiah Likely,2023,BAL,TE,14,1041084,False,Drafted,Rookie deal,2022,0,0,0,0,0,30,411,5,,,,32.1941993946376,0,0,40,0,0,0,0,0,476,996084,870000,https://overthecap.com/player/isaiah-likely/10184/,https://github.com/nflverse/nflverse-data/releases/download/stats_player/stats_player_reg_2023.csv,2026-09-28
00-0036741,Jack Stoll,2023,PHI,TE,6,815833,False,UDFA,Rookie deal,2021,0,0,0,0,0,5,38,0,,,,-2.19543668226106,0,0,8,0,0,0,0,0,525,947500,940000,https://overthecap.com/player/jack-stoll/9857/,https://github.com/nflverse/nflverse-data/releases/download/stats_player/stats_player_reg_2023.csv,2026-09-28
00-0038041,Jake Ferguson,2023,DAL,TE,17,1091220,False,Drafted,Rookie deal,2022,0,0,0,0,0,71,761,5,,,,32.7524273186989,0,0,102,0,0,0,0,0,605,1046220,870000,https://overthecap.com/player/jake-ferguson/10174/,https://github.com/nflverse/nflverse-data/releases/download/stats_player/stats_player_reg_2023.csv,2026-09-28
00-0037282,James Mitchell,2023,DET,TE,2,975639,False,Drafted,Rookie deal,2022,0,0,0,0,0,2,28,0,,,,1.33874902226683,0,0,2,0,0,0,0,0,574,930639,870000,https://overthecap.com/player/james-mitchell/10222/,https://github.com/nflverse/nflverse-data/releases/download/stats_player/stats_player_reg_2023.csv,2026-09-28
00-0035562,Jesper Horsted,2023,LV,TE,5,1120000,False,Other,Unknown,2023,0,0,0,0,0,1,4,0,,,,-0.210121021780651,0,0,1,0,0,0,0,0,531,1066111,1066111,https://overthecap.com/player/jesper-horsted/8536/,https://github.com/nflverse/nflverse-data/releases/download/stats_player/stats_player_reg_2023.csv,2026-09-28
00-0027696,Jimmy Graham,2023,NO,TE,6,1317500,False,SFA,Veteran deal,2023,0,0,0,0,0,6,39,4,,,,8.15597459062701,0,0,7,0,0,0,0,0,579,1092500,1317500,https://overthecap.com/player/jimmy-graham/1503/,https://github.com/nflverse/nflverse-data/releases/download/stats_player/stats_player_reg_2023.csv,2026-09-28
00-0037306,John FitzPatrick,2023,ATL,TE,3,948003,False,Drafted,Rookie deal,2022,0,0,0,0,0,1,12,0,,,,0.712112442590296,0,0,1,0,0,0,0,0,508,783003,750000,https://overthecap.com/player/john-fitzpatrick/10258/,https://github.com/nflverse/nflverse-data/releases/download/stats_player/stats_player_reg_2023.csv,2026-09-28
00-0033246,Johnny Mundt,2023,MIN,TE,10,1207500,False,UFA,Veteran deal,2022,0,0,0,0,0,17,172,1,,,,2.7715899897662,0,0,23,0,0,0,0,0,606,1230000,1130000,https://overthecap.com/player/johnny-mundt/5857/,https://github.com/nflverse/nflverse-data/releases/download/stats_player/stats_player_reg_2023.csv,2026-09-28
00-0033858,Jonnu Smith,2023,ATL,TE,17,7500000,False,Other,Unknown,2023,0,0,0,0,0,50,582,3,-0.861830357287545,-42.9821521043777,-0.42153468017932,9.00675330337597,1,0,70,1,0,0,0,1,508,6000000,8500000,https://overthecap.com/player/jonnu-smith/5686/,https://github.com/nflverse/nflverse-data/releases/download/stats_player/stats_player_reg_2023.csv,2026-09-28
00-0034364,Jordan Akins,2023,CLE,TE,13,1950000,False,UFA,Veteran deal,2023,0,0,0,0,0,15,132,0,,,,-1.03784067358356,0,0,23,0,0,0,0,0,597,1585000,1900000,https://overthecap.com/player/jordan-akins/6983/,https://github.com/nflverse/nflverse-data/releases/download/stats_player/stats_player_reg_2023.csv,2026-09-28
00-0035249,Josh Oliver,2023,MIN,TE,13,7000000,False,UFA,Veteran deal,2023,0,0,0,0,0,22,213,2,,,,4.2262307392084,0,0,28,0,0,0,0,1,606,2554000,8250000,https://overthecap.com/player/josh-oliver/7860/,https://github.com/nflverse/nflverse-data/releases/download/stats_player/stats_player_reg_2023.csv,2026-09-28
00-0038589,Josh Whyle,2023,TEN,TE,9,1041342,False,Drafted,Rookie deal,2023,0,0,0,0,0,9,94,1,,,,3.78255183811416,0,0,15,0,0,0,0,0,478,798009,1042035,https://overthecap.com/player/josh-whyle/10971/,https://github.com/nflverse/nflverse-data/releases/download/stats_player/stats_player_reg_2023.csv,2026-09-28
00-0036332,Josiah Deguara,2023,GB,TE,9,1104921,False,Drafted,Rookie deal,2020,0,0,0,0,0,8,65,0,,,,1.15774124593008,0,0,8,0,0,0,0,0,561,1341867,1125000,https://overthecap.com/player/josiah-deguara/8834/,https://github.com/nflverse/nflverse-data/releases/download/stats_player/stats_player_reg_2023.csv,2026-09-28
00-0038720,Julian Hill,2023,MIA,TE,10,902500,False,UDFA,Rookie deal,2023,0,0,0,0,0,6,48,0,,,,-4.41332055769442,0,0,9,0,0,0,0,1,549,754166,762500,https://overthecap.com/player/julian-hill/11488/,https://github.com/nflverse/nflverse-data/releases/download/stats_player/stats_player_reg_2023.csv,2026-09-28
00-0036040,Juwan Johnson,2023,NO,TE,13,6005000,False,UFA,Veteran deal,2023,0,0,0,0,0,37,368,4,,,,-4.48748790575559,0,0,59,0,0,0,0,0,579,2010000,6010000,https://overthecap.com/player/juwan-johnson/9380/,https://github.com/nflverse/nflverse-data/releases/download/stats_player/stats_player_reg_2023.csv,2026-09-28
00-0036510,Kenny Yeboah,2023,NYJ,TE,3,907500,False,SFA,Veteran deal,2022,0,0,0,0,0,2,28,0,,,,-2.65620053996099,0,0,4,0,0,0,0,0,563,647222,622222,https://overthecap.com/player/kenny-yeboah/9746/,https://github.com/nflverse/nflverse-data/releases/download/stats_player/stats_player_reg_2023.csv,2026-09-28
00-0034193,Kevin Rader,2023,TEN,TE,7,1010000,False,SFA,Veteran deal,2023,0,0,0,0,0,1,6,0,,,,-1.12132473732345,0,0,3,0,0,0,0,0,478,785556,785556,https://overthecap.com/player/kevin-rader/7450/,https://github.com/nflverse/nflverse-data/releases/download/stats_player/stats_player_reg_2023.csv,2026-09-28
00-0037311,Ko Kieft,2023,TB,TE,10,948003,False,Drafted,Rookie deal,2022,0,0,0,0,0,1,2,1,,,,-1.33432855439605,0,0,5,0,0,0,0,0,550,903003,870000,https://overthecap.com/player/ko-kieft/10263/,https://github.com/nflverse/nflverse-data/releases/download/stats_player/stats_player_reg_2023.csv,2026-09-28
00-0036970,Kyle Pitts,2023,ATL,TE,17,8227624,False,Drafted,Rookie deal,2021,0,0,0,-4,0,53,667,3,,,-1.65120376320556,17.3775567942668,0,0,90,1,0,0,0,0,508,8975590,3651864,https://overthecap.com/player/kyle-pitts/9468/,https://github.com/nflverse/nflverse-data/releases/download/stats_player/stats_player_reg_2023.csv,2026-09-28
00-0036876,Kylen Granson,2023,IND,TE,15,1046591,False,Drafted,Rookie deal,2021,0,0,0,2,0,30,368,1,,,2.84027085918933,11.4604410775344,0,0,50,1,0,0,0,0,546,1116591,940000,https://overthecap.com/player/kylen-granson/9591/,https://github.com/nflverse/nflverse-data/releases/download/stats_player/stats_player_reg_2023.csv,2026-09-28
00-0036145,Lawrence Cager,2023,NYG,TE,5,940000,False,ERFA / SFA,Veteran deal,2023,0,0,0,0,0,4,36,1,,,,3.254882011679,0,0,5,0,0,0,0,0,485,473333,473333,https://overthecap.com/player/lawrence-cager/9307/,https://github.com/nflverse/nflverse-data/releases/download/stats_player/stats_player_reg_2023.csv,2026-09-28
00-0037539,Lucas Krull,2023,DEN,TE,7,832500,False,SFA,Veteran deal,2023,0,0,0,0,0,8,95,1,,,,1.95646588493246,0,0,14,0,0,0,0,0,477,166667,166667,https://overthecap.com/player/lucas-krull/10575/,https://github.com/nflverse/nflverse-data/releases/download/stats_player/stats_player_reg_2023.csv,2026-09-28
00-0036887,Luke Farrell,2023,JAX,TE,10,959505,False,Drafted,Rookie deal,2021,0,0,0,0,0,13,155,0,,,,8.01235174539033,0,0,15,0,0,0,0,0,607,1029505,940000,https://overthecap.com/player/luke-farrell/9609/,https://github.com/nflverse/nflverse-data/releases/download/stats_player/stats_player_reg_2023.csv,2026-09-28
00-0039144,Luke Musgrave,2023,GB,TE,11,2118936,False,Drafted,Rookie deal,2023,0,0,0,0,0,34,352,1,,,,12.0297873275131,0,0,46,0,0,0,0,0,561,1541044,3914176,https://overthecap.com/player/luke-musgrave/10866/,https://github.com/nflverse/nflverse-data/releases/download/stats_player/stats_player_reg_2023.csv,2026-09-28
00-0038547,Luke Schoonmaker,2023,DAL,TE,12,1566670,False,Drafted,Rookie deal,2023,0,0,0,0,0,8,65,2,,,,-4.43451169170361,0,0,15,0,0,0,0,0,605,1139396,2307584,https://overthecap.com/player/luke-schoonmaker/10882/,https://github.com/nflverse/nflverse-data/releases/download/stats_player/stats_player_reg_2023.csv,2026-09-28
00-0024243,Marcedes Lewis,2023,CHI,TE,6,2000000,False,SFA,Veteran deal,2023,0,0,0,0,0,4,29,1,,,,2.48608262301423,0,0,5,0,0,0,0,0,477,2000000,2000000,https://overthecap.com/player/marcedes-lewis/946/,https://github.com/nflverse/nflverse-data/releases/download/stats_player/stats_player_reg_2023.csv,2026-09-28
00-0034753,Mark Andrews,2023,BAL,TE,10,14000000,False,Extension,Veteran deal,2021,0,0,0,0,0,45,544,6,,,-1.58926673241589,33.1817638412758,0,0,61,1,0,0,0,0,476,13657611,7500000,https://overthecap.com/player/mark-andrews/6971/,https://github.com/nflverse/nflverse-data/releases/download/stats_player/stats_player_reg_2023.csv,2026-09-28
00-0039066,Michael Mayer,2023,LV,TE,13,2328410,False,Drafted,Rookie deal,2023,0,0,0,0,0,27,304,2,,,,17.7773883694555,0,0,40,0,0,0,0,0,531,1693389,4523556,https://overthecap.com/player/michael-mayer/10859/,https://github.com/nflverse/nflverse-data/releases/download/stats_player/stats_player_reg_2023.csv,2026-09-28
00-0034829,Mike Gesicki,2023,NE,TE,15,4500000,False,UFA,Veteran deal,2023,0,0,0,0,0,29,244,2,,,,-3.11053099000389,0,0,45,0,0,0,0,0,541,4500000,4850000,https://overthecap.com/player/mike-gesicki/6927/,https://github.com/nflverse/nflverse-data/releases/download/stats_player/stats_player_reg_2023.csv,2026-09-28
00-0035771,Mitchell Wilcox,2023,CIN,TE,12,1040000,False,SFA,Veteran deal,2023,0,0,0,0,0,9,56,0,,,,0.202913596731378,0,0,12,0,0,0,0,0,592,1040000,1040000,https://overthecap.com/player/mitchell-wilcox/9108/,https://github.com/nflverse/nflverse-data/releases/download/stats_player/stats_player_reg_2023.csv,2026-09-28
00-0033217,Mo Alie-Cox,2023,IND,TE,14,5850000,False,UFA,Veteran deal,2022,0,0,0,0,0,13,161,3,,,,7.56259054116403,0,0,22,0,0,0,0,0,546,5310000,5310000,https://overthecap.com/player/mo-alie-cox/5618/,https://github.com/nflverse/nflverse-data/releases/download/stats_player/stats_player_reg_2023.csv,2026-09-28
00-0031585,MyCole Pruitt,2023,ATL,TE,10,1215000,False,SFA,Veteran deal,2023,0,0,0,0,0,9,110,1,,,,8.23608873059857,0,0,12,0,0,0,0,0,508,990000,1215000,https://overthecap.com/player/mycole-pruitt/3991/,https://github.com/nflverse/nflverse-data/releases/download/stats_player/stats_player_reg_2023.csv,2026-09-28
00-0038783,Nate Adkins,2023,DEN,TE,5,901667,False,UDFA,Rookie deal,2023,0,0,0,0,0,4,22,0,,,,1.5452797129401,0,0,5,0,0,0,0,0,477,753333,760000,https://overthecap.com/player/nate-adkins/11337/,https://github.com/nflverse/nflverse-data/releases/download/stats_player/stats_player_reg_2023.csv,2026-09-28
00-0037317,Nick Muse,2023,MIN,TE,1,870000,False,SFA,Veteran deal,2023,0,0,0,0,0,1,22,0,,,,1.35134004242718,0,0,1,0,0,0,0,0,606,870000,870000,https://overthecap.com/player/nick-muse/10272/,https://github.com/nflverse/nflverse-data/releases/download/stats_player/stats_player_reg_2023.csv,2026-09-28
00-0032394,Nick Vannett,2023,LAC,TE,1,1080000,False,SFA,Veteran deal,2023,0,0,0,0,0,1,3,0,,,,0.170080132782459,0,0,1,0,0,0,0,0,614,522222,600000,https://overthecap.com/player/nick-vannett/4807/,https://github.com/nflverse/nflverse-data/releases/download/stats_player/stats_player_reg_2023.csv,2026-09-28
00-0035644,Noah Fant,2023,SEA,TE,15,3147681,False,Drafted,Rookie deal,2019,0,0,0,0,0,32,414,0,,,,11.7244695714326,0,0,43,0,0,0,0,0,547,6850000,6850000,https://overthecap.com/player/noah-fant/7811/,https://github.com/nflverse/nflverse-data/releases/download/stats_player/stats_player_reg_2023.csv,2026-09-28
00-0036637,Noah Gray,2023,KC,TE,16,948445,False,Drafted,Rookie deal,2021,0,0,0,1,0,28,305,2,,,-2.75680042122258,5.18410226030976,0,0,41,1,0,0,0,0,599,1018445,940000,https://overthecap.com/player/noah-gray/9626/,https://github.com/nflverse/nflverse-data/releases/download/stats_player/stats_player_reg_2023.csv,2026-09-28
00-0035572,Parker Hesse,2023,ATL,TE,1,940000,False,ERFA,Veteran deal,2023,0,0,0,0,0,0,0,0,,,,,0,0,0,0,0,0,0,0,508,336666,336666,https://overthecap.com/player/parker-hesse/8516/,https://github.com/nflverse/nflverse-data/releases/download/stats_player/stats_player_reg_2023.csv,2026-09-28
00-0036894,Pat Freiermuth,2023,PIT,TE,11,1507045,False,Drafted,Rookie deal,2021,0,0,0,0,0,32,308,2,,,,9.54455986729572,0,0,47,0,0,0,0,0,484,1644049,1208016,https://overthecap.com/player/pat-freiermuth/9519/,https://github.com/nflverse/nflverse-data/releases/download/stats_player/stats_player_reg_2023.csv,2026-09-28
00-0039050,Payne Durham,2023,TB,TE,6,1021245,False,Drafted,Rookie deal,2023,0,0,0,0,0,5,58,0,,,,3.69075510452967,0,0,7,0,0,0,0,0,550,811245,994980,https://overthecap.com/player/payne-durham/10995/,https://github.com/nflverse/nflverse-data/releases/download/stats_player/stats_player_reg_2023.csv,2026-09-28
00-0037569,Peyton Hendershot,2023,DAL,TE,8,858333,False,UDFA,Rookie deal,2022,0,0,0,0,0,4,38,0,,,-0.204385912686121,-1.40834909077967,0,0,7,1,0,0,0,0,605,666944,661944,https://overthecap.com/player/peyton-hendershot/10436/,https://github.com/nflverse/nflverse-data/releases/download/stats_player/stats_player_reg_2023.csv,2026-09-28
00-0033439,Pharaoh Brown,2023,NE,TE,11,1080000,False,SFA,Veteran deal,2023,0,0,0,0,0,13,208,1,,,,5.46975368086714,0,0,15,0,0,0,0,1,541,940000,1080000,https://overthecap.com/player/pharaoh-brown/6080/,https://github.com/nflverse/nflverse-data/releases/download/stats_player/stats_player_reg_2023.csv,2026-09-28
00-0036590,Quintin Morris,2023,BUF,TE,2,787500,False,SFA,Veteran deal,2022,0,0,0,0,0,2,26,1,,,,1.75291083482613,0,0,3,0,0,0,0,0,545,870000,870000,https://overthecap.com/player/quintin-morris/9733/,https://github.com/nflverse/nflverse-data/releases/download/stats_player/stats_player_reg_2023.csv,2026-09-28
00-0033757,Robert Tonyan,2023,CHI,TE,12,2650000,False,UFA,Veteran deal,2023,0,0,0,0,0,11,112,0,,,,3.74735239456641,0,0,17,0,0,0,0,0,477,2650000,2650000,https://overthecap.com/player/robert-tonyan/6223/,https://github.com/nflverse/nflverse-data/releases/download/stats_player/stats_player_reg_2023.csv,2026-09-28
00-0037451,Rod Williams,2023,PIT,TE,6,832500,False,SFA,Veteran deal,2023,0,0,0,0,0,0,0,0,,,,-0.681053433858324,0,0,2,0,0,0,0,0,484,583333,583333,https://overthecap.com/player/rodney-williams-ii/10649/,https://github.com/nflverse/nflverse-data/releases/download/stats_player/stats_player_reg_2023.csv,2026-09-28
00-0034073,Ross Dwelley,2023,SF,TE,2,1700000,False,UFA,Veteran deal,2023,0,0,0,0,0,1,12,0,,,,0.572260257089511,0,0,2,0,0,0,0,0,471,1080000,1700000,https://overthecap.com/player/ross-dwelley/7561/,https://github.com/nflverse/nflverse-data/releases/download/stats_player/stats_player_reg_2023.csv,2026-09-28
00-0039065,Sam LaPorta,2023,DET,TE,17,2366500,False,Drafted,Rookie deal,2023,0,0,0,4,0,86,889,10,,,0.133189848565962,40.4328950199898,0,0,120,1,0,0,0,0,574,1721090,4634360,https://overthecap.com/player/sam-laporta/10858/,https://github.com/nflverse/nflverse-data/releases/download/stats_player/stats_player_reg_2023.csv,2026-09-28
00-0036032,Sean McKeon,2023,DAL,TE,8,1010000,False,SFA,Veteran deal,2023,0,0,0,0,0,0,0,0,,,,-6.45354717166629,0,0,2,0,0,0,0,0,605,594722,594722,https://overthecap.com/player/sean-mckeon/9341/,https://github.com/nflverse/nflverse-data/releases/download/stats_player/stats_player_reg_2023.csv,2026-09-28
00-0036438,Stephen Sullivan,2023,CAR,TE,10,940000,False,ERFA,Veteran deal,2023,0,0,0,0,0,12,125,0,,,,-1.62987327388786,0,0,24,0,0,0,0,0,534,817778,817778,https://overthecap.com/player/stephen-sullivan/8991/,https://github.com/nflverse/nflverse-data/releases/download/stats_player/stats_player_reg_2023.csv,2026-09-28
00-0037475,Stone Smartt,2023,LAC,TE,12,855000,False,UDFA,Rookie deal,2022,0,0,0,0,0,11,155,1,,,,3.32315545763066,0,0,21,0,0,0,0,0,614,871666,870000,https://overthecap.com/player/stone-smartt/10559/,https://github.com/nflverse/nflverse-data/releases/download/stats_player/stats_player_reg_2023.csv,2026-09-28
00-0035229,T.J. Hockenson,2023,MIN,TE,15,16500000,False,Extension,Veteran deal,2023,0,0,0,0,0,95,960,5,,,,31.8228879730231,0,0,127,0,0,0,0,1,606,4992000,19392000,https://overthecap.com/player/t-j-hockenson/7799/,https://github.com/nflverse/nflverse-data/releases/download/stats_player/stats_player_reg_2023.csv,2026-09-28
00-0034613,Tanner Hudson,2023,CIN,TE,12,1080000,False,SFA,Veteran deal,2023,0,0,0,0,0,39,352,1,-2.26438159962378,,,12.2674511221393,0,1,50,0,0,0,0,0,592,522222,600000,https://overthecap.com/player/tanner-hudson/7519/,https://github.com/nflverse/nflverse-data/releases/download/stats_player/stats_player_reg_2023.csv,2026-09-28
00-0033357,Taysom Hill,2023,NO,TE,16,10000000,False,Extension,Veteran deal,2021,83,1,0,401,4,33,291,2,1.45840688463068,-12.6837513663552,7.23741189094567,10.07928946876,11,2,40,81,6,1,0,0,579,6869000,9900000,https://overthecap.com/player/taysom-hill/6047/,https://github.com/nflverse/nflverse-data/releases/download/stats_player/stats_player_reg_2023.csv,2026-09-28
00-0037277,Teagan Quitoriano,2023,HOU,TE,3,989037,False,Drafted,Rookie deal,2022,0,0,0,0,0,2,33,0,,,,2.07266961468849,0,0,3,0,0,0,0,0,566,724593,650556,https://overthecap.com/player/teagan-quitoriano/10215/,https://github.com/nflverse/nflverse-data/releases/download/stats_player/stats_player_reg_2023.csv,2026-09-28
00-0037005,Tommy Tremble,2023,CAR,TE,15,1231609,False,Drafted,Rookie deal,2021,0,0,0,0,0,23,194,3,,,,2.10533442688757,0,0,32,0,0,0,0,0,534,1343573,1107858,https://overthecap.com/player/tommy-tremble/9547/,https://github.com/nflverse/nflverse-data/releases/download/stats_player/stats_player_reg_2023.csv,2026-09-28
00-0030506,Travis Kelce,2023,KC,TE,15,14312500,False,Extension,Veteran deal,2020,0,0,0,0,0,93,984,5,,,,48.0150151200757,0,0,121,0,0,0,0,1,599,14801944,12250000,https://overthecap.com/player/travis-kelce/2216/,https://github.com/nflverse/nflverse-data/releases/download/stats_player/stats_player_reg_2023.csv,2026-09-28
00-0035259,Trevon Wesco,2023,TEN,TE,6,1232500,False,UFA,Veteran deal,2023,0,0,0,0,0,1,21,0,,,,0.160237943520769,0,0,3,0,0,0,0,0,478,1092500,1232500,https://overthecap.com/player/trevon-wesco/7912/,https://github.com/nflverse/nflverse-data/releases/download/stats_player/stats_player_reg_2023.csv,2026-09-28
00-0037744,Trey McBride,2023,ARI,TE,17,1574915,False,Drafted,Rookie deal,2022,0,0,0,0,0,81,825,3,,,,9.8028204253265,0,0,106,0,0,0,0,0,540,1431741,991348,https://overthecap.com/player/trey-mcbride/10100/,https://github.com/nflverse/nflverse-data/releases/download/stats_player/stats_player_reg_2023.csv,2026-09-28
00-0037654,Tucker Fisk,2023,ATL,TE,2,832500,False,SFA,Veteran deal,2023,0,0,0,0,0,1,9,0,,,,1.19562649866566,0,0,1,0,0,0,0,0,508,125000,125000,https://overthecap.com/player/tucker-fisk/10763/,https://github.com/nflverse/nflverse-data/releases/download/stats_player/stats_player_reg_2023.csv,2026-09-28
00-0038996,Tucker Kraft,2023,GB,TE,14,1384483,False,Drafted,Rookie deal,2023,0,0,0,0,0,31,355,2,,,,17.7748128229508,0,0,40,0,0,0,0,0,561,1006897,1777588,https://overthecap.com/player/tucker-kraft/10902/,https://github.com/nflverse/nflverse-data/releases/download/stats_player/stats_player_reg_2023.csv,2026-09-28
00-0034270,Tyler Conklin,2023,NYJ,TE,17,6750000,False,UFA,Veteran deal,2022,0,0,0,0,0,61,621,0,,,-3.54223324521445,6.41119410259936,0,0,87,1,0,0,0,0,563,6088333,7000000,https://overthecap.com/player/tyler-conklin/7042/,https://github.com/nflverse/nflverse-data/releases/download/stats_player/stats_player_reg_2023.csv,2026-09-28
00-0033110,Tyler Higbee,2023,LA,TE,15,8500000,False,Extension,Veteran deal,2023,0,0,0,0,0,47,495,2,,,,18.8050713778086,0,0,70,0,0,0,0,0,555,6438786,7267647,https://overthecap.com/player/tyler-higbee/4823/,https://github.com/nflverse/nflverse-data/releases/download/stats_player/stats_player_reg_2023.csv,2026-09-28
00-0032214,Tyler Kroft,2023,MIA,TE,1,1265000,False,SFA,Veteran deal,2023,0,0,0,0,0,0,0,0,,,,,0,0,0,0,0,0,0,0,549,1040000,1265000,https://overthecap.com/player/tyler-kroft/3933/,https://github.com/nflverse/nflverse-data/releases/download/stats_player/stats_player_reg_2023.csv,2026-09-28
00-0034159,Will Dissly,2023,SEA,TE,13,8000000,False,UFA,Veteran deal,2022,0,0,0,0,0,17,172,1,,,,8.72214725561207,0,0,22,0,0,0,0,0,547,9220000,6120000,https://overthecap.com/player/will-dissly/7005/,https://github.com/nflverse/nflverse-data/releases/download/stats_player/stats_player_reg_2023.csv,2026-09-28
00-0038394,Will Mallory,2023,IND,TE,11,1032648,False,Drafted,Rookie deal,2023,0,0,0,0,0,18,207,0,,,,11.6807807128644,0,0,26,0,0,0,0,0,546,822648,1040592,https://overthecap.com/player/will-mallory/10986/,https://github.com/nflverse/nflverse-data/releases/download/stats_player/stats_player_reg_2023.csv,2026-09-28
00-0035676,A.J. Brown,2023,PHI,WR,17,25000000,False,Extension,Veteran deal,2022,0,0,0,0,0,106,1456,7,,,,65.8728374935166,0,0,158,0,0,0,0,2,525,8318894,11760000,https://overthecap.com/player/a-j-brown/7842/,https://github.com/nflverse/nflverse-data/releases/download/stats_player/stats_player_reg_2023.csv,2026-09-28
00-0038612,A.T. Perry,2023,NO,WR,8,1004091,False,Drafted,Rookie deal,2023,0,0,0,0,0,12,246,4,,,,19.0714940344568,0,0,18,0,0,0,0,0,579,794091,926364,https://overthecap.com/player/a-t-perry/11019/,https://github.com/nflverse/nflverse-data/releases/download/stats_player/stats_player_reg_2023.csv,2026-09-28
00-0030035,Adam Thielen,2023,CAR,WR,17,8333333,False,SFA,Veteran deal,2023,0,0,0,6,0,103,1014,4,,,0.236421025590971,60.7283974883863,0,0,137,1,0,0,0,0,534,3332000,10000000,https://overthecap.com/player/adam-thielen/2766/,https://github.com/nflverse/nflverse-data/releases/download/stats_player/stats_player_reg_2023.csv,2026-09-28
00-0037664,Alec Pierce,2023,IND,WR,17,1650336,False,Drafted,Rookie deal,2022,0,0,0,0,0,32,514,2,,,,17.1916585591053,0,0,65,0,0,0,0,0,546,1500305,1005061,https://overthecap.com/player/alec-pierce/10098/,https://github.com/nflverse/nflverse-data/releases/download/stats_player/stats_player_reg_2023.csv,2026-09-28
00-0032543,Alex Erickson,2023,LAC,WR,8,1080000,False,SFA,Veteran deal,2023,0,0,0,0,0,16,232,1,,,,5.39480069826823,0,0,29,0,0,0,0,0,614,313333,360000,https://overthecap.com/player/alex-erickson/5255/,https://github.com/nflverse/nflverse-data/releases/download/stats_player/stats_player_reg_2023.csv,2026-09-28
00-0034521,Allen Lazard,2023,NYJ,WR,14,11000000,False,UFA,Veteran deal,2023,0,0,0,0,0,23,311,1,,,,0.376879264775198,0,0,49,0,0,0,0,0,563,3264000,12000000,https://overthecap.com/player/allen-lazard/7167/,https://github.com/nflverse/nflverse-data/releases/download/stats_player/stats_player_reg_2023.csv,2026-09-28
00-0031428,Allen Robinson,2023,PIT,WR,15,7500000,False,Other,Unknown,2023,0,0,0,0,0,34,280,0,,,,-4.57206246675987,0,0,49,0,0,0,0,0,484,3082500,5000000,https://overthecap.com/player/allen-robinson/3000/,https://github.com/nflverse/nflverse-data/releases/download/stats_player/stats_player_reg_2023.csv,2026-09-28
00-0031544,Amari Cooper,2023,CLE,WR,15,20000000,False,UFA,Veteran deal,2020,0,0,0,0,0,72,1250,5,,,,46.0974847810543,0,0,128,0,0,0,0,1,597,23776000,20000000,https://overthecap.com/player/amari-cooper/3852/,https://github.com/nflverse/nflverse-data/releases/download/stats_player/stats_player_reg_2023.csv,2026-09-28
00-0036963,Amon-Ra St. Brown,2023,DET,WR,16,1066315,False,Drafted,Rookie deal,2021,0,0,0,24,0,119,1515,10,-1.97457417356782,,1.2350343442522,71.3439331420671,0,1,164,4,0,0,0,1,574,1136315,940000,https://overthecap.com/player/amon-ra-st-brown/9576/,https://github.com/nflverse/nflverse-data/releases/download/stats_player/stats_player_reg_2023.csv,2026-09-28
00-0038619,Andrei Iosivas,2023,CIN,WR,11,999848,False,Drafted,Rookie deal,2023,0,0,0,0,0,15,116,4,,,,5.36112963134656,0,0,25,0,0,0,0,0,592,789848,909392,https://overthecap.com/player/andrei-iosivas/11030/,https://github.com/nflverse/nflverse-data/releases/download/stats_player/stats_player_reg_2023.csv,2026-09-28
00-0035527,Andy Isabella,2023,BUF,WR,1,1080000,False,SFA,Veteran deal,2023,0,0,0,0,0,0,0,0,,,,,0,0,0,0,0,0,0,0,545,362044,377600,https://overthecap.com/player/andy-isabella/7853/,https://github.com/nflverse/nflverse-data/releases/download/stats_player/stats_player_reg_2023.csv,2026-09-28
00-0038627,Antoine Green,2023,DET,WR,2,989190,False,Drafted,Rookie deal,2023,0,0,0,0,0,1,2,0,,,,-3.53832730645081,0,0,2,0,0,0,0,0,574,779190,866760,https://overthecap.com/player/antoine-green/11043/,https://github.com/nflverse/nflverse-data/releases/download/stats_player/stats_player_reg_2023.csv,2026-09-28
00-0036841,Austin Trammell,2023,LA,WR,15,870000,False,SFA,Veteran deal,2023,0,0,0,0,0,4,29,0,,,,-3.00542641925858,0,0,7,0,0,0,0,0,555,676667,676667,https://overthecap.com/player/austin-trammell/9908/,https://github.com/nflverse/nflverse-data/releases/download/stats_player/stats_player_reg_2023.csv,2026-09-28
00-0036862,Ben Skowronek,2023,LA,WR,13,891131,False,Drafted,Rookie deal,2021,0,0,0,9,0,8,66,1,,,-1.71923585818149,1.42528552061412,0,0,12,2,0,0,0,0,555,961131,940000,https://overthecap.com/player/bennett-skowronek/9713/,https://github.com/nflverse/nflverse-data/releases/download/stats_player/stats_player_reg_2023.csv,2026-09-28
00-0037091,Bo Melton,2023,GB,WR,4,832500,False,SFA,Veteran deal,2023,0,0,0,21,0,16,218,1,,,1.37489034805913,8.5401992232493,0,0,24,3,0,0,0,0,561,41667,41667,https://overthecap.com/player/bo-melton/10274/,https://github.com/nflverse/nflverse-data/releases/download/stats_player/stats_player_reg_2023.csv,2026-09-28
00-0031236,Brandin Cooks,2023,DAL,WR,16,10000000,False,Other,Unknown,2023,0,0,0,35,0,54,657,8,,,1.70989246421959,35.8262182100546,0,0,81,5,0,0,0,0,605,6000000,12000000,https://overthecap.com/player/brandin-cooks/2959/,https://github.com/nflverse/nflverse-data/releases/download/stats_player/stats_player_reg_2023.csv,2026-09-28
00-0036261,Brandon Aiyuk,2023,SF,WR,16,3132838,False,Drafted,Rookie deal,2020,0,0,0,0,0,75,1342,7,,,,81.7904670821315,0,0,105,0,0,0,0,1,471,3987248,2318821,https://overthecap.com/player/brandon-aiyuk/8765/,https://github.com/nflverse/nflverse-data/releases/download/stats_player/stats_player_reg_2023.csv,2026-09-28
00-0037382,Brandon Johnson,2023,DEN,WR,10,853333,False,SFA,Veteran deal,2022,0,0,0,0,0,19,284,4,,,,21.3616545516567,0,0,30,0,0,0,0,0,477,760278,760278,https://overthecap.com/player/brandon-johnson/10634/,https://github.com/nflverse/nflverse-data/releases/download/stats_player/stats_player_reg_2023.csv,2026-09-28
00-0034646,Brandon Powell,2023,MIN,WR,17,1232500,False,UFA,Veteran deal,2023,0,0,0,17,0,29,324,1,,,-0.425728226662613,-1.46771105070379,0,0,44,5,0,0,0,0,606,1092500,1232500,https://overthecap.com/player/brandon-powell/7434/,https://github.com/nflverse/nflverse-data/releases/download/stats_player/stats_player_reg_2023.csv,2026-09-28
00-0034419,Braxton Berrios,2023,MIA,WR,16,3500000,False,SFA,Veteran deal,2023,0,0,0,11,0,27,238,1,,,0.729804629925638,10.8663082639978,0,0,33,1,0,0,0,0,549,3500000,3470588,https://overthecap.com/player/braxton-berrios/7095/,https://github.com/nflverse/nflverse-data/releases/download/stats_player/stats_player_reg_2023.csv,2026-09-28
00-0037132,Britain Covey,2023,PHI,WR,15,927500,False,SFA,Veteran deal,2023,0,0,0,0,0,4,42,0,,,,0.560594191543159,0,0,6,0,0,0,0,0,525,773333,773333,https://overthecap.com/player/britain-covey/10651/,https://github.com/nflverse/nflverse-data/releases/download/stats_player/stats_player_reg_2023.csv,2026-09-28
00-0034297,Byron Pringle,2023,WAS,WR,13,1080000,False,SFA,Veteran deal,2023,0,0,0,0,0,14,161,0,,,,1.05966306373011,0,0,22,0,0,0,0,0,601,940000,1080000,https://overthecap.com/player/byron-pringle/7313/,https://github.com/nflverse/nflverse-data/releases/download/stats_player/stats_player_reg_2023.csv,2026-09-28
00-0037837,Calvin Austin III,2023,PIT,WR,16,1041084,False,Drafted,Rookie deal,2022,0,0,0,57,1,17,180,1,,,3.4131404554355,-3.25914874740777,0,0,30,11,0,0,0,0,484,876084,750000,https://overthecap.com/player/calvin-austin-iii/10183/,https://github.com/nflverse/nflverse-data/releases/download/stats_player/stats_player_reg_2023.csv,2026-09-28
00-0034837,Calvin Ridley,2023,JAX,WR,17,2725183,False,Drafted,Rookie deal,2018,0,0,0,23,0,76,1016,8,,,-2.94865373754874,32.3809442155444,0,0,136,9,0,0,0,0,607,11116000,11116000,https://overthecap.com/player/calvin-ridley/6911/,https://github.com/nflverse/nflverse-data/releases/download/stats_player/stats_player_reg_2023.csv,2026-09-28
00-0038979,Cedric Tillman,2023,CLE,WR,11,1402616,False,Drafted,Rookie deal,2023,0,0,0,8,0,21,224,0,,,0.234092467464507,-26.5160423246959,0,0,44,1,0,0,0,0,597,1020084,1830336,https://overthecap.com/player/cedric-tillman/10898/,https://github.com/nflverse/nflverse-data/releases/download/stats_player/stats_player_reg_2023.csv,2026-09-28
00-0034418,Cedrick Wilson Jr.,2023,MIA,WR,11,5000000,False,Other,Unknown,2023,0,0,0,0,0,22,296,3,-1.35745236754883,,,0.448936370451772,0,1,38,0,0,0,0,0,549,4500000,5000000,https://overthecap.com/player/cedrick-wilson-jr/7093/,https://github.com/nflverse/nflverse-data/releases/download/stats_player/stats_player_reg_2023.csv,2026-09-28
00-0036358,CeeDee Lamb,2023,DAL,WR,17,3502504,False,Drafted,Rookie deal,2020,0,0,0,113,2,135,1749,12,,,8.38835913920775,103.519985118571,0,0,181,14,0,0,0,2,605,4457732,2520457,https://overthecap.com/player/ceedee-lamb/8757/,https://github.com/nflverse/nflverse-data/releases/download/stats_player/stats_player_reg_2023.csv,2026-09-28
00-0038576,Charlie Jones,2023,CIN,WR,11,1129694,False,Drafted,Rookie deal,2023,0,0,0,13,0,7,64,0,,,1.09994524694048,2.37626150279539,0,0,9,2,0,0,0,0,592,803027,1312109,https://overthecap.com/player/charlie-jones/10955/,https://github.com/nflverse/nflverse-data/releases/download/stats_player/stats_player_reg_2023.csv,2026-09-28
00-0032128,Chris Conley,2023,SF,WR,1,1165000,False,SFA,Veteran deal,2023,0,0,0,0,0,3,69,0,,,,1.33781061676564,0,0,6,0,0,0,0,0,471,261111,323611,https://overthecap.com/player/chris-conley/3924/,https://github.com/nflverse/nflverse-data/releases/download/stats_player/stats_player_reg_2023.csv,2026-09-28
00-0033921,Chris Godwin Jr.,2023,TB,WR,17,20000000,False,Franchise,Veteran deal,2022,0,0,0,38,1,83,1024,2,-0.711173077928834,-55.3164124488831,3.31536769098602,45.0549125922515,1,0,130,4,0,0,0,0,550,8614000,20000000,https://overthecap.com/player/chris-godwin/5670/,https://github.com/nflverse/nflverse-data/releases/download/stats_player/stats_player_reg_2023.csv,2026-09-28
00-0032398,Chris Moore,2023,TEN,WR,15,1317500,False,UFA,Veteran deal,2023,0,0,0,39,0,22,424,0,,,2.09161901893094,18.2691164102726,0,0,35,2,0,0,0,0,478,1092500,1317500,https://overthecap.com/player/chris-moore/4820/,https://github.com/nflverse/nflverse-data/releases/download/stats_player/stats_player_reg_2023.csv,2026-09-28
00-0037239,Chris Olave,2023,NO,WR,16,4817968,False,Drafted,Rookie deal,2022,0,0,0,0,0,87,1123,5,,,,43.3984927947194,0,0,138,0,0,0,0,0,579,4379971,1580994,https://overthecap.com/player/chris-olave/10056/,https://github.com/nflverse/nflverse-data/releases/download/stats_player/stats_player_reg_2023.csv,2026-09-28
00-0034775,Christian Kirk,2023,JAX,WR,12,18000000,False,UFA,Veteran deal,2022,-1,0,0,6,0,57,787,3,-1.75659716618247,-11.9180589914322,-0.595339220715687,23.3924450492163,2,0,85,1,1,0,0,2,607,11464000,16352941,https://overthecap.com/player/christian-kirk/6932/,https://github.com/nflverse/nflverse-data/releases/download/stats_player/stats_player_reg_2023.csv,2026-09-28
00-0038124,Christian Watson,2023,GB,WR,9,2310257,False,Drafted,Rookie deal,2022,0,0,0,11,0,28,422,5,,,-1.52074445865583,1.88253991466269,0,0,53,4,0,0,0,0,561,2100233,1125047,https://overthecap.com/player/christian-watson/10079/,https://github.com/nflverse/nflverse-data/releases/download/stats_player/stats_player_reg_2023.csv,2026-09-28
00-0035164,Cody Thompson,2023,SEA,WR,2,870000,False,SFA,Veteran deal,2023,0,0,0,0,0,1,10,0,,,,0.412861474789679,0,0,1,0,0,0,0,0,547,156333,156333,https://overthecap.com/player/cody-thompson/8236/,https://github.com/nflverse/nflverse-data/releases/download/stats_player/stats_player_reg_2023.csv,2026-09-28
00-0036254,Collin Johnson,2023,CHI,WR,1,940000,False,SFA,Veteran deal,2023,0,0,0,0,0,1,11,0,,,,1.25032863160595,0,0,1,0,0,0,0,0,477,52222,52222,https://overthecap.com/player/collin-johnson/8905/,https://github.com/nflverse/nflverse-data/releases/download/stats_player/stats_player_reg_2023.csv,2026-09-28
00-0038632,Colton Dowell,2023,TEN,WR,4,985674,False,Drafted,Rookie deal,2023,0,0,0,0,0,1,3,0,,,,-2.6527392360731,0,0,2,0,0,0,0,0,478,759007,836029,https://overthecap.com/player/colton-dowell/11052/,https://github.com/nflverse/nflverse-data/releases/download/stats_player/stats_player_reg_2023.csv,2026-09-28
00-0033908,Cooper Kupp,2023,LA,WR,12,26700000,False,Extension,Veteran deal,2022,0,0,0,-3,0,59,737,5,,,-0.944882621057332,9.77119119279009,0,0,95,1,0,0,0,0,555,17360000,20000000,https://overthecap.com/player/cooper-kupp/5655/,https://github.com/nflverse/nflverse-data/releases/download/stats_player/stats_player_reg_2023.csv,2026-09-28
00-0034348,Courtland Sutton,2023,DEN,WR,16,15000000,False,Extension,Veteran deal,2021,0,0,0,0,0,59,772,10,,,,22.0475871545289,0,0,90,0,0,0,0,3,477,18295588,14570588,https://overthecap.com/player/courtland-sutton/6925/,https://github.com/nflverse/nflverse-data/releases/download/stats_player/stats_player_reg_2023.csv,2026-09-28
00-0035045,D.J. Montgomery,2023,IND,WR,2,927500,False,SFA,Veteran deal,2023,0,0,0,0,0,3,56,1,,,,-6.7873042471474,0,0,8,0,0,0,0,0,546,193333,193333,https://overthecap.com/player/d-j-montgomery/8204/,https://github.com/nflverse/nflverse-data/releases/download/stats_player/stats_player_reg_2023.csv,2026-09-28
00-0034777,DJ Chark,2023,CAR,WR,14,5000000,False,UFA,Veteran deal,2023,0,0,0,0,0,35,525,5,,,,15.3337787782895,0,0,66,0,0,0,0,1,534,1864000,5000000,https://overthecap.com/player/d-j-chark/6946/,https://github.com/nflverse/nflverse-data/releases/download/stats_player/stats_player_reg_2023.csv,2026-09-28
00-0034827,DJ Moore,2023,CHI,WR,17,20628000,False,Extension,Veteran deal,2022,0,0,0,21,1,96,1364,8,,,-1.61224786337698,64.2882347027447,0,0,136,4,0,0,0,1,477,20165000,20165000,https://overthecap.com/player/d-j-moore/6909/,https://github.com/nflverse/nflverse-data/releases/download/stats_player/stats_player_reg_2023.csv,2026-09-28
00-0036527,DJ Turner,2023,LV,WR,7,927500,False,SFA,Veteran deal,2023,0,0,0,0,0,0,0,0,,,,,0,0,0,0,0,0,0,0,531,386667,386667,https://overthecap.com/player/d-j-turner/9839/,https://github.com/nflverse/nflverse-data/releases/download/stats_player/stats_player_reg_2023.csv,2026-09-28
00-0035640,DK Metcalf,2023,SEA,WR,16,24000000,False,Extension,Veteran deal,2022,0,0,0,0,0,66,1114,8,,,,42.6452170511991,0,0,119,0,0,0,0,0,547,13720000,14220000,https://overthecap.com/player/d-k-metcalf/7855/,https://github.com/nflverse/nflverse-data/releases/download/stats_player/stats_player_reg_2023.csv,2026-09-28
00-0037093,Dareke Young,2023,SEA,WR,1,940275,False,Drafted,Rookie deal,2022,0,0,0,0,0,0,0,0,,,,,0,0,0,0,0,0,0,0,547,697775,672500,https://overthecap.com/player/dareke-young/10278/,https://github.com/nflverse/nflverse-data/releases/download/stats_player/stats_player_reg_2023.csv,2026-09-28
00-0035535,Darius Slayton,2023,NYG,WR,17,6000000,False,UFA,Veteran deal,2023,0,0,0,0,0,50,770,4,,,,29.1937589205565,0,0,79,0,0,0,0,0,485,4250000,6200000,https://overthecap.com/player/darius-slayton/7962/,https://github.com/nflverse/nflverse-data/releases/download/stats_player/stats_player_reg_2023.csv,2026-09-28
00-0036309,Darnell Mooney,2023,CHI,WR,14,894262,False,Drafted,Rookie deal,2020,0,0,0,5,0,31,414,1,,,-0.762429441092536,-4.80464335643307,0,0,61,2,0,0,0,0,477,3063512,2993000,https://overthecap.com/player/darnell-mooney/8913/,https://github.com/nflverse/nflverse-data/releases/download/stats_player/stats_player_reg_2023.csv,2026-09-28
00-0031381,Davante Adams,2023,LV,WR,17,28000000,False,Franchise,Veteran deal,2022,0,0,0,0,0,103,1144,8,,,,13.4814386995789,0,0,175,0,0,0,0,0,531,14740000,6640000,https://overthecap.com/player/davante-adams/2992/,https://github.com/nflverse/nflverse-data/releases/download/stats_player/stats_player_reg_2023.csv,2026-09-28
00-0037257,David Bell,2023,CLE,WR,9,1261226,False,Drafted,Rookie deal,2022,0,0,0,0,0,14,167,3,,,,8.86204493499827,0,0,23,0,0,0,0,0,597,1146569,934314,https://overthecap.com/player/david-bell/10144/,https://github.com/nflverse/nflverse-data/releases/download/stats_player/stats_player_reg_2023.csv,2026-09-28
00-0033589,David Moore,2023,TB,WR,6,1080000,False,SFA,Veteran deal,2023,0,0,0,0,0,5,94,1,,,,2.77723561663879,0,0,7,0,0,0,0,0,550,208889,240000,https://overthecap.com/player/david-moore/5812/,https://github.com/nflverse/nflverse-data/releases/download/stats_player/stats_player_reg_2023.csv,2026-09-28
00-0031763,DeAndre Carter,2023,LV,WR,17,1500000,False,UFA,Veteran deal,2023,0,0,0,18,0,4,39,0,,,4.04425690660719,-2.60952146297068,0,0,7,3,0,0,0,0,531,1500000,1500000,https://overthecap.com/player/deandre-carter/4390/,https://github.com/nflverse/nflverse-data/releases/download/stats_player/stats_player_reg_2023.csv,2026-09-28
00-0030564,DeAndre Hopkins,2023,TEN,WR,17,13000000,False,SFA,Veteran deal,2023,0,0,0,9,0,75,1057,7,-0.418015068164095,-59.5398843288422,0.267017036036123,19.1653030816359,1,0,137,2,0,0,0,0,478,4568000,14000000,https://overthecap.com/player/deandre-hopkins/2208/,https://github.com/nflverse/nflverse-data/releases/download/stats_player/stats_player_reg_2023.csv,2026-09-28
00-0038621,DeMario Douglas,2023,NE,WR,14,993333,False,Drafted,Rookie deal,2023,0,0,0,41,0,49,561,0,,,1.02506967773661,-5.60288788062322,0,0,79,8,0,0,0,1,541,783333,883332,https://overthecap.com/player/demario-douglas/11034/,https://github.com/nflverse/nflverse-data/releases/download/stats_player/stats_player_reg_2023.csv,2026-09-28
00-0031547,DeVante Parker,2023,NE,WR,13,5400000,False,Extension,Veteran deal,2023,0,0,0,0,0,33,394,0,,,,1.01918930477305,0,0,55,0,0,0,0,0,541,3686666,7120000,https://overthecap.com/player/devante-parker/3862/,https://github.com/nflverse/nflverse-data/releases/download/stats_player/stats_player_reg_2023.csv,2026-09-28
00-0036912,DeVonta Smith,2023,PHI,WR,16,5035348,False,Drafted,Rookie deal,2021,0,0,0,0,0,81,1066,7,,,,34.021787702106,0,0,112,0,0,0,0,1,525,5493107,2491036,https://overthecap.com/player/devonta-smith/9474/,https://github.com/nflverse/nflverse-data/releases/download/stats_player/stats_player_reg_2023.csv,2026-09-28
00-0036620,Dee Eskridge,2023,SEA,WR,4,1488378,False,Drafted,Rookie deal,2021,0,0,0,5,0,0,0,0,,,-0.813304995186627,-1.20908493676689,0,0,1,2,0,0,0,0,547,1223276,800819,https://overthecap.com/player/dwayne-eskridge/9520/,https://github.com/nflverse/nflverse-data/releases/download/stats_player/stats_player_reg_2023.csv,2026-09-28
00-0035719,Deebo Samuel Sr.,2023,SF,WR,15,23850000,False,Extension,Veteran deal,2022,0,0,0,225,5,60,892,7,-0.443187787313946,,10.2943091771609,40.8879827787638,1,0,89,37,0,0,0,0,471,8741765,11306765,https://overthecap.com/player/deebo-samuel/7827/,https://github.com/nflverse/nflverse-data/releases/download/stats_player/stats_player_reg_2023.csv,2026-09-28
00-0032775,Demarcus Robinson,2023,LA,WR,8,1165000,False,SFA,Veteran deal,2023,0,0,0,23,0,26,371,4,,,1.35725784057286,16.2646734261864,0,0,39,1,0,0,0,1,555,940000,1165000,https://overthecap.com/player/demarcus-robinson/4839/,https://github.com/nflverse/nflverse-data/releases/download/stats_player/stats_player_reg_2023.csv,2026-09-28
00-0035215,Deonte Harty,2023,BUF,WR,16,4750000,False,UFA,Veteran deal,2023,0,0,0,0,0,15,150,1,,,-2.52056689443998,6.18557996389233,0,0,21,4,0,0,0,0,545,3984500,5629000,https://overthecap.com/player/deonte-harty/8512/,https://github.com/nflverse/nflverse-data/releases/download/stats_player/stats_player_reg_2023.csv,2026-09-28
00-0038573,Derius Davis,2023,LAC,WR,17,1137982,False,Drafted,Rookie deal,2023,0,0,0,101,0,15,66,0,,,5.18793454649858,-5.93209154814757,0,0,17,14,0,0,0,0,614,927982,1461928,https://overthecap.com/player/derius-davis/10949/,https://github.com/nflverse/nflverse-data/releases/download/stats_player/stats_player_reg_2023.csv,2026-09-28
00-0037487,Deven Thompkins,2023,TB,WR,17,787500,False,SFA,Veteran deal,2022,0,0,0,56,0,17,83,1,,,3.92556441019406,-8.70234505343008,0,0,25,8,0,0,0,1,550,870000,870000,https://overthecap.com/player/deven-thompkins/10658/,https://github.com/nflverse/nflverse-data/releases/download/stats_player/stats_player_reg_2023.csv,2026-09-28
00-0036331,Devin Duvernay,2023,BAL,WR,13,1116927,False,Drafted,Rookie deal,2020,0,0,0,15,0,4,18,0,,,-0.552756739489269,-4.00612674535772,0,0,9,4,0,0,0,0,476,4525966,4304000,https://overthecap.com/player/devin-duvernay/8832/,https://github.com/nflverse/nflverse-data/releases/download/stats_player/stats_player_reg_2023.csv,2026-09-28
00-0037039,Devon Allen,2023,PHI,WR,1,832500,False,SFA,Veteran deal,2023,0,0,0,0,0,0,0,0,,,,,0,0,0,0,0,0,0,0,525,275334,275334,https://overthecap.com/player/devon-allen/10043/,https://github.com/nflverse/nflverse-data/releases/download/stats_player/stats_player_reg_2023.csv,2026-09-28
00-0035216,Diontae Johnson,2023,PIT,WR,13,18355000,False,Extension,Veteran deal,2022,0,0,0,0,0,51,717,5,,,,25.9781533297791,0,0,87,0,0,0,0,0,484,16333333,10500000,https://overthecap.com/player/diontae-johnson/7857/,https://github.com/nflverse/nflverse-data/releases/download/stats_player/stats_player_reg_2023.csv,2026-09-28
00-0038393,Dontayvion Wicks,2023,GB,WR,15,1035636,False,Drafted,Rookie deal,2023,14,0,0,1,0,39,581,4,0.889282290299889,33.030641078949,-0.375854366167914,29.1571217409257,1,0,58,1,1,0,0,1,561,825636,1052544,https://overthecap.com/player/dontayvion-wicks/10983/,https://github.com/nflverse/nflverse-data/releases/download/stats_player/stats_player_reg_2023.csv,2026-09-28
00-0037238,Drake London,2023,ATL,WR,16,5383618,False,Drafted,Rookie deal,2022,22,0,0,0,0,69,905,2,1.84401460189838,33.694064617157,,11.8698758383816,1,0,110,0,1,0,0,0,508,4894198,1683840,https://overthecap.com/player/drake-london/10053/,https://github.com/nflverse/nflverse-data/releases/download/stats_player/stats_player_reg_2023.csv,2026-09-28
00-0038667,Elijah Cooks,2023,JAX,WR,4,901667,False,UDFA,Rookie deal,2023,0,0,0,0,0,3,38,0,,,,3.90436287743445,0,0,4,0,0,0,0,0,607,753333,760000,https://overthecap.com/player/elijah-cooks/11176/,https://github.com/nflverse/nflverse-data/releases/download/stats_player/stats_player_reg_2023.csv,2026-09-28
00-0036980,Elijah Moore,2023,CLE,WR,16,2235106,False,Drafted,Rookie deal,2021,0,0,0,11,0,59,640,2,,,-10.2629560535424,-1.74874023357779,0,0,104,9,0,1,0,1,597,1472766,1472766,https://overthecap.com/player/elijah-moore/9498/,https://github.com/nflverse/nflverse-data/releases/download/stats_player/stats_player_reg_2023.csv,2026-09-28
00-0034279,Equanimeous St. Brown,2023,CHI,WR,5,1250000,False,Extension,Veteran deal,2022,0,0,0,0,0,5,62,0,,,,2.97172284452245,0,0,6,0,0,0,0,0,477,1165000,1080000,https://overthecap.com/player/equanimeous-st-brown/7092/,https://github.com/nflverse/nflverse-data/releases/download/stats_player/stats_player_reg_2023.csv,2026-09-28
00-0038092,Erik Ezukanma,2023,MIA,WR,2,1096248,False,Drafted,Rookie deal,2022,0,0,0,22,0,0,0,0,,,-1.45335571921896,-0.912653792192441,0,0,1,5,0,0,0,0,549,1051248,540833,https://overthecap.com/player/erik-ezukanma/10170/,https://github.com/nflverse/nflverse-data/releases/download/stats_player/stats_player_reg_2023.csv,2026-09-28
00-0036196,Gabe Davis,2023,BUF,WR,16,998593,False,Drafted,Rookie deal,2020,0,0,0,-2,0,45,746,7,,,-0.880379307549447,24.1547632455337,0,0,81,1,0,0,0,1,545,2917843,2743000,https://overthecap.com/player/gabriel-davis/8868/,https://github.com/nflverse/nflverse-data/releases/download/stats_player/stats_player_reg_2023.csv,2026-09-28
00-0037740,Garrett Wilson,2023,NYJ,WR,17,5138502,False,Drafted,Rookie deal,2022,0,0,0,0,0,95,1042,3,-0.433482601540163,-62.4780058860779,0.355266800848767,-10.4606330238663,1,0,168,4,0,0,0,2,563,4671365,1639273,https://overthecap.com/player/garrett-wilson/10055/,https://github.com/nflverse/nflverse-data/releases/download/stats_player/stats_player_reg_2023.csv,2026-09-28
00-0037247,George Pickens,2023,PIT,WR,17,1688047,False,Drafted,Rookie deal,2022,0,0,0,18,0,63,1140,5,,,0.727427636855282,28.6047359987493,0,0,106,3,0,0,0,0,484,1534588,1011918,https://overthecap.com/player/george-pickens/10097/,https://github.com/nflverse/nflverse-data/releases/download/stats_player/stats_player_reg_2023.csv,2026-09-28
00-0035500,Greg Dortch,2023,ARI,WR,16,1010000,False,ERFA,Veteran deal,2023,0,0,0,5,0,24,280,2,,,-0.0831637269584462,4.75531841433258,0,0,41,1,0,0,0,0,540,1010000,1010000,https://overthecap.com/player/greg-dortch/8297/,https://github.com/nflverse/nflverse-data/releases/download/stats_player/stats_player_reg_2023.csv,2026-09-28
00-0034983,Hunter Renfrow,2023,LV,WR,14,15850000,False,Extension,Veteran deal,2022,0,0,0,0,0,25,255,0,,,,-0.269476781494955,0,0,37,0,0,0,0,1,531,13385000,11549000,https://overthecap.com/player/hunter-renfrow/7940/,https://github.com/nflverse/nflverse-data/releases/download/stats_player/stats_player_reg_2023.csv,2026-09-28
00-0036635,Ihmir Smith-Marsette,2023,CAR,WR,17,940000,False,SFA,Veteran deal,2023,0,0,0,74,1,8,51,0,,,4.18976671196288,1.5157561324304,0,0,10,8,0,0,0,0,534,940000,940000,https://overthecap.com/player/ihmir-smith-marsette/9621/,https://github.com/nflverse/nflverse-data/releases/download/stats_player/stats_player_reg_2023.csv,2026-09-28
00-0037156,Irvin Charles,2023,NYJ,WR,6,832500,False,SFA,Veteran deal,2023,0,0,0,0,0,0,0,0,,,,-1.51792374905199,0,0,1,0,0,0,0,0,563,541667,541667,https://overthecap.com/player/irvin-charles/10714/,https://github.com/nflverse/nflverse-data/releases/download/stats_player/stats_player_reg_2023.csv,2026-09-28
00-0036165,Isaiah Hodgins,2023,NYG,WR,14,870000,False,ERFA,Veteran deal,2023,0,0,0,0,0,21,230,3,,,,3.9315880485914,0,0,33,0,0,0,0,1,485,870000,870000,https://overthecap.com/player/isaiah-hodgins/8947/,https://github.com/nflverse/nflverse-data/releases/download/stats_player/stats_player_reg_2023.csv,2026-09-28
00-0033466,Isaiah McKenzie,2023,IND,WR,13,1080000,False,SFA,Veteran deal,2023,0,0,0,14,0,11,82,0,,,-0.511582356295548,2.21491720260481,0,0,14,3,0,0,0,0,546,783333,900000,https://overthecap.com/player/isaiah-mckenzie/5758/,https://github.com/nflverse/nflverse-data/releases/download/stats_player/stats_player_reg_2023.csv,2026-09-28
00-0036900,Ja'Marr Chase,2023,CIN,WR,16,7704911,False,Drafted,Rookie deal,2021,-7,0,0,-6,0,100,1216,7,-2.10285701858811,17.8540647029877,-2.73797785793431,60.5472326947734,1,0,145,3,1,0,0,0,592,8405357,3461786,https://overthecap.com/player/jamarr-chase/9469/,https://github.com/nflverse/nflverse-data/releases/download/stats_player/stats_player_reg_2023.csv,2026-09-28
00-0036877,Jaelon Darden,2023,CLE,WR,1,1044475,False,Drafted,Rookie deal,2021,0,0,0,0,0,0,0,0,,,,,0,0,0,0,0,0,0,0,597,256222,256222,https://overthecap.com/player/jaelon-darden/9593/,https://github.com/nflverse/nflverse-data/releases/download/stats_player/stats_player_reg_2023.csv,2026-09-28
00-0037741,Jahan Dotson,2023,WAS,WR,17,3762089,False,Drafted,Rookie deal,2022,0,0,0,0,0,49,518,4,,,,-15.9861186813161,0,0,83,0,0,0,0,0,601,3420081,1389016,https://overthecap.com/player/jahan-dotson/10061/,https://github.com/nflverse/nflverse-data/releases/download/stats_player/stats_player_reg_2023.csv,2026-09-28
00-0038752,Jake Bobo,2023,SEA,WR,14,901667,False,UDFA,Rookie deal,2023,0,0,0,3,1,19,196,2,,,0.775604387134081,8.033546223538,0,0,25,1,0,0,0,0,547,753333,760000,https://overthecap.com/player/jake-bobo/11395/,https://github.com/nflverse/nflverse-data/releases/download/stats_player/stats_player_reg_2023.csv,2026-09-28
00-0034960,Jakobi Meyers,2023,LV,WR,16,11000000,False,UFA,Veteran deal,2023,12,1,0,24,2,71,807,8,0.867831839015707,38.7338101863861,2.83430481684627,18.4612716459213,3,0,106,4,2,0,0,0,531,4182333,10985000,https://overthecap.com/player/jakobi-meyers/8083/,https://github.com/nflverse/nflverse-data/releases/download/stats_player/stats_player_reg_2023.csv,2026-09-28
00-0038640,Jalen Brooks,2023,DAL,WR,3,980589,False,Drafted,Rookie deal,2023,0,0,0,0,0,6,64,0,,,,3.85487076992285,0,0,6,0,0,0,0,0,605,770589,832356,https://overthecap.com/player/jalen-brooks/11068/,https://github.com/nflverse/nflverse-data/releases/download/stats_player/stats_player_reg_2023.csv,2026-09-28
00-0035414,Jalen Guyton,2023,LAC,WR,7,1232500,False,SFA,Veteran deal,2023,0,0,0,0,0,10,89,1,,,,-2.3658055786218,0,0,21,0,0,0,0,0,614,856444,893444,https://overthecap.com/player/jalen-guyton/8452/,https://github.com/nflverse/nflverse-data/releases/download/stats_player/stats_player_reg_2023.csv,2026-09-28
00-0037291,Jalen Nailor,2023,MIN,WR,3,960165,False,Drafted,Rookie deal,2022,0,0,0,0,0,3,29,0,,,,-2.02553678123513,0,0,6,0,0,0,0,0,606,761554,716389,https://overthecap.com/player/jalen-nailor/10236/,https://github.com/nflverse/nflverse-data/releases/download/stats_player/stats_player_reg_2023.csv,2026-09-28
00-0036387,Jalen Reagor,2023,NE,WR,9,1010000,False,SFA,Veteran deal,2023,0,0,0,17,0,7,138,0,,,1.22007818915881,-11.3858453314751,0,0,23,1,0,0,0,0,541,617222,617222,https://overthecap.com/player/jalen-reagor/8761/,https://github.com/nflverse/nflverse-data/releases/download/stats_player/stats_player_reg_2023.csv,2026-09-28
00-0037666,Jalen Tolbert,2023,DAL,WR,14,1283930,False,Drafted,Rookie deal,2022,0,0,0,0,0,22,268,2,,,,3.39509896004254,0,0,36,0,0,0,0,0,605,1167209,938443,https://overthecap.com/player/jalen-tolbert/10133/,https://github.com/nflverse/nflverse-data/releases/download/stats_player/stats_player_reg_2023.csv,2026-09-28
00-0038938,Jalin Hyatt,2023,NYG,WR,13,1406329,False,Drafted,Rookie deal,2023,0,0,0,0,0,23,373,0,,,,3.0651579910464,0,0,40,0,0,0,0,0,485,1022785,1841140,https://overthecap.com/player/jalin-hyatt/10897/,https://github.com/nflverse/nflverse-data/releases/download/stats_player/stats_player_reg_2023.csv,2026-09-28
00-0033572,Jamal Agnew,2023,JAX,WR,11,4750000,False,UFA,Veteran deal,2021,0,0,0,-2,0,14,225,1,,,-2.7079194545513,2.57968109146422,0,0,21,4,0,0,0,1,607,5881374,4644118,https://overthecap.com/player/jamal-agnew/5751/,https://github.com/nflverse/nflverse-data/releases/download/stats_player/stats_player_reg_2023.csv,2026-09-28
00-0036133,James Proche,2023,CLE,WR,10,1010000,False,SFA,Veteran deal,2023,0,0,0,0,0,0,0,0,,,,-7.28376101708273,0,0,5,0,0,0,0,0,597,505000,505000,https://overthecap.com/player/james-proche/8941/,https://github.com/nflverse/nflverse-data/releases/download/stats_player/stats_player_reg_2023.csv,2026-09-28
00-0037240,Jameson Williams,2023,DET,WR,12,4365448,False,Drafted,Rookie deal,2022,0,0,0,29,1,24,354,2,,,2.50430905527901,13.6310202101595,0,0,42,3,0,0,0,0,574,3713318,1115812,https://overthecap.com/player/jameson-williams/10057/,https://github.com/nflverse/nflverse-data/releases/download/stats_player/stats_player_reg_2023.csv,2026-09-28
00-0031941,Jamison Crowder,2023,WAS,WR,16,1165000,False,SFA,Veteran deal,2023,0,0,0,0,0,16,159,1,,,,5.32099037486489,0,0,20,0,0,0,0,0,601,887778,1100278,https://overthecap.com/player/jamison-crowder/3953/,https://github.com/nflverse/nflverse-data/releases/download/stats_player/stats_player_reg_2023.csv,2026-09-28
00-0038492,Jason Brownlee,2023,NYJ,WR,4,908333,False,UDFA,Rookie deal,2023,0,0,0,0,0,5,56,1,,,,-4.21006814829889,0,0,8,0,0,0,0,0,563,760000,780000,https://overthecap.com/player/jason-brownlee/11252/,https://github.com/nflverse/nflverse-data/releases/download/stats_player/stats_player_reg_2023.csv,2026-09-28
00-0036259,Jauan Jennings,2023,SF,WR,13,940000,False,ERFA,Veteran deal,2023,0,0,0,0,0,19,265,1,,,,7.91221397072993,0,0,33,0,0,0,0,0,471,940000,940000,https://overthecap.com/player/jauan-jennings/8957/,https://github.com/nflverse/nflverse-data/releases/download/stats_player/stats_player_reg_2023.csv,2026-09-28
00-0038543,Jaxon Smith-Njigba,2023,SEA,WR,17,3604327,False,Drafted,Rookie deal,2023,0,0,0,0,0,63,628,4,,,,12.1654319769567,0,0,93,0,0,0,0,0,547,2621329,8235316,https://overthecap.com/player/jaxon-smith-njigba/10844/,https://github.com/nflverse/nflverse-data/releases/download/stats_player/stats_player_reg_2023.csv,2026-09-28
00-0039146,Jayden Reed,2023,GB,WR,16,1795195,False,Drafted,Rookie deal,2023,0,0,0,119,2,64,793,8,,,4.53442744018696,34.3522616618623,0,0,94,11,0,0,0,0,561,1305596,2972384,https://overthecap.com/player/jayden-reed/10874/,https://github.com/nflverse/nflverse-data/releases/download/stats_player/stats_player_reg_2023.csv,2026-09-28
00-0036613,Jaylen Waddle,2023,MIA,WR,14,6771499,False,Drafted,Rookie deal,2021,0,0,0,12,0,72,1014,4,,,-0.689486611168832,45.9569177055652,0,0,104,3,0,0,0,0,549,7387090,3122364,https://overthecap.com/player/jaylen-waddle/9470/,https://github.com/nflverse/nflverse-data/releases/download/stats_player/stats_player_reg_2023.csv,2026-09-28
00-0036407,Jerry Jeudy,2023,DEN,WR,16,3798240,False,Drafted,Rookie deal,2020,0,0,0,0,0,54,758,2,,,,16.952773686105,0,0,87,0,0,0,0,0,477,4834123,2681767,https://overthecap.com/player/jerry-jeudy/8755/,https://github.com/nflverse/nflverse-data/releases/download/stats_player/stats_player_reg_2023.csv,2026-09-28
00-0037614,John Metchie III,2023,HOU,WR,14,2017544,False,Drafted,Rookie deal,2022,0,0,0,4,0,16,158,0,,,-0.293807677866425,-6.03733614366502,0,0,30,1,0,0,0,0,566,1834131,1071826,https://overthecap.com/player/john-metchie-iii/10089/,https://github.com/nflverse/nflverse-data/releases/download/stats_player/stats_player_reg_2023.csv,2026-09-28
00-0039062,Jonathan Mingo,2023,CAR,WR,15,2214152,False,Drafted,Rookie deal,2023,0,0,0,0,0,43,418,0,,,,-24.6459438826527,0,0,85,0,0,0,0,0,534,1610292,4191168,https://overthecap.com/player/jonathan-mingo/10863/,https://github.com/nflverse/nflverse-data/releases/download/stats_player/stats_player_reg_2023.csv,2026-09-28
00-0038994,Jordan Addison,2023,MIN,WR,17,3432934,False,Drafted,Rookie deal,2023,0,0,0,2,0,70,911,10,,,-0.410606599703897,26.0986823215143,0,0,108,1,0,0,0,0,606,2496679,7736716,https://overthecap.com/player/jordan-addison/10847/,https://github.com/nflverse/nflverse-data/releases/download/stats_player/stats_player_reg_2023.csv,2026-09-28
00-0038997,Josh Downs,2023,IND,WR,17,1380114,False,Drafted,Rookie deal,2023,0,0,0,0,0,68,771,2,,,,26.5076010227959,0,0,98,0,0,0,0,0,546,1003719,1764876,https://overthecap.com/player/josh-downs/10903/,https://github.com/nflverse/nflverse-data/releases/download/stats_player/stats_player_reg_2023.csv,2026-09-28
00-0036988,Josh Palmer,2023,LAC,WR,10,1258014,False,Drafted,Rookie deal,2021,0,0,0,6,0,38,581,2,,,0.22556858509779,8.45443665769036,0,0,61,1,0,0,0,1,614,1372379,1117460,https://overthecap.com/player/josh-palmer/9541/,https://github.com/nflverse/nflverse-data/releases/download/stats_player/stats_player_reg_2023.csv,2026-09-28
00-0033943,Josh Reynolds,2023,DET,WR,16,3000000,False,UFA,Veteran deal,2022,0,0,0,0,0,40,608,5,,,,14.7002638015559,0,0,64,0,0,0,0,1,574,4000000,3500000,https://overthecap.com/player/josh-reynolds/5703/,https://github.com/nflverse/nflverse-data/releases/download/stats_player/stats_player_reg_2023.csv,2026-09-28
00-0033857,JuJu Smith-Schuster,2023,NE,WR,11,8500000,False,UFA,Veteran deal,2023,0,0,0,0,0,29,260,1,,,,-10.3457660471322,0,0,47,0,0,0,0,0,541,4674509,9647059,https://overthecap.com/player/juju-smith-schuster/5648/,https://github.com/nflverse/nflverse-data/releases/download/stats_player/stats_player_reg_2023.csv,2026-09-28
00-0027944,Julio Jones,2023,PHI,WR,8,1567000,False,SFA,Veteran deal,2023,0,0,0,0,0,11,74,3,,,,2.23363445431562,0,0,19,0,0,0,0,0,525,870556,870556,https://overthecap.com/player/julio-jones/813/,https://github.com/nflverse/nflverse-data/releases/download/stats_player/stats_player_reg_2023.csv,2026-09-28
00-0036322,Justin Jefferson,2023,MIN,WR,10,3280702,False,Drafted,Rookie deal,2020,0,0,0,-12,0,68,1074,5,-0.393325770564843,-29.8158466815949,-1.97162454621866,42.8227059184397,1,0,100,1,0,0,0,1,606,4175438,2399473,https://overthecap.com/player/justin-jefferson/8762/,https://github.com/nflverse/nflverse-data/releases/download/stats_player/stats_player_reg_2023.csv,2026-09-28
00-0034386,Justin Watson,2023,KC,WR,15,1700000,False,UFA,Veteran deal,2023,0,0,0,0,0,27,460,3,,,,4.29549575073179,0,0,53,0,0,0,0,1,599,1250000,1500000,https://overthecap.com/player/justin-watson/7029/,https://github.com/nflverse/nflverse-data/releases/download/stats_player/stats_player_reg_2023.csv,2026-09-28
00-0037216,Justyn Ross,2023,KC,WR,6,853333,False,UDFA,Rookie deal,2022,0,0,0,0,0,6,53,0,,,,1.10943818523083,0,0,11,0,0,0,0,0,599,500000,500000,https://overthecap.com/player/justyn-ross/10370/,https://github.com/nflverse/nflverse-data/releases/download/stats_player/stats_player_reg_2023.csv,2026-09-28
00-0035593,Juwann Winfree,2023,IND,WR,1,1067500,False,SFA,Veteran deal,2023,0,0,0,0,0,0,0,0,,,,-1.09631859883666,0,0,1,0,0,0,0,0,546,56111,56111,https://overthecap.com/player/juwann-winfree/7978/,https://github.com/nflverse/nflverse-data/releases/download/stats_player/stats_player_reg_2023.csv,2026-09-28
00-0036345,K.J. Osborn,2023,MIN,WR,15,890693,False,Drafted,Rookie deal,2020,0,0,0,0,0,48,540,3,,,,6.30021401257738,0,0,75,0,0,0,0,0,606,2809943,2743000,https://overthecap.com/player/k-j-osborn/8916/,https://github.com/nflverse/nflverse-data/releases/download/stats_player/stats_player_reg_2023.csv,2026-09-28
00-0037801,KaVontae Turpin,2023,DAL,WR,16,853333,False,UDFA,Rookie deal,2022,0,0,0,110,1,12,127,3,,,7.48102812241996,12.2172605754154,0,0,18,11,0,0,0,0,605,870000,870000,https://overthecap.com/player/kavontae-turpin/10803/,https://github.com/nflverse/nflverse-data/releases/download/stats_player/stats_player_reg_2023.csv,2026-09-28
00-0036913,Kadarius Toney,2023,KC,WR,13,3429877,False,Drafted,Rookie deal,2021,0,0,0,31,0,27,169,1,-0.446093429578468,-55.4279386997223,-4.55490440671565,-8.35674006300352,1,0,38,11,0,0,0,0,599,1907228,1907228,https://overthecap.com/player/kadarius-toney/9484/,https://github.com/nflverse/nflverse-data/releases/download/stats_player/stats_player_reg_2023.csv,2026-09-28
00-0032464,Kalif Raymond,2023,DET,WR,17,5250000,False,Extension,Veteran deal,2023,0,0,0,75,0,35,489,1,,,3.32727025955683,29.9419242755734,0,0,44,7,0,0,0,0,574,2775000,4400000,https://overthecap.com/player/kalif-raymond/5127/,https://github.com/nflverse/nflverse-data/releases/download/stats_player/stats_player_reg_2023.csv,2026-09-28
00-0038608,Kayshon Boutte,2023,NE,WR,3,1006816,False,Drafted,Rookie deal,2023,0,0,0,0,0,2,19,0,,,,-2.69103665847797,0,0,7,0,0,0,0,0,541,796816,937274,https://overthecap.com/player/kayshon-boutte/11011/,https://github.com/nflverse/nflverse-data/releases/download/stats_player/stats_player_reg_2023.csv,2026-09-28
00-0038969,Kearis Jackson,2023,TEN,WR,2,898333,False,UDFA,Rookie deal,2023,0,0,0,0,0,0,0,0,,,,,0,0,0,0,0,0,0,0,478,483333,483333,https://overthecap.com/player/kearis-jackson/11526/,https://github.com/nflverse/nflverse-data/releases/download/stats_player/stats_player_reg_2023.csv,2026-09-28
00-0035120,Keelan Doss,2023,LAC,WR,2,940000,False,SFA,Veteran deal,2023,0,0,0,0,0,6,33,0,,,,-3.02277128267108,0,0,13,0,0,0,0,0,614,104444,104444,https://overthecap.com/player/keelan-doss/8146/,https://github.com/nflverse/nflverse-data/releases/download/stats_player/stats_player_reg_2023.csv,2026-09-28
00-0030279,Keenan Allen,2023,LAC,WR,13,20025000,False,Extension,Veteran deal,2020,49,1,0,6,0,108,1243,7,3.51487691450166,-5.94725906848908,0.153951175743714,60.8332725681973,2,0,150,2,1,0,0,1,614,12782500,19000000,https://overthecap.com/player/keenan-allen/2227/,https://github.com/nflverse/nflverse-data/releases/download/stats_player/stats_player_reg_2023.csv,2026-09-28
00-0034317,Keith Kirkwood,2023,NO,WR,7,1010000,False,ERFA / SFA,Veteran deal,2023,0,0,0,0,0,5,37,1,,,,2.25776215078076,0,0,9,0,0,0,0,0,579,448889,448889,https://overthecap.com/player/keith-kirkwood/7508/,https://github.com/nflverse/nflverse-data/releases/download/stats_player/stats_player_reg_2023.csv,2026-09-28
00-0033307,Kendrick Bourne,2023,NE,WR,8,5000000,False,UFA,Veteran deal,2021,0,0,0,4,0,37,406,4,,,0.639063570182771,-9.54042537394778,0,0,55,1,0,0,0,1,541,6872550,5102941,https://overthecap.com/player/kendrick-bourne/5995/,https://github.com/nflverse/nflverse-data/releases/download/stats_player/stats_player_reg_2023.csv,2026-09-28
00-0034854,KhaDarel Hodge,2023,ATL,WR,14,1200000,False,UFA,Veteran deal,2023,0,0,0,0,0,14,232,0,,,-0.652548361162189,5.24310080026697,0,0,23,1,0,0,0,0,508,1060000,1200000,https://overthecap.com/player/khadarel-hodge/7678/,https://github.com/nflverse/nflverse-data/releases/download/stats_player/stats_player_reg_2023.csv,2026-09-28
00-0037261,Khalil Shakir,2023,BUF,WR,16,1001788,False,Drafted,Rookie deal,2022,0,0,0,10,0,39,611,2,,,0.538322921725921,43.2039825909567,0,0,45,1,0,0,0,0,545,956788,870000,https://overthecap.com/player/khalil-shakir/10193/,https://github.com/nflverse/nflverse-data/releases/download/stats_player/stats_player_reg_2023.csv,2026-09-28
00-0037420,Kwamie Lassiter II,2023,CIN,WR,1,750000,False,SFA,Veteran deal,2023,0,0,0,0,0,1,2,0,,,,0.222314799961168,0,0,1,0,0,0,0,0,592,245667,245667,https://overthecap.com/player/kwamie-lassiter-ii/10449/,https://github.com/nflverse/nflverse-data/releases/download/stats_player/stats_player_reg_2023.csv,2026-09-28
00-0037273,Kyle Philips,2023,TEN,WR,8,993332,False,Drafted,Rookie deal,2022,0,0,0,0,0,15,181,0,,,,6.53533885800035,0,0,22,0,0,0,0,0,478,860554,782222,https://overthecap.com/player/kyle-philips/10208/,https://github.com/nflverse/nflverse-data/releases/download/stats_player/stats_player_reg_2023.csv,2026-09-28
00-0036268,Laviska Shenault Jr.,2023,CAR,WR,8,1924017,False,Drafted,Rookie deal,2020,0,0,0,55,0,10,60,0,,,-0.212121787015349,-1.19958016008604,0,0,10,12,0,0,0,0,534,1659463,1659463,https://overthecap.com/player/laviska-shenault/8782/,https://github.com/nflverse/nflverse-data/releases/download/stats_player/stats_player_reg_2023.csv,2026-09-28
00-0035406,Lil'Jordan Humphrey,2023,DEN,WR,11,1080000,False,SFA,Veteran deal,2023,0,0,0,0,0,13,162,3,,,,14.2007896178984,0,0,19,0,0,0,0,0,477,574444,660000,https://overthecap.com/player/liljordan-humphrey/8357/,https://github.com/nflverse/nflverse-data/releases/download/stats_player/stats_player_reg_2023.csv,2026-09-28
00-0036364,Lynn Bowden,2023,NO,WR,8,870000,False,SFA,Veteran deal,2023,0,0,0,32,0,11,83,0,,,-0.934402808721643,-2.24849221037374,0,0,16,5,0,0,0,0,579,821667,821667,https://overthecap.com/player/lynn-bowden/8820/,https://github.com/nflverse/nflverse-data/releases/download/stats_player/stats_player_reg_2023.csv,2026-09-28
00-0033555,Mack Hollins,2023,ATL,WR,12,2500000,False,UFA,Veteran deal,2023,0,0,0,0,0,18,251,0,,,,9.69830800792982,0,0,30,0,0,0,0,0,508,2500000,2380000,https://overthecap.com/player/mack-hollins/5704/,https://github.com/nflverse/nflverse-data/releases/download/stats_player/stats_player_reg_2023.csv,2026-09-28
00-0038465,Malik Heath,2023,GB,WR,12,901333,False,UDFA,Rookie deal,2023,0,0,0,0,0,15,125,1,,,,4.74385148757169,0,0,24,0,0,0,0,0,561,753000,759000,https://overthecap.com/player/malik-heath/11189/,https://github.com/nflverse/nflverse-data/releases/download/stats_player/stats_player_reg_2023.csv,2026-09-28
00-0035480,Malik Taylor,2023,NYJ,WR,2,940000,False,SFA,Veteran deal,2023,0,0,0,0,0,2,13,0,,,,-2.06693132489454,0,0,4,0,0,0,0,0,563,382066,382066,https://overthecap.com/player/malik-taylor/8376/,https://github.com/nflverse/nflverse-data/releases/download/stats_player/stats_player_reg_2023.csv,2026-09-28
00-0034272,Marquez Valdes-Scantling,2023,KC,WR,16,10000000,False,UFA,Veteran deal,2022,0,0,0,0,0,21,315,1,,,,0.666317601246165,0,0,42,0,0,0,0,1,599,11000000,9000000,https://overthecap.com/player/marquez-valdes-scantling/7059/,https://github.com/nflverse/nflverse-data/releases/download/stats_player/stats_player_reg_2023.csv,2026-09-28
00-0035662,Marquise Brown,2023,ARI,WR,13,2946835,False,Drafted,Rookie deal,2019,0,0,0,23,0,51,574,4,,,0.850742515875027,-7.57534049494964,0,0,101,2,0,0,0,0,540,13413000,13413000,https://overthecap.com/player/marquise-brown/7816/,https://github.com/nflverse/nflverse-data/releases/download/stats_player/stats_player_reg_2023.csv,2026-09-28
00-0030068,Marquise Goodwin,2023,CLE,WR,10,1700000,False,UFA,Veteran deal,2023,0,0,0,33,0,4,67,0,,,1.45523146964842,-8.26666054083037,0,0,13,4,0,0,0,0,597,1640000,1625000,https://overthecap.com/player/marquise-goodwin/2223/,https://github.com/nflverse/nflverse-data/releases/download/stats_player/stats_player_reg_2023.csv,2026-09-28
00-0038976,Marvin Mims Jr.,2023,DEN,WR,16,1517159,False,Drafted,Rookie deal,2023,0,0,0,30,0,22,377,1,,,-1.33484730974305,9.03245314614398,0,0,33,9,0,0,0,0,477,1103388,2163552,https://overthecap.com/player/marvin-mims/10887/,https://github.com/nflverse/nflverse-data/releases/download/stats_player/stats_player_reg_2023.csv,2026-09-28
00-0036176,Mason Kinsey,2023,TEN,WR,6,832500,False,SFA,Veteran deal,2023,0,0,0,0,0,1,6,0,,,,-1.06638630223461,0,0,1,0,0,0,0,0,478,166667,166667,https://overthecap.com/player/mason-kinsey/9298/,https://github.com/nflverse/nflverse-data/releases/download/stats_player/stats_player_reg_2023.csv,2026-09-28
00-0026293,Matthew Slater,2023,NE,WR,5,2667500,False,UFA,Veteran deal,2023,0,0,0,0,0,0,0,0,,,,,0,0,0,0,0,0,0,0,541,1317500,2667500,https://overthecap.com/player/matt-slater/1231/,https://github.com/nflverse/nflverse-data/releases/download/stats_player/stats_player_reg_2023.csv,2026-09-28
00-0036959,Michael Bandy,2023,DEN,WR,1,870000,False,SFA,Veteran deal,2023,0,0,0,0,0,0,0,0,,,,,0,0,0,0,0,0,0,0,477,96667,96667,https://overthecap.com/player/michael-bandy/10009/,https://github.com/nflverse/nflverse-data/releases/download/stats_player/stats_player_reg_2023.csv,2026-09-28
00-0034764,Michael Gallup,2023,DAL,WR,16,11500000,False,UFA,Veteran deal,2022,0,0,0,0,0,34,418,2,,,,5.54470849578704,0,0,57,0,0,0,0,0,605,6950000,12000000,https://overthecap.com/player/michael-gallup/6966/,https://github.com/nflverse/nflverse-data/releases/download/stats_player/stats_player_reg_2023.csv,2026-09-28
00-0036252,Michael Pittman,2023,IND,WR,16,2153211,False,Drafted,Rookie deal,2020,0,0,0,0,0,109,1152,4,,,,28.0897844796588,0,0,156,0,0,0,0,0,546,3948971,2993000,https://overthecap.com/player/michael-pittman-jr/8774/,https://github.com/nflverse/nflverse-data/releases/download/stats_player/stats_player_reg_2023.csv,2026-09-28
00-0032765,Michael Thomas,2023,NO,WR,10,10000000,False,Other,Unknown,2023,0,0,0,0,0,39,448,1,,,,12.6081090965074,0,0,64,0,0,0,0,0,579,14453588,6460000,https://overthecap.com/player/michael-thomas/4760/,https://github.com/nflverse/nflverse-data/releases/download/stats_player/stats_player_reg_2023.csv,2026-09-28
00-0038559,Michael Wilson,2023,ARI,WR,13,1334866,False,Drafted,Rookie deal,2023,0,0,0,0,0,38,565,3,,,,19.1087974182642,0,0,58,0,0,0,0,0,540,970811,1633244,https://overthecap.com/player/michael-wilson/10918/,https://github.com/nflverse/nflverse-data/releases/download/stats_player/stats_player_reg_2023.csv,2026-09-28
00-0031408,Mike Evans,2023,TB,WR,17,16500000,False,Extension,Veteran deal,2018,0,0,0,0,0,79,1255,13,,,,54.088503656353,0,0,136,0,0,0,0,0,550,23698500,14500000,https://overthecap.com/player/mike-evans/2946/,https://github.com/nflverse/nflverse-data/releases/download/stats_player/stats_player_reg_2023.csv,2026-09-28
00-0036482,Mike Strachan,2023,CAR,WR,2,997500,False,SFA,Veteran deal,2023,0,0,0,0,0,1,45,0,,,,1.1621588364942,0,0,3,0,0,0,0,0,534,313333,313333,https://overthecap.com/player/mike-strachan/9693/,https://github.com/nflverse/nflverse-data/releases/download/stats_player/stats_player_reg_2023.csv,2026-09-28
00-0033536,Mike Williams,2023,LAC,WR,3,20000000,False,UFA,Veteran deal,2022,0,0,0,3,0,19,249,1,,,-0.290569082833827,12.8527149014459,0,0,26,1,0,0,0,0,614,13540000,12000000,https://overthecap.com/player/mike-williams/5591/,https://github.com/nflverse/nflverse-data/releases/download/stats_player/stats_player_reg_2023.csv,2026-09-28
00-0035703,Miles Boykin,2023,PIT,WR,8,1080000,False,UFA,Veteran deal,2023,0,0,0,0,0,3,17,0,,,,-1.67128052051691,0,0,4,0,0,0,0,0,484,940000,1080000,https://overthecap.com/player/miles-boykin/7884/,https://github.com/nflverse/nflverse-data/releases/download/stats_player/stats_player_reg_2023.csv,2026-09-28
00-0037272,Montrell Washington,2023,KC,WR,4,927500,False,SFA,Veteran deal,2023,0,0,0,0,0,0,0,0,,,,,0,0,0,0,0,0,0,0,599,216666,216666,https://overthecap.com/player/montrell-washington/10207/,https://github.com/nflverse/nflverse-data/releases/download/stats_player/stats_player_reg_2023.csv,2026-09-28
00-0031549,Nelson Agholor,2023,BAL,WR,16,3250000,False,UFA,Veteran deal,2023,0,0,0,0,0,35,381,4,,,,17.8710112944823,0,0,45,0,0,0,0,0,476,1582000,3750000,https://overthecap.com/player/nelson-agholor/3868/,https://github.com/nflverse/nflverse-data/releases/download/stats_player/stats_player_reg_2023.csv,2026-09-28
00-0036182,Nick Westbrook-Ikhine,2023,TEN,WR,13,1260000,False,SFA,Veteran deal,2023,0,0,0,0,0,28,370,3,,,,20.6792658267062,0,0,45,0,0,0,0,0,478,1260000,1260000,https://overthecap.com/player/nick-westbrook-ikhine/9304/,https://github.com/nflverse/nflverse-data/releases/download/stats_player/stats_player_reg_2023.csv,2026-09-28
00-0036554,Nico Collins,2023,HOU,WR,15,1217879,False,Drafted,Rookie deal,2021,0,0,0,7,0,80,1297,8,,,0.345507142832503,72.1568817488481,0,0,109,1,0,0,0,0,566,1328595,1102865,https://overthecap.com/player/nico-collins/9553/,https://github.com/nflverse/nflverse-data/releases/download/stats_player/stats_player_reg_2023.csv,2026-09-28
00-0033591,Noah Brown,2023,HOU,WR,10,2600000,False,UFA,Veteran deal,2023,0,0,0,-1,0,33,567,2,,,-1.10926906615239,20.8741697622936,0,0,55,1,0,0,0,0,566,2829412,2455882,https://overthecap.com/player/noah-brown/5825/,https://github.com/nflverse/nflverse-data/releases/download/stats_player/stats_player_reg_2023.csv,2026-09-28
00-0031235,Odell Beckham Jr.,2023,BAL,WR,14,15000000,False,SFA,Veteran deal,2023,0,0,0,0,0,35,565,3,,,,21.6804359889783,0,0,64,0,0,0,0,1,476,4932000,16000000,https://overthecap.com/player/odell-beckham-jr/2951/,https://github.com/nflverse/nflverse-data/releases/download/stats_player/stats_player_reg_2023.csv,2026-09-28
00-0035208,Olamide Zaccheaus,2023,PHI,WR,11,1232500,False,UFA,Veteran deal,2023,0,0,0,0,0,10,164,2,,,,11.0922713035252,0,0,20,0,0,0,0,0,525,1092500,1232500,https://overthecap.com/player/olamide-zaccheaus/8393/,https://github.com/nflverse/nflverse-data/releases/download/stats_player/stats_player_reg_2023.csv,2026-09-28
00-0038606,Parker Washington,2023,JAX,WR,8,1008066,False,Drafted,Rookie deal,2023,0,0,0,0,0,16,132,2,,,,-1.51960613223491,0,0,21,0,0,0,0,1,607,698066,842264,https://overthecap.com/player/parker-washington/11009/,https://github.com/nflverse/nflverse-data/releases/download/stats_player/stats_player_reg_2023.csv,2026-09-28
00-0035639,Parris Campbell,2023,NYG,WR,10,4700000,False,UFA,Veteran deal,2023,0,0,0,0,0,20,104,0,-1.52678748080507,,,-22.2971706076967,0,1,27,0,0,0,0,0,485,5000000,4200000,https://overthecap.com/player/parris-campbell/7850/,https://github.com/nflverse/nflverse-data/releases/download/stats_player/stats_player_reg_2023.csv,2026-09-28
00-0039075,Puka Nacua,2023,LA,WR,17,1021245,False,Drafted,Rookie deal,2023,0,0,0,89,0,105,1486,6,,,3.86805375423864,67.8077402600768,0,0,160,12,0,0,0,0,555,811245,994980,https://overthecap.com/player/puka-nacua/11001/,https://github.com/nflverse/nflverse-data/releases/download/stats_player/stats_player_reg_2023.csv,2026-09-28
00-0038544,Quentin Johnston,2023,LAC,WR,17,3547197,False,Drafted,Rookie deal,2023,0,0,0,9,0,38,431,2,,,-0.905528398929164,7.0593832861998,0,0,67,3,0,0,0,0,614,2579779,8069116,https://overthecap.com/player/quentin-johnston/10845/,https://github.com/nflverse/nflverse-data/releases/download/stats_player/stats_player_reg_2023.csv,2026-09-28
00-0036271,Quez Watkins,2023,PHI,WR,5,866165,False,Drafted,Rookie deal,2020,0,0,0,0,0,15,142,1,,,,-3.31506419403331,0,0,21,0,0,0,0,0,525,2785415,2743000,https://overthecap.com/player/quez-watkins/8940/,https://github.com/nflverse/nflverse-data/releases/download/stats_player/stats_player_reg_2023.csv,2026-09-28
00-0038821,Rakim Jarrett,2023,TB,WR,7,906667,False,UDFA,Rookie deal,2023,0,0,0,0,0,4,60,0,,,-0.479814174177591,-1.14751283451915,0,0,9,1,0,0,0,0,550,658333,675000,https://overthecap.com/player/rakim-jarrett/11375/,https://github.com/nflverse/nflverse-data/releases/download/stats_player/stats_player_reg_2023.csv,2026-09-28
00-0028002,Randall Cobb,2023,NYJ,WR,9,3000000,False,SFA,Veteran deal,2023,0,0,0,0,0,5,39,1,,,,-14.4144704297376,0,0,17,0,0,0,0,0,563,2882353,2823529,https://overthecap.com/player/randall-cobb/1130/,https://github.com/nflverse/nflverse-data/releases/download/stats_player/stats_player_reg_2023.csv,2026-09-28
00-0039067,Rashee Rice,2023,KC,WR,16,1623805,False,Drafted,Rookie deal,2023,0,0,0,-3,0,79,938,7,,,-2.20213012397289,39.4724151469952,0,0,102,1,0,0,0,1,599,1180949,2473796,https://overthecap.com/player/rashee-rice/10879/,https://github.com/nflverse/nflverse-data/releases/download/stats_player/stats_player_reg_2023.csv,2026-09-28
00-0037545,Rashid Shaheed,2023,NO,WR,15,787500,False,SFA,Veteran deal,2022,0,0,0,37,0,46,719,5,,,-1.13001172395889,12.090541416418,0,0,75,7,0,0,0,0,579,870000,870000,https://overthecap.com/player/rashid-shaheed/10704/,https://github.com/nflverse/nflverse-data/releases/download/stats_player/stats_player_reg_2023.csv,2026-09-28
00-0036550,Rashod Bateman,2023,BAL,WR,15,3149854,False,Drafted,Rookie deal,2021,0,0,0,18,0,32,367,1,,,2.52124868892133,3.50815518514695,0,0,56,1,0,0,0,0,476,3436204,1805402,https://overthecap.com/player/rashod-bateman/9491/,https://github.com/nflverse/nflverse-data/releases/download/stats_player/stats_player_reg_2023.csv,2026-09-28
00-0034407,Ray-Ray McCloud,2023,SF,WR,12,2000000,False,UFA,Veteran deal,2022,0,0,0,30,0,12,135,0,,,1.93989443697501,2.38459202717058,0,0,15,3,0,0,0,0,471,2090000,1175294,https://overthecap.com/player/ray-ray-mccloud/7072/,https://github.com/nflverse/nflverse-data/releases/download/stats_player/stats_player_reg_2023.csv,2026-09-28
00-0034286,Richie James,2023,KC,WR,9,1232500,False,UFA,Veteran deal,2023,0,0,0,0,0,10,114,0,,,,4.21320229253615,0,0,14,0,0,0,0,0,599,1092500,1232500,https://overthecap.com/player/richie-james/7125/,https://github.com/nflverse/nflverse-data/releases/download/stats_player/stats_player_reg_2023.csv,2026-09-28
00-0034054,River Cracraft,2023,MIA,WR,6,1080000,False,UFA,Veteran deal,2023,0,0,0,0,0,9,121,1,,,,5.9576272064005,0,0,12,0,0,0,0,0,549,768889,873889,https://overthecap.com/player/river-cracraft/6437/,https://github.com/nflverse/nflverse-data/releases/download/stats_player/stats_player_reg_2023.csv,2026-09-28
00-0032688,Robbie Chosen,2023,MIA,WR,6,1165000,False,SFA,Veteran deal,2023,0,0,0,0,0,4,126,1,,,,2.15325949370163,0,0,6,0,0,0,0,0,549,365556,453056,https://overthecap.com/player/robbie-chosen/5208/,https://github.com/nflverse/nflverse-data/releases/download/stats_player/stats_player_reg_2023.csv,2026-09-28
00-0030431,Robert Woods,2023,HOU,WR,14,7625000,False,SFA,Veteran deal,2023,0,0,0,7,0,40,426,1,,,0.13571642304305,2.14832660979979,0,0,75,1,0,0,0,0,566,5500000,8705882,https://overthecap.com/player/robert-woods/2428/,https://github.com/nflverse/nflverse-data/releases/download/stats_player/stats_player_reg_2023.csv,2026-09-28
00-0037816,Romeo Doubs,2023,GB,WR,17,1085979,False,Drafted,Rookie deal,2022,0,0,0,0,0,59,674,8,-0.947,,,25.0575666056188,0,0,96,0,0,0,0,0,561,1040979,870000,https://overthecap.com/player/romeo-doubs/10177/,https://github.com/nflverse/nflverse-data/releases/download/stats_player/stats_player_reg_2023.csv,2026-09-28
00-0036936,Rondale Moore,2023,ARI,WR,17,1731064,False,Drafted,Rookie deal,2021,0,0,0,178,1,40,352,1,,,0.948192097072024,-4.29601392434738,0,0,62,28,0,0,0,0,540,1888433,1289478,https://overthecap.com/player/rondale-moore/9513/,https://github.com/nflverse/nflverse-data/releases/download/stats_player/stats_player_reg_2023.csv,2026-09-28
00-0038647,Ronnie Bell,2023,SF,WR,13,979446,False,Drafted,Rookie deal,2023,0,0,0,0,0,6,68,3,,,,6.73542628084298,0,0,13,0,0,0,0,0,471,769446,827784,https://overthecap.com/player/ronnie-bell/11077/,https://github.com/nflverse/nflverse-data/releases/download/stats_player/stats_player_reg_2023.csv,2026-09-28
00-0037098,Samori Toure,2023,GB,WR,8,934253,False,Drafted,Rookie deal,2022,0,0,0,0,0,8,78,0,,,,-2.53404390609864,0,0,18,0,0,0,0,0,561,867309,848056,https://overthecap.com/player/samori-toure/10303/,https://github.com/nflverse/nflverse-data/releases/download/stats_player/stats_player_reg_2023.csv,2026-09-28
00-0035298,Scott Miller,2023,ATL,WR,11,1232500,False,UFA,Veteran deal,2023,0,0,0,0,0,11,161,2,,,,8.59296069160337,0,0,16,0,0,0,0,0,508,1092500,1232500,https://overthecap.com/player/scott-miller/7999/,https://github.com/nflverse/nflverse-data/releases/download/stats_player/stats_player_reg_2023.csv,2026-09-28
00-0038891,Shedrick Jackson,2023,CIN,WR,2,900833,False,UDFA,Rookie deal,2023,0,0,0,0,0,0,0,0,,,,-0.856143947923556,0,0,1,0,0,0,0,0,592,305001,305001,https://overthecap.com/player/shedrick-jackson/11442/,https://github.com/nflverse/nflverse-data/releases/download/stats_player/stats_player_reg_2023.csv,2026-09-28
00-0036646,Simi Fehoko,2023,LAC,WR,2,940000,False,SFA,Veteran deal,2023,0,0,0,0,0,1,9,1,,,,1.04161699197721,0,0,2,0,0,0,0,0,614,60000,60000,https://overthecap.com/player/simi-fehoko/9643/,https://github.com/nflverse/nflverse-data/releases/download/stats_player/stats_player_reg_2023.csv,2026-09-28
00-0038090,Skyy Moore,2023,KC,WR,13,1612627,False,Drafted,Rookie deal,2022,0,0,0,23,0,21,244,1,,,0.991782928351313,-9.61885847680431,0,0,38,3,0,0,0,0,599,1466024,998205,https://overthecap.com/player/skyy-moore/10099/,https://github.com/nflverse/nflverse-data/releases/download/stats_player/stats_player_reg_2023.csv,2026-09-28
00-0035399,Stanley Morgan,2023,CIN,WR,1,1122500,False,SFA,Veteran deal,2022,0,0,0,0,0,0,0,0,,,,,0,0,0,0,0,0,0,0,592,411666,435000,https://overthecap.com/player/stanley-morgan/8316/,https://github.com/nflverse/nflverse-data/releases/download/stats_player/stats_player_reg_2023.csv,2026-09-28
00-0031588,Stefon Diggs,2023,BUF,WR,17,24000000,False,Extension,Veteran deal,2022,0,0,0,5,0,107,1183,8,,,0.873494008323178,39.284095169306,0,0,160,1,0,0,0,1,545,14875111,24415000,https://overthecap.com/player/stefon-diggs/3994/,https://github.com/nflverse/nflverse-data/releases/download/stats_player/stats_player_reg_2023.csv,2026-09-28
00-0032385,Sterling Shepard,2023,NYG,WR,10,1317500,False,UFA,Veteran deal,2023,0,0,0,6,0,10,57,1,,,0.484871156775625,-11.1380276668125,0,0,22,1,0,0,0,0,485,1092500,1317500,https://overthecap.com/player/sterling-shepard/4753/,https://github.com/nflverse/nflverse-data/releases/download/stats_player/stats_player_reg_2023.csv,2026-09-28
00-0038977,Tank Dell,2023,HOU,WR,10,1422276,False,Drafted,Rookie deal,2023,0,0,0,51,0,47,709,7,-0.777416687400546,,-0.155402226373553,30.0752832701029,0,1,75,11,0,0,0,0,566,951049,1804195,https://overthecap.com/player/tank-dell/10893/,https://github.com/nflverse/nflverse-data/releases/download/stats_player/stats_player_reg_2023.csv,2026-09-28
00-0036410,Tee Higgins,2023,CIN,WR,12,2171697,False,Drafted,Rookie deal,2020,0,0,0,0,0,42,656,5,,,,26.4740228519108,0,0,76,0,0,0,0,0,592,3962416,2993000,https://overthecap.com/player/tee-higgins/8773/,https://github.com/nflverse/nflverse-data/releases/download/stats_player/stats_player_reg_2023.csv,2026-09-28
00-0036955,Terrace Marshall Jr.,2023,CAR,WR,8,1432371,False,Drafted,Rookie deal,2021,0,0,0,0,0,19,139,0,,,,-7.20890952675029,0,0,33,0,0,0,0,0,534,1562586,1180862,https://overthecap.com/player/terrace-marshall-jr/9523/,https://github.com/nflverse/nflverse-data/releases/download/stats_player/stats_player_reg_2023.csv,2026-09-28
00-0035659,Terry McLaurin,2023,WAS,WR,17,23200000,False,Extension,Veteran deal,2022,0,0,0,0,0,79,1002,4,,,,9.27223442338802,0,0,132,0,0,0,0,0,601,11025000,5425000,https://overthecap.com/player/terry-mclaurin/7867/,https://github.com/nflverse/nflverse-data/releases/download/stats_player/stats_player_reg_2023.csv,2026-09-28
00-0036497,Tim Jones,2023,JAX,WR,10,870000,False,ERFA,Veteran deal,2023,0,0,0,0,0,11,83,0,,,,-1.03481309308533,0,0,18,0,0,0,0,0,607,870000,870000,https://overthecap.com/player/tim-jones/9785/,https://github.com/nflverse/nflverse-data/releases/download/stats_player/stats_player_reg_2023.csv,2026-09-28
00-0038563,Tre Tucker,2023,LV,WR,13,1326021,False,Drafted,Rookie deal,2023,0,0,0,77,0,19,331,2,,,1.24505679437425,6.24242019746453,0,0,34,10,0,0,0,0,531,964378,1607512,https://overthecap.com/player/tre-tucker/10924/,https://github.com/nflverse/nflverse-data/releases/download/stats_player/stats_player_reg_2023.csv,2026-09-28
00-0034487,Trent Sherfield,2023,BUF,WR,11,1770000,False,UFA,Veteran deal,2023,0,0,0,0,0,11,86,1,,,,-2.21938811756037,0,0,22,0,0,0,0,0,545,1770000,1770000,https://overthecap.com/player/trent-sherfield/7544/,https://github.com/nflverse/nflverse-data/releases/download/stats_player/stats_player_reg_2023.csv,2026-09-28
00-0033292,Trent Taylor,2023,CHI,WR,15,1080000,False,SFA,Veteran deal,2023,0,0,0,-2,0,0,0,0,,,-1.35151642374694,-1.29930671525653,0,0,2,1,0,0,0,0,477,940000,1080000,https://overthecap.com/player/trent-taylor/5763/,https://github.com/nflverse/nflverse-data/releases/download/stats_player/stats_player_reg_2023.csv,2026-09-28
00-0035341,Trenton Irwin,2023,CIN,WR,12,882500,False,SFA,Veteran deal,2022,0,0,0,0,0,25,316,1,,,,19.3666523989078,0,0,32,0,0,0,0,0,592,940000,940000,https://overthecap.com/player/trenton-irwin/8248/,https://github.com/nflverse/nflverse-data/releases/download/stats_player/stats_player_reg_2023.csv,2026-09-28
00-0039052,Trey Palmer,2023,TB,WR,17,1004824,False,Drafted,Rookie deal,2023,0,0,0,22,0,39,385,3,,,1.09168822760694,-9.26056589275201,0,0,68,3,0,0,0,1,550,794824,929296,https://overthecap.com/player/trey-palmer/11015/,https://github.com/nflverse/nflverse-data/releases/download/stats_player/stats_player_reg_2023.csv,2026-09-28
00-0037742,Treylon Burks,2023,TEN,WR,9,3592398,False,Drafted,Rookie deal,2022,0,0,0,18,0,16,221,0,,,-0.527836185938213,-0.751107006000674,0,0,30,5,0,0,0,0,478,3265816,1358163,https://overthecap.com/player/treylon-burks/10063/,https://github.com/nflverse/nflverse-data/releases/download/stats_player/stats_player_reg_2023.csv,2026-09-28
00-0035934,Trishton Jackson,2023,MIN,WR,2,870000,False,SFA,Veteran deal,2023,0,0,0,0,0,2,9,0,,,,-1.6050638459699,0,0,4,0,0,0,0,0,606,120333,120333,https://overthecap.com/player/trishton-jackson/9216/,https://github.com/nflverse/nflverse-data/releases/download/stats_player/stats_player_reg_2023.csv,2026-09-28
00-0036849,Tutu Atwell,2023,LA,WR,14,1477175,False,Drafted,Rookie deal,2021,0,0,0,31,0,39,483,3,1.053,,1.97137294901768,9.33420872066969,0,0,67,5,0,0,0,0,555,1611463,1197154,https://overthecap.com/player/tutu-atwell/9521/,https://github.com/nflverse/nflverse-data/releases/download/stats_player/stats_player_reg_2023.csv,2026-09-28
00-0036630,Tylan Wallace,2023,BAL,WR,6,1041339,False,Drafted,Rookie deal,2021,0,0,0,0,0,1,11,0,,,,-0.750896574289072,0,0,2,0,0,0,0,0,476,1111339,940000,https://overthecap.com/player/tylan-wallace/9595/,https://github.com/nflverse/nflverse-data/releases/download/stats_player/stats_player_reg_2023.csv,2026-09-28
00-0033009,Tyler Boyd,2023,CIN,WR,17,10750000,False,Extension,Veteran deal,2019,0,0,1,11,0,67,667,2,-6.52706873958232,-74.1973459720612,0.732716073223855,5.828839830408,1,0,98,2,0,0,0,0,592,10300000,8900000,https://overthecap.com/player/tyler-boyd/4768/,https://github.com/nflverse/nflverse-data/releases/download/stats_player/stats_player_reg_2023.csv,2026-09-28
00-0036427,Tyler Johnson,2023,LA,WR,1,1010000,False,SFA,Veteran deal,2023,0,0,0,0,0,2,8,1,,,,1.85226943326416,0,0,3,0,0,0,0,0,555,56111,56111,https://overthecap.com/player/tyler-johnson/8901/,https://github.com/nflverse/nflverse-data/releases/download/stats_player/stats_player_reg_2023.csv,2026-09-28
00-0032211,Tyler Lockett,2023,SEA,WR,17,17300000,False,Extension,Veteran deal,2021,0,0,0,0,0,79,894,5,,,,41.2823191702634,0,0,122,0,0,0,0,0,547,11060000,9700000,https://overthecap.com/player/tyler-lockett/3917/,https://github.com/nflverse/nflverse-data/releases/download/stats_player/stats_player_reg_2023.csv,2026-09-28
00-0038941,Tyler Scott,2023,CHI,WR,13,1125862,False,Drafted,Rookie deal,2023,0,0,0,41,0,17,168,0,,,0.259178570762742,-11.0538348869636,0,0,32,7,0,0,0,1,477,915862,1413448,https://overthecap.com/player/tyler-scott/10957/,https://github.com/nflverse/nflverse-data/releases/download/stats_player/stats_player_reg_2023.csv,2026-09-28
00-0038104,Tyquan Thornton,2023,NE,WR,9,1763465,False,Drafted,Rookie deal,2022,0,0,0,51,0,13,91,0,,,3.01840060720899,-13.2396058684681,0,0,23,3,0,0,0,0,541,1603150,1025630,https://overthecap.com/player/tyquan-thornton/10095/,https://github.com/nflverse/nflverse-data/releases/download/stats_player/stats_player_reg_2023.csv,2026-09-28
00-0033040,Tyreek Hill,2023,MIA,WR,16,30000000,False,Extension,Veteran deal,2022,0,0,0,15,0,119,1799,13,,,-1.17754232732113,91.7488312851282,0,0,171,6,0,0,0,1,549,12823750,26350000,https://overthecap.com/player/tyreek-hill/4878/,https://github.com/nflverse/nflverse-data/releases/download/stats_player/stats_player_reg_2023.csv,2026-09-28
00-0037745,Velus Jones Jr.,2023,CHI,WR,13,1351481,False,Drafted,Rookie deal,2022,0,0,0,51,0,4,20,0,,,0.22051762137562,-1.52832508052234,0,0,7,8,0,0,0,0,477,1228619,950724,https://overthecap.com/player/velus-jones-jr/10116/,https://github.com/nflverse/nflverse-data/releases/download/stats_player/stats_player_reg_2023.csv,2026-09-28
00-0038117,Wan'Dale Robinson,2023,NYG,WR,15,2046292,False,Drafted,Rookie deal,2022,0,0,0,87,1,60,525,1,,,4.9164190426236,21.9106207190888,0,0,78,9,0,0,0,0,485,1860265,1077053,https://overthecap.com/player/wandale-robinson/10088/,https://github.com/nflverse/nflverse-data/releases/download/stats_player/stats_player_reg_2023.csv,2026-09-28
00-0038496,Xavier Gipson,2023,NYJ,WR,17,903333,False,UDFA,Rookie deal,2023,0,0,0,68,1,21,229,0,,,3.83869661652716,-0.636455722892927,0,0,38,8,0,0,0,0,563,755000,765000,https://overthecap.com/player/xavier-gipson/11255/,https://github.com/nflverse/nflverse-data/releases/download/stats_player/stats_player_reg_2023.csv,2026-09-28
00-0038618,Xavier Hutchinson,2023,HOU,WR,12,1000925,False,Drafted,Rookie deal,2023,0,0,0,49,0,8,90,0,,,2.87029675941449,-6.57425334799914,0,0,19,5,0,0,0,0,566,790925,913700,https://overthecap.com/player/xavier-hutchinson/11029/,https://github.com/nflverse/nflverse-data/releases/download/stats_player/stats_player_reg_2023.csv,2026-09-28
00-0033251,Zach Pascal,2023,ARI,WR,10,2250000,False,UFA,Veteran deal,2023,0,0,0,0,0,4,19,0,,,,-17.3919837206195,0,0,15,0,0,0,0,0,540,1830000,2580000,https://overthecap.com/player/zach-pascal/5961/,https://github.com/nflverse/nflverse-data/releases/download/stats_player/stats_player_reg_2023.csv,2026-09-28
00-0039064,Zay Flowers,2023,BAL,WR,16,3509110,False,Drafted,Rookie deal,2023,0,0,0,56,1,77,858,5,,,4.30611578980461,28.9356095549542,0,0,108,8,0,0,0,0,476,2552080,7958320,https://overthecap.com/player/zay-flowers/10846/,https://github.com/nflverse/nflverse-data/releases/download/stats_player/stats_player_reg_2023.csv,2026-09-28
00-0033891,Zay Jones,2023,JAX,WR,9,8000000,False,UFA,Veteran deal,2022,0,0,0,0,0,34,321,2,,,,-4.41660873523967,0,0,64,0,0,0,0,0,607,5817921,7764706,https://overthecap.com/player/zay-jones/5623/,https://github.com/nflverse/nflverse-data/releases/download/stats_player/stats_player_reg_2023.csv,2026-09-28
00-0023459,Aaron Rodgers,2024,NYJ,QB,17,37500000,False,Other,Unknown,2023,3897,28,11,107,0,0,0,0,11.295307453811,-2.5580300595349,4.28056435993379,,584,40,0,22,368,0,2,0,589,17161112,38161112,https://overthecap.com/player/aaron-rodgers/1085/,https://github.com/nflverse/nflverse-data/releases/download/stats_player/stats_player_reg_2024.csv,2026-09-28
00-0038579,Aidan O'Connell,2024,LV,QB,9,1087345,False,Drafted,Rookie deal,2023,1612,8,4,30,1,0,0,0,2.40866368198077,-3.57978152560777,-8.12173436273588,,243,10,0,21,154,2,0,0,592,925678,798333,https://overthecap.com/player/aidan-oconnell/10959/,https://github.com/nflverse/nflverse-data/releases/download/stats_player/stats_player_reg_2024.csv,2026-09-28
00-0027973,Andy Dalton,2024,CAR,QB,6,5000000,False,UFA,Veteran deal,2023,989,7,6,34,0,0,0,0,-19.0428913262782,-1.14199948998598,-3.43167459384309,,160,7,0,11,106,0,0,0,518,4967000,4075000,https://overthecap.com/player/andy-dalton/160/,https://github.com/nflverse/nflverse-data/releases/download/stats_player/stats_player_reg_2024.csv,2026-09-28
00-0039164,Anthony Richardson,2024,IND,QB,11,8498508,False,Drafted,Rookie deal,2023,1814,8,12,499,6,1,-1,0,-39.1652161869027,-10.8595914570203,23.7879952450031,-1.05584947846364,264,14,1,86,126,1,2,0,492,7725916,2295183,https://overthecap.com/player/anthony-richardson/10828/,https://github.com/nflverse/nflverse-data/releases/download/stats_player/stats_player_reg_2024.csv,2026-09-28
00-0038108,Bailey Zappe,2024,CLE,QB,1,985000,False,SFA,Veteran deal,2024,170,1,2,2,0,0,0,0,-16.8488054084006,-13.5540703932444,-0.289851196925156,,31,1,0,2,16,0,0,0,634,273611,273611,https://overthecap.com/player/bailey-zappe/10182/,https://github.com/nflverse/nflverse-data/releases/download/stats_player/stats_player_reg_2024.csv,2026-09-28
00-0034855,Baker Mayfield,2024,TB,QB,17,33333333,False,UFA,Veteran deal,2024,4500,41,16,378,3,0,0,0,115.388628282182,3.60402423503984,6.79403291649298,,570,40,0,60,407,1,1,0,563,6900000,32500000,https://overthecap.com/player/baker-mayfield/6886/,https://github.com/nflverse/nflverse-data/releases/download/stats_player/stats_player_reg_2024.csv,2026-09-28
00-0039732,Bo Nix,2024,DEN,QB,17,4653292,False,Drafted,Rookie deal,2024,3775,29,12,430,4,1,2,1,34.4410072988958,0.560925423334806,22.0702241686504,3.87989441974787,567,24,1,92,376,0,0,0,549,3384212,11151848,https://overthecap.com/player/bo-nix/11620/,https://github.com/nflverse/nflverse-data/releases/download/stats_player/stats_player_reg_2024.csv,2026-09-28
00-0032434,Brandon Allen,2024,SF,QB,3,2020000,False,UFA,Veteran deal,2024,199,1,2,4,0,0,0,0,-12.3541775473619,-4.96206835464195,-0.990277614444494,,30,2,0,3,17,0,1,0,513,1960000,1960000,https://overthecap.com/player/brandon-allen/4914/,https://github.com/nflverse/nflverse-data/releases/download/stats_player/stats_player_reg_2024.csv,2026-09-28
00-0037834,Brock Purdy,2024,SF,QB,15,934253,False,Drafted,Rookie deal,2022,3864,20,12,323,5,0,0,0,77.7826737079858,2.062583592805,19.2246525124249,,455,31,0,66,300,0,3,0,513,1004253,985000,https://overthecap.com/player/brock-purdy/10307/,https://github.com/nflverse/nflverse-data/releases/download/stats_player/stats_player_reg_2024.csv,2026-09-28
00-0039150,Bryce Young,2024,CAR,QB,14,9488769,False,Drafted,Rookie deal,2023,2403,15,9,249,6,0,0,0,-25.8660774821847,0.665414748417634,15.5478852018423,,384,29,0,43,234,1,1,0,518,8626153,2475231,https://overthecap.com/player/bryce-young/10825/,https://github.com/nflverse/nflverse-data/releases/download/stats_player/stats_player_reg_2024.csv,2026-09-28
00-0039163,C.J. Stroud,2024,HOU,QB,17,9069811,False,Drafted,Rookie deal,2023,3727,20,12,233,0,0,0,0,-13.108152223106,-1.68691688530103,-7.20744144273524,-0.726145962660667,532,52,1,52,336,2,2,0,547,8245283,2399057,https://overthecap.com/player/c-j-stroud/10826/,https://github.com/nflverse/nflverse-data/releases/download/stats_player/stats_player_reg_2024.csv,2026-09-28
00-0039918,Caleb Williams,2024,CHI,QB,17,9871515,False,Drafted,Rookie deal,2024,3541,20,6,489,0,0,0,0,-47.2748432554278,-0.102165061623657,11.6320835832119,,562,68,0,81,351,2,3,0,526,7179283,26332132,https://overthecap.com/player/caleb-williams/11609/,https://github.com/nflverse/nflverse-data/releases/download/stats_player/stats_player_reg_2024.csv,2026-09-28
00-0032950,Carson Wentz,2024,KC,QB,2,2500000,False,UFA,Veteran deal,2024,118,0,0,0,0,0,0,0,-6.75574821368931,-1.19481416125047,-3.54260906367563,,19,4,0,3,12,0,0,0,572,2775000,2500000,https://overthecap.com/player/carson-wentz/4715/,https://github.com/nflverse/nflverse-data/releases/download/stats_player/stats_player_reg_2024.csv,2026-09-28
00-0037324,Chris Oladokun,2024,KC,QB,1,805000,False,SFA,Veteran deal,2024,0,0,0,5,0,0,0,0,-1.38983265939169,,-0.555109044536948,,0,1,0,1,0,0,0,0,572,137500,137500,https://overthecap.com/player/chris-oladokun/10286/,https://github.com/nflverse/nflverse-data/releases/download/stats_player/stats_player_reg_2024.csv,2026-09-28
00-0038582,Clayton Tune,2024,ARI,QB,5,1047656,False,Drafted,Rookie deal,2023,8,0,0,-4,0,0,0,0,-1.12801867816597,18.6517715454102,-10.5396242414718,,2,0,0,7,2,1,0,0,523,1002656,915000,https://overthecap.com/player/clayton-tune/10963/,https://github.com/nflverse/nflverse-data/releases/download/stats_player/stats_player_reg_2024.csv,2026-09-28
00-0033662,Cooper Rush,2024,DAL,QB,12,2500000,False,UFA,Veteran deal,2023,1844,12,5,18,0,0,0,0,-22.8645155134533,-8.06432482924792,-18.166565412989,,308,13,0,26,187,2,1,0,622,2875000,2500000,https://overthecap.com/player/cooper-rush/6234/,https://github.com/nflverse/nflverse-data/releases/download/stats_player/stats_player_reg_2024.csv,2026-09-28
00-0033077,Dak Prescott,2024,DAL,QB,8,60000000,False,Extension,Veteran deal,2024,1978,11,8,54,1,0,0,0,-9.26138597291867,-0.851305679078567,4.51299245579867,,286,21,0,13,185,0,1,0,622,44615980,86250000,https://overthecap.com/player/dak-prescott/4848/,https://github.com/nflverse/nflverse-data/releases/download/stats_player/stats_player_reg_2024.csv,2026-09-28
00-0036898,Davis Mills,2024,HOU,QB,4,4058000,False,Other,Unknown,2024,212,0,0,11,0,0,0,0,-5.21263952628942,-11.7243043250508,-1.13970202690689,,36,2,0,3,20,0,0,0,547,3422473,4266000,https://overthecap.com/player/davis-mills/9531/,https://github.com/nflverse/nflverse-data/releases/download/stats_player/stats_player_reg_2024.csv,2026-09-28
00-0031280,Derek Carr,2024,NO,QB,10,37500000,False,SFA,Veteran deal,2023,2145,15,5,71,1,0,0,0,47.569375113159,3.27637432754495,-1.09444993169745,,279,8,0,17,189,0,0,0,517,12668000,30000000,https://overthecap.com/player/derek-carr/2975/,https://github.com/nflverse/nflverse-data/releases/download/stats_player/stats_player_reg_2024.csv,2026-09-28
00-0033537,Deshaun Watson,2024,CLE,QB,7,46000000,False,Other,Unknown,2022,1148,5,3,148,1,0,0,0,-61.5412760071117,-2.19341690341632,-1.84504060617721,,216,33,0,31,137,1,2,0,634,27942678,46000000,https://overthecap.com/player/deshaun-watson/5596/,https://github.com/nflverse/nflverse-data/releases/download/stats_player/stats_player_reg_2024.csv,2026-09-28
00-0038122,Desmond Ridder,2024,LV,QB,5,985000,False,SFA,Veteran deal,2024,458,2,2,36,0,0,0,0,-22.0815133874012,-3.18106447274868,1.49767392169451,,85,10,0,9,52,0,2,0,592,601944,601944,https://overthecap.com/player/desmond-ridder/10119/,https://github.com/nflverse/nflverse-data/releases/download/stats_player/stats_player_reg_2024.csv,2026-09-28
00-0038583,Dorian Thompson-Robinson,2024,CLE,QB,6,1045567,False,Drafted,Rookie deal,2023,440,0,6,122,0,0,0,0,-71.1411469733575,-11.6682565718327,5.99139755265787,,118,8,0,21,61,0,1,0,634,1000567,915000,https://overthecap.com/player/dorian-thompson-robinson/10964/,https://github.com/nflverse/nflverse-data/releases/download/stats_player/stats_player_reg_2024.csv,2026-09-28
00-0039851,Drake Maye,2024,NE,QB,13,9159941,False,Drafted,Rookie deal,2024,2276,15,10,421,2,0,0,0,-26.4533093283813,2.83587218163917,20.1082751224749,,338,34,0,54,225,2,4,0,500,6661775,24262100,https://overthecap.com/player/drake-maye/11611/,https://github.com/nflverse/nflverse-data/releases/download/stats_player/stats_player_reg_2024.csv,2026-09-28
00-0035704,Drew Lock,2024,NYG,QB,7,5000000,False,UFA,Veteran deal,2024,1071,6,5,133,2,0,0,0,-41.6694468111007,-6.09633981147943,12.0754370670766,,181,12,0,18,107,0,2,0,554,5000000,5000000,https://overthecap.com/player/drew-lock/7833/,https://github.com/nflverse/nflverse-data/releases/download/stats_player/stats_player_reg_2024.csv,2026-09-28
00-0035289,Gardner Minshew,2024,LV,QB,10,12500000,False,UFA,Veteran deal,2024,2013,9,10,58,0,0,0,0,-46.0107727828345,0.519548266383677,-7.56471653372864,,306,29,0,19,203,1,3,0,592,8000000,12320000,https://overthecap.com/player/gardner-minshew/7969/,https://github.com/nflverse/nflverse-data/releases/download/stats_player/stats_player_reg_2024.csv,2026-09-28
00-0030565,Geno Smith,2024,SEA,QB,17,25000000,False,UFA,Veteran deal,2023,4320,21,15,272,2,0,0,0,21.7530963877961,5.63953366897166,1.24131504906109,,578,50,0,53,407,0,0,0,569,26400000,22500000,https://overthecap.com/player/geno-smith/2249/,https://github.com/nflverse/nflverse-data/releases/download/stats_player/stats_player_reg_2024.csv,2026-09-28
00-0038550,Hendon Hooker,2024,DET,QB,3,1429757,False,Drafted,Rookie deal,2023,62,0,0,2,0,0,0,0,-2.0768875653945,-8.27723807758755,-2.99576760584023,,9,1,0,5,6,0,0,0,522,1299779,1009956,https://overthecap.com/player/hendon-hooker/10892/,https://github.com/nflverse/nflverse-data/releases/download/stats_player/stats_player_reg_2024.csv,2026-09-28
00-0033119,Jacoby Brissett,2024,NE,QB,7,8000000,False,UFA,Veteran deal,2024,826,2,1,62,0,0,0,0,-37.1146783554485,-2.92806869745255,3.11167332727928,,161,18,0,15,95,0,1,0,500,8000000,8000000,https://overthecap.com/player/jacoby-brissett/4804/,https://github.com/nflverse/nflverse-data/releases/download/stats_player/stats_player_reg_2024.csv,2026-09-28
00-0035100,Jake Browning,2024,CIN,QB,2,972500,False,ERFA,Veteran deal,2024,0,0,0,-2,0,0,0,0,,,-1.65984878980089,,0,0,0,2,0,0,0,0,628,915000,915000,https://overthecap.com/player/jake-browning/8189/,https://github.com/nflverse/nflverse-data/releases/download/stats_player/stats_player_reg_2024.csv,2026-09-28
00-0038998,Jake Haener,2024,NO,QB,8,1136203,False,Drafted,Rookie deal,2023,226,1,1,22,0,0,0,0,-14.9484791537611,-17.3184240186537,-1.55629123060498,,39,6,0,11,18,0,0,0,517,1076520,915000,https://overthecap.com/player/jake-haener/10951/,https://github.com/nflverse/nflverse-data/releases/download/stats_player/stats_player_reg_2024.csv,2026-09-28
00-0036389,Jalen Hurts,2024,PHI,QB,15,51000000,False,Extension,Veteran deal,2023,2903,18,5,630,14,0,0,0,40.4156669692714,7.52145761768975,40.7442794316708,,361,38,0,150,248,2,3,0,418,13558800,40000000,https://overthecap.com/player/jalen-hurts/8793/,https://github.com/nflverse/nflverse-data/releases/download/stats_player/stats_player_reg_2024.csv,2026-09-28
00-0031503,Jameis Winston,2024,CLE,QB,11,4000000,False,UFA,Veteran deal,2024,2121,13,12,83,1,0,0,0,-25.4739569391746,-1.77495177421305,16.7026754478575,,296,24,0,25,181,0,2,0,634,1768000,4200000,https://overthecap.com/player/jameis-winston/3849/,https://github.com/nflverse/nflverse-data/releases/download/stats_player/stats_player_reg_2024.csv,2026-09-28
00-0033106,Jared Goff,2024,DET,QB,17,53000000,False,Extension,Veteran deal,2024,4629,37,12,56,0,1,7,1,168.554689688768,5.70570315508282,-3.12486233766038,1.72411598067265,539,31,1,35,390,0,0,0,522,27211832,80611832,https://overthecap.com/player/jared-goff/4714/,https://github.com/nflverse/nflverse-data/releases/download/stats_player/stats_player_reg_2024.csv,2026-09-28
00-0035264,Jarrett Stidham,2024,DEN,QB,2,5000000,False,UFA,Veteran deal,2023,0,0,0,5,0,0,0,0,,,-2.06078527146019,,0,0,0,4,0,0,0,0,549,7000000,6000000,https://overthecap.com/player/jarrett-stidham/7924/,https://github.com/nflverse/nflverse-data/releases/download/stats_player/stats_player_reg_2024.csv,2026-09-28
00-0039910,Jayden Daniels,2024,WAS,QB,17,9436663,False,Drafted,Rookie deal,2024,3568,25,9,891,6,0,0,0,60.8546511337605,3.54677261926088,58.5258038644687,,480,47,0,148,331,0,0,0,504,6863027,25067108,https://overthecap.com/player/jayden-daniels/11610/,https://github.com/nflverse/nflverse-data/releases/download/stats_player/stats_player_reg_2024.csv,2026-09-28
00-0031345,Jimmy Garoppolo,2024,LA,QB,1,3178750,False,SFA,Veteran deal,2024,334,2,1,5,0,0,0,0,2.07763218411804,-3.07148143649101,-1.98857976053841,,41,3,0,2,27,0,0,0,541,3044306,4644306,https://overthecap.com/player/jimmy-garoppolo/3001/,https://github.com/nflverse/nflverse-data/releases/download/stats_player/stats_player_reg_2024.csv,2026-09-28
00-0036442,Joe Burrow,2024,CIN,QB,17,55000000,False,Extension,Veteran deal,2023,4918,43,9,201,2,0,0,0,115.126955424456,6.78678849462871,16.0528189284669,,652,48,0,42,460,0,5,0,628,29551112,65714982,https://overthecap.com/player/joe-burrow/8741/,https://github.com/nflverse/nflverse-data/releases/download/stats_player/stats_player_reg_2024.csv,2026-09-28
00-0026158,Joe Flacco,2024,IND,QB,7,4500000,False,UFA,Veteran deal,2024,1761,12,7,26,0,0,0,0,2.05238587216687,1.06912080414039,-7.00213673635153,,248,18,0,9,162,1,3,0,492,5000000,5300000,https://overthecap.com/player/joe-flacco/1383/,https://github.com/nflverse/nflverse-data/releases/download/stats_player/stats_player_reg_2024.csv,2026-09-28
00-0039398,Joe Milton III,2024,NE,QB,1,1050829,False,Drafted,Rookie deal,2024,241,1,0,16,1,0,0,0,11.7907161317601,17.1249438215185,-3.96280624266365,,29,0,0,10,22,1,0,0,500,840829,978316,https://overthecap.com/player/joe-milton-iii/11801/,https://github.com/nflverse/nflverse-data/releases/download/stats_player/stats_player_reg_2024.csv,2026-09-28
00-0036264,Jordan Love,2024,GB,QB,15,55000000,False,Extension,Veteran deal,2024,3389,25,11,83,1,0,0,0,62.1385194851099,0.619910182454,6.11012787278668,,425,14,0,25,268,0,0,0,464,20757731,79000000,https://overthecap.com/player/jordan-love/8766/,https://github.com/nflverse/nflverse-data/releases/download/stats_player/stats_player_reg_2024.csv,2026-09-28
00-0034857,Josh Allen,2024,BUF,QB,16,43000000,False,Extension,Veteran deal,2021,3731,28,6,531,12,0,7,1,130.108072795865,0.8435629973744,57.0055015092627,,483,14,0,102,307,0,2,0,495,30356281,36500000,https://overthecap.com/player/josh-allen/6892/,https://github.com/nflverse/nflverse-data/releases/download/stats_player/stats_player_reg_2024.csv,2026-09-28
00-0026300,Josh Johnson,2024,BAL,QB,4,1377500,False,UFA,Veteran deal,2024,17,0,0,1,0,0,0,0,-1.80973551096395,27.5020360946655,-3.56283131003147,,3,1,0,4,2,0,0,0,457,1152500,1377500,https://overthecap.com/player/josh-johnson/2131/,https://github.com/nflverse/nflverse-data/releases/download/stats_player/stats_player_reg_2024.csv,2026-09-28
00-0033949,Joshua Dobbs,2024,SF,QB,2,2250000,False,UFA,Veteran deal,2024,361,2,2,24,2,0,0,0,5.55747983542185,1.63680140091025,-2.7943142913864,,47,2,0,9,32,1,0,0,513,2250000,2250000,https://overthecap.com/player/joshua-dobbs/5721/,https://github.com/nflverse/nflverse-data/releases/download/stats_player/stats_player_reg_2024.csv,2026-09-28
00-0036945,Justin Fields,2024,PIT,QB,10,4717988,False,Drafted,Rookie deal,2021,1106,5,1,289,5,0,0,0,7.59287047392508,2.38836440992983,2.4346262689508,,161,16,0,62,106,0,1,0,460,3233448,3233448,https://overthecap.com/player/justin-fields/9475/,https://github.com/nflverse/nflverse-data/releases/download/stats_player/stats_player_reg_2024.csv,2026-09-28
00-0036355,Justin Herbert,2024,LAC,QB,17,52500000,False,Extension,Veteran deal,2023,3870,23,3,306,2,0,0,0,72.2039118537912,1.94559497009848,4.16619123656043,,504,41,0,69,332,1,1,0,491,19345675,56606500,https://overthecap.com/player/justin-herbert/8746/,https://github.com/nflverse/nflverse-data/releases/download/stats_player/stats_player_reg_2024.csv,2026-09-28
00-0038102,Kenny Pickett,2024,PHI,QB,5,3516976,False,Drafted,Rookie deal,2022,291,2,1,15,1,0,0,0,3.43721113255044,0.475480388372372,1.7277967237866,,42,4,0,9,25,0,0,0,418,1983900,1983900,https://overthecap.com/player/kenny-pickett/10065/,https://github.com/nflverse/nflverse-data/releases/download/stats_player/stats_player_reg_2024.csv,2026-09-28
00-0029604,Kirk Cousins,2024,ATL,QB,14,45000000,False,UFA,Veteran deal,2024,3508,18,16,0,0,0,0,0,21.1343880221903,0.958732513868563,-16.7720963966299,,453,28,0,23,303,0,2,0,539,25000000,62500000,https://overthecap.com/player/kirk-cousins/1443/,https://github.com/nflverse/nflverse-data/releases/download/stats_player/stats_player_reg_2024.csv,2026-09-28
00-0034577,Kyle Allen,2024,PIT,QB,1,1292500,False,UFA,Veteran deal,2024,19,0,0,0,0,0,0,0,1.43255293625407,27.4854600429535,,,1,0,0,0,1,0,0,0,460,1152500,1292500,https://overthecap.com/player/kyle-allen/7494/,https://github.com/nflverse/nflverse-data/releases/download/stats_player/stats_player_reg_2024.csv,2026-09-28
00-0036928,Kyle Trask,2024,TB,QB,3,1383834,False,Drafted,Rookie deal,2021,5,0,0,-4,0,0,0,0,0.297810939140618,12.9272639751434,-6.62303357804194,,1,0,0,5,1,0,0,0,563,1761243,1414818,https://overthecap.com/player/kyle-trask/9528/,https://github.com/nflverse/nflverse-data/releases/download/stats_player/stats_player_reg_2024.csv,2026-09-28
00-0035228,Kyler Murray,2024,ARI,QB,17,46100000,False,Extension,Veteran deal,2022,3851,21,11,572,5,0,0,0,65.6543678808935,2.11786447868695,17.933246009089,,541,30,0,78,372,3,1,0,523,49518177,38850000,https://overthecap.com/player/kyler-murray/7792/,https://github.com/nflverse/nflverse-data/releases/download/stats_player/stats_player_reg_2024.csv,2026-09-28
00-0034796,Lamar Jackson,2024,BAL,QB,17,52000000,False,Franchise,Veteran deal,2023,4172,41,4,915,4,0,0,0,172.278611656018,4.55194242003206,11.6529331872173,,474,23,0,139,316,4,1,0,457,32400000,31750000,https://overthecap.com/player/lamar-jackson/6917/,https://github.com/nflverse/nflverse-data/releases/download/stats_player/stats_player_reg_2024.csv,2026-09-28
00-0036972,Mac Jones,2024,JAX,QB,10,3896585,False,Drafted,Rookie deal,2021,1672,8,8,92,1,0,0,0,-3.29846966445156,-0.49169065952301,0.699630168265348,,262,14,0,28,171,1,1,0,522,2785410,2785410,https://overthecap.com/player/mac-jones/9479/,https://github.com/nflverse/nflverse-data/releases/download/stats_player/stats_player_reg_2024.csv,2026-09-28
00-0038128,Malik Willis,2024,GB,QB,6,1290025,False,Drafted,Rookie deal,2022,550,3,0,138,1,0,0,0,15.2996392453774,6.89875427282081,3.9184020770295,,54,8,0,20,40,0,1,0,464,985000,985000,https://overthecap.com/player/malik-willis/10131/,https://github.com/nflverse/nflverse-data/releases/download/stats_player/stats_player_reg_2024.csv,2026-09-28
00-0032268,Marcus Mariota,2024,WAS,QB,3,6000000,False,UFA,Veteran deal,2024,364,4,0,92,1,0,0,0,18.8663516262931,16.5889089306196,3.52610799824831,,44,3,0,18,34,0,0,0,504,6000000,6280000,https://overthecap.com/player/marcus-mariota/3850/,https://github.com/nflverse/nflverse-data/releases/download/stats_player/stats_player_reg_2024.csv,2026-09-28
00-0034771,Mason Rudolph,2024,TEN,QB,8,2870000,False,UFA,Veteran deal,2024,1530,9,9,106,1,0,0,0,-0.883141146490228,0.238143659640695,4.98898655295005,,228,11,0,25,146,1,0,0,507,2870000,3020000,https://overthecap.com/player/mason-rudolph/6961/,https://github.com/nflverse/nflverse-data/releases/download/stats_player/stats_player_reg_2024.csv,2026-09-28
00-0026498,Matthew Stafford,2024,LA,QB,16,40000000,False,Extension,Veteran deal,2022,3762,20,8,41,0,0,0,0,32.8524173386663,-0.666393542289734,-3.01184265889613,,517,28,0,30,340,0,2,0,541,46166666,36000000,https://overthecap.com/player/matt-stafford/1060/,https://github.com/nflverse/nflverse-data/releases/download/stats_player/stats_player_reg_2024.csv,2026-09-28
00-0039917,Michael Penix Jr.,2024,ATL,QB,5,5720659,False,Drafted,Rookie deal,2024,775,3,3,11,1,0,0,0,14.5531169521575,-4.43843845643249,0.585619137535105,,105,4,0,7,61,0,0,0,539,4160479,14256916,https://overthecap.com/player/michael-penix-jr/11616/,https://github.com/nflverse/nflverse-data/releases/download/stats_player/stats_player_reg_2024.csv,2026-09-28
00-0034401,Mike White,2024,BUF,QB,1,1160000,False,SFA,Veteran deal,2024,28,0,0,0,0,0,0,0,-7.15286629885668,-36.9008075107228,,,11,0,0,0,3,0,0,0,495,54722,62500,https://overthecap.com/player/mike-white/7056/,https://github.com/nflverse/nflverse-data/releases/download/stats_player/stats_player_reg_2024.csv,2026-09-28
00-0033869,Mitchell Trubisky,2024,BUF,QB,8,2625000,False,SFA,Veteran deal,2024,179,2,0,1,0,0,0,0,9.71651024231414,5.77275049686432,-12.0889061881428,,26,0,0,17,19,0,0,0,495,2000000,2750000,https://overthecap.com/player/mitchell-trubisky/5586/,https://github.com/nflverse/nflverse-data/releases/download/stats_player/stats_player_reg_2024.csv,2026-09-28
00-0033319,Nick Mullens,2024,MIN,QB,4,1900000,False,Other,Unknown,2024,38,0,0,-2,0,0,0,0,4.86872562265489,42.2290906310082,0.0,,2,0,0,3,2,0,0,0,517,2110000,1900000,https://overthecap.com/player/nick-mullens/6007/,https://github.com/nflverse/nflverse-data/releases/download/stats_player/stats_player_reg_2024.csv,2026-09-28
00-0033873,Patrick Mahomes,2024,KC,QB,16,45000000,False,Extension,Veteran deal,2020,3928,26,11,307,2,1,2,0,71.133359260348,2.56341118331844,24.3132669498047,-0.403063578065485,581,36,1,58,392,0,0,0,572,37008269,45750000,https://overthecap.com/player/patrick-mahomes/5594/,https://github.com/nflverse/nflverse-data/releases/download/stats_player/stats_player_reg_2024.csv,2026-09-28
00-0029263,Russell Wilson,2024,PIT,QB,11,1210000,False,SFA,Veteran deal,2024,2482,16,5,155,2,0,0,0,-1.9115129991216,4.47178119732664,-7.59418953425484,,336,33,0,43,214,2,2,0,460,1210000,1210000,https://overthecap.com/player/russell-wilson/1569/,https://github.com/nflverse/nflverse-data/releases/download/stats_player/stats_player_reg_2024.csv,2026-09-28
00-0034869,Sam Darnold,2024,MIN,QB,17,10000000,False,UFA,Veteran deal,2024,4319,35,12,212,1,0,0,0,49.6152467768615,3.85464842681291,-3.14387613588594,,545,48,0,67,361,2,2,0,517,5000000,10000000,https://overthecap.com/player/sam-darnold/6888/,https://github.com/nflverse/nflverse-data/releases/download/stats_player/stats_player_reg_2024.csv,2026-09-28
00-0037077,Sam Howell,2024,SEA,QB,1,1005400,False,Drafted,Rookie deal,2022,24,0,1,2,0,0,0,0,-15.5729183114717,-33.1992687923568,-0.707496352493763,,14,4,0,1,5,0,0,0,569,985000,985000,https://overthecap.com/player/sam-howell/10189/,https://github.com/nflverse/nflverse-data/releases/download/stats_player/stats_player_reg_2024.csv,2026-09-28
00-0037327,Skylar Thompson,2024,MIA,QB,2,935552,False,Drafted,Rookie deal,2022,187,0,0,4,0,0,0,0,-15.5110251420131,2.22614957019687,-2.46101770619862,,33,6,0,1,21,0,0,0,568,79722,79722,https://overthecap.com/player/skylar-thompson/10292/,https://github.com/nflverse/nflverse-data/releases/download/stats_player/stats_player_reg_2024.csv,2026-09-28
00-0039376,Spencer Rattler,2024,NO,QB,7,1089120,False,Drafted,Rookie deal,2024,1317,4,5,146,0,0,0,0,-75.7393269937251,-9.06213659076064,13.5754030805547,,228,22,0,18,130,0,3,0,517,879120,1131480,https://overthecap.com/player/spencer-rattler/11758/,https://github.com/nflverse/nflverse-data/releases/download/stats_player/stats_player_reg_2024.csv,2026-09-28
00-0038400,Tanner McKee,2024,PHI,QB,2,1006630,False,Drafted,Rookie deal,2023,323,4,0,-1,0,0,0,0,14.6777132762997,-0.0430476003222995,-3.00282555824379,,45,2,0,5,30,0,0,0,418,961630,915000,https://overthecap.com/player/tanner-mckee/11012/,https://github.com/nflverse/nflverse-data/releases/download/stats_player/stats_player_reg_2024.csv,2026-09-28
00-0031800,Taylor Heinicke,2024,LAC,QB,4,2530000,False,Other,Unknown,2024,28,0,0,20,0,0,0,0,-5.95559958711965,-11.866637468338,0.448356817476451,,5,3,0,2,3,0,0,0,491,1210000,1210000,https://overthecap.com/player/taylor-heinicke/4450/,https://github.com/nflverse/nflverse-data/releases/download/stats_player/stats_player_reg_2024.csv,2026-09-28
00-0038476,Tommy DeVito,2024,NYG,QB,2,832500,False,SFA,Veteran deal,2023,257,0,0,32,0,0,0,0,-8.00893249030924,4.72447377879445,-2.73994594844407,,44,6,0,8,31,0,0,0,554,915000,915000,https://overthecap.com/player/tommy-devito/11293/,https://github.com/nflverse/nflverse-data/releases/download/stats_player/stats_player_reg_2024.csv,2026-09-28
00-0036971,Trevor Lawrence,2024,JAX,QB,10,55000000,False,Extension,Veteran deal,2024,2045,11,7,119,3,0,-5,0,6.11357262062849,-0.968420406913056,8.41078275876856,,284,18,0,26,172,0,1,0,522,15029725,39000000,https://overthecap.com/player/trevor-lawrence/9465/,https://github.com/nflverse/nflverse-data/releases/download/stats_player/stats_player_reg_2024.csv,2026-09-28
00-0037012,Trey Lance,2024,DAL,QB,4,8526315,False,Drafted,Rookie deal,2021,266,0,1,41,0,0,0,0,-8.36433636120222,-6.85835093259811,-2.11646263179136,,41,4,0,11,25,0,0,0,622,5310717,5310717,https://overthecap.com/player/trey-lance/9467/,https://github.com/nflverse/nflverse-data/releases/download/stats_player/stats_player_reg_2024.csv,2026-09-28
00-0036212,Tua Tagovailoa,2024,MIA,QB,11,53100000,False,Extension,Veteran deal,2024,2867,19,7,49,0,0,0,0,85.833154893303,3.78091796541337,0.472041753819212,,399,21,0,17,291,0,2,0,568,9525000,43125000,https://overthecap.com/player/tua-tagovailoa/8745/,https://github.com/nflverse/nflverse-data/releases/download/stats_player/stats_player_reg_2024.csv,2026-09-28
00-0035993,Tyler Huntley,2024,MIA,QB,5,1125000,False,SFA,Veteran deal,2024,829,3,3,135,2,0,0,0,-19.7420365150601,3.10496695099338,-0.536011616717438,,133,15,0,26,86,1,1,0,568,746389,845833,https://overthecap.com/player/tyler-huntley/9318/,https://github.com/nflverse/nflverse-data/releases/download/stats_player/stats_player_reg_2024.csv,2026-09-28
00-0028118,Tyrod Taylor,2024,NYJ,QB,2,6000000,False,UFA,Veteran deal,2024,119,3,0,13,0,0,0,0,11.0630861275571,13.3305799393427,-0.676485965115717,,22,0,0,3,17,0,0,0,589,2800000,6000000,https://overthecap.com/player/tyrod-taylor/1407/,https://github.com/nflverse/nflverse-data/releases/download/stats_player/stats_player_reg_2024.csv,2026-09-28
00-0038416,Tyson Bagent,2024,CHI,QB,4,906667,False,UDFA,Rookie deal,2023,11,0,0,-7,0,0,0,0,0.318867500929628,17.4033373594284,0.0,,2,0,0,6,2,0,0,0,526,923333,915000,https://overthecap.com/player/tyson-bagent/11238/,https://github.com/nflverse/nflverse-data/releases/download/stats_player/stats_player_reg_2024.csv,2026-09-28
00-0039152,Will Levis,2024,TEN,QB,12,2385541,False,Drafted,Rookie deal,2023,2091,13,12,183,0,0,0,0,-65.5189321402618,-0.432296791305281,-17.4965542566902,,301,41,0,45,190,3,3,0,507,2168673,1183735,https://overthecap.com/player/will-levis/10857/,https://github.com/nflverse/nflverse-data/releases/download/stats_player/stats_player_reg_2024.csv,2026-09-28
00-0033293,Aaron Jones,2024,MIN,RB,17,7000000,False,SFA,Veteran deal,2024,0,0,0,1138,5,51,408,2,,,-13.4461578512633,3.29768113501897,0,0,62,255,0,1,0,2,517,3800000,7000000,https://overthecap.com/player/aaron-jones/5768/,https://github.com/nflverse/nflverse-data/releases/download/stats_player/stats_player_reg_2024.csv,2026-09-28
00-0034972,Alexander Mattison,2024,LV,RB,14,2000000,False,SFA,Veteran deal,2024,0,0,0,420,4,36,294,1,,,-30.7859976790078,-6.27723881433321,0,0,48,132,0,1,0,0,592,1984000,2077000,https://overthecap.com/player/alexander-mattison/7893/,https://github.com/nflverse/nflverse-data/releases/download/stats_player/stats_player_reg_2024.csv,2026-09-28
00-0033906,Alvin Kamara,2024,NO,RB,14,12250000,False,Extension,Veteran deal,2024,0,0,0,950,6,68,543,2,,,-18.174864595851,-6.14696294687843,0,0,89,228,0,0,0,0,517,16193236,21621765,https://overthecap.com/player/alvin-kamara/5653/,https://github.com/nflverse/nflverse-data/releases/download/stats_player/stats_player_reg_2024.csv,2026-09-28
00-0032104,Ameer Abdullah,2024,LV,RB,15,1850000,False,UFA,Veteran deal,2024,0,0,0,311,2,40,261,3,,,-7.58153822137156,11.8528834927293,0,0,47,66,0,1,0,0,592,1850000,1930000,https://overthecap.com/player/ameer-abdullah/3902/,https://github.com/nflverse/nflverse-data/releases/download/stats_player/stats_player_reg_2024.csv,2026-09-28
00-0036328,Antonio Gibson,2024,NE,RB,17,3750000,False,UFA,Veteran deal,2024,0,0,0,538,1,23,206,0,,,-10.6508576496562,2.40919735597762,0,0,29,120,0,0,0,0,500,3250000,5250000,https://overthecap.com/player/antonio-gibson/8806/,https://github.com/nflverse/nflverse-data/releases/download/stats_player/stats_player_reg_2024.csv,2026-09-28
00-0039373,Audric Estimé,2024,DEN,RB,13,1089781,False,Drafted,Rookie deal,2024,0,0,0,310,2,5,27,0,,,-7.42971777551686,-0.765327973640524,0,0,5,76,0,1,0,0,549,807559,1061902,https://overthecap.com/player/audric-estime/11755/,https://github.com/nflverse/nflverse-data/releases/download/stats_player/stats_player_reg_2024.csv,2026-09-28
00-0033699,Austin Ekeler,2024,WAS,RB,12,4215000,False,UFA,Veteran deal,2024,0,0,0,367,4,35,366,0,,,4.99870332668219,13.8027968692456,0,0,41,77,0,0,0,0,504,3355000,4670000,https://overthecap.com/player/austin-ekeler/5865/,https://github.com/nflverse/nflverse-data/releases/download/stats_player/stats_player_reg_2024.csv,2026-09-28
00-0036950,Avery Williams,2024,ATL,RB,17,930038,False,Drafted,Rookie deal,2021,0,0,0,0,0,0,0,0,,,,,0,0,0,0,0,0,0,0,539,1115038,1055000,https://overthecap.com/player/avery-williams/9647/,https://github.com/nflverse/nflverse-data/releases/download/stats_player/stats_player_reg_2024.csv,2026-09-28
00-0038489,Ben VanSumeren,2024,PHI,RB,3,832500,False,SFA,Veteran deal,2023,0,0,0,0,0,1,0,0,,,,-0.48021248326404,0,0,1,0,0,0,0,0,418,775000,775000,https://overthecap.com/player/ben-vansumeren/11289/,https://github.com/nflverse/nflverse-data/releases/download/stats_player/stats_player_reg_2024.csv,2026-09-28
00-0038542,Bijan Robinson,2024,ATL,RB,17,5489636,False,Drafted,Rookie deal,2023,0,0,0,1456,14,61,431,1,,,17.9365396067896,7.64841874230321,0,0,72,304,0,0,0,0,539,4990578,1748116,https://overthecap.com/player/bijan-robinson/10832/,https://github.com/nflverse/nflverse-data/releases/download/stats_player/stats_player_reg_2024.csv,2026-09-28
00-0039738,Blake Corum,2024,LA,RB,15,1440941,False,Drafted,Rookie deal,2024,0,0,0,207,0,7,58,0,,,-9.74375213630265,2.63410446094349,0,0,8,58,0,0,0,0,541,1047957,1806828,https://overthecap.com/player/blake-corum/11691/,https://github.com/nflverse/nflverse-data/releases/download/stats_player/stats_player_reg_2024.csv,2026-09-28
00-0039573,Blake Watson,2024,DEN,RB,1,943333,False,SFA,Veteran deal,2024,0,0,0,10,0,1,13,0,,,-0.179672391968779,0.251413255871739,0,0,2,4,0,0,0,0,549,88333,88333,https://overthecap.com/player/blake-watson/11897/,https://github.com/nflverse/nflverse-data/releases/download/stats_player/stats_player_reg_2024.csv,2026-09-28
00-0038488,Brady Russell,2024,SEA,RB,8,915000,False,ERFA,Veteran deal,2024,0,0,0,0,0,0,0,0,,,,,0,0,0,0,0,0,0,0,569,915000,915000,https://overthecap.com/player/brady-russell/11288/,https://github.com/nflverse/nflverse-data/releases/download/stats_player/stats_player_reg_2024.csv,2026-09-28
00-0039794,Braelon Allen,2024,NYJ,RB,17,1137177,False,Drafted,Rookie deal,2024,0,0,0,334,2,19,148,1,,,-7.61642359342659,4.73982512985822,0,0,27,92,0,0,0,0,589,927177,1323708,https://overthecap.com/player/braelon-allen/11742/,https://github.com/nflverse/nflverse-data/releases/download/stats_player/stats_player_reg_2024.csv,2026-09-28
00-0038120,Breece Hall,2024,NYJ,RB,16,2253692,False,Drafted,Rookie deal,2022,0,0,0,876,5,57,483,3,,,-20.8597637538433,-1.4884487913531,0,0,76,209,0,1,0,1,589,2458573,1524524,https://overthecap.com/player/breece-hall/10081/,https://github.com/nflverse/nflverse-data/releases/download/stats_player/stats_player_reg_2024.csv,2026-09-28
00-0037746,Brian Robinson,2024,WAS,RB,14,1261226,False,Drafted,Rookie deal,2022,0,0,0,799,8,20,159,0,,,-12.0810657485278,-2.82595679425869,0,0,25,187,0,2,0,0,504,1375883,1163628,https://overthecap.com/player/brian-robinson-jr/10143/,https://github.com/nflverse/nflverse-data/releases/download/stats_player/stats_player_reg_2024.csv,2026-09-28
00-0039603,British Brooks,2024,HOU,RB,2,948333,False,UDFA,Rookie deal,2024,0,0,0,2,0,0,0,0,,,-0.336250451859087,,0,0,0,1,0,0,0,0,547,565278,575278,https://overthecap.com/player/british-brooks/12269/,https://github.com/nflverse/nflverse-data/releases/download/stats_player/stats_player_reg_2024.csv,2026-09-28
00-0039361,Bucky Irving,2024,TB,RB,17,1187888,False,Drafted,Rookie deal,2024,0,0,0,1122,8,47,392,0,,,20.8775320795539,14.5710461941648,0,0,52,207,0,1,0,0,563,977888,1526552,https://overthecap.com/player/bucky-irving/11733/,https://github.com/nflverse/nflverse-data/releases/download/stats_player/stats_player_reg_2024.csv,2026-09-28
00-0039325,Carson Steele,2024,KC,RB,13,943333,False,UDFA,Rookie deal,2024,0,0,0,183,0,7,26,0,,,-11.9836104627345,-2.9024881075602,0,0,11,56,0,2,0,0,572,795000,795000,https://overthecap.com/player/carson-steele/11920/,https://github.com/nflverse/nflverse-data/releases/download/stats_player/stats_player_reg_2024.csv,2026-09-28
00-0038597,Chase Brown,2024,CIN,RB,16,1031539,False,Drafted,Rookie deal,2023,0,0,0,990,7,54,360,4,,,-4.80563272827405,9.81889529448408,0,0,65,229,0,1,0,0,628,986539,915000,https://overthecap.com/player/chase-brown/10987/,https://github.com/nflverse/nflverse-data/releases/download/stats_player/stats_player_reg_2024.csv,2026-09-28
00-0038685,Chris Brooks,2024,GB,RB,11,972500,False,SFA,Veteran deal,2024,0,0,0,183,1,11,69,0,,,4.7882587546025,-3.78848899960691,0,0,13,36,0,0,0,0,464,813333,813333,https://overthecap.com/player/christopher-brooks/11433/,https://github.com/nflverse/nflverse-data/releases/download/stats_player/stats_player_reg_2024.csv,2026-09-28
00-0038611,Chris Rodriguez Jr.,2024,WAS,RB,7,915000,False,SFA,Veteran deal,2024,0,0,0,173,2,1,12,0,,,7.94025240946212,1.13839163765078,0,0,1,35,0,0,0,0,504,305000,305000,https://overthecap.com/player/chris-rodriguez-jr/11017/,https://github.com/nflverse/nflverse-data/releases/download/stats_player/stats_player_reg_2024.csv,2026-09-28
00-0033280,Christian McCaffrey,2024,SF,RB,4,19000000,False,Extension,Veteran deal,2024,0,0,0,202,0,15,146,0,,,-2.89182955757133,-5.7814743126635,0,0,19,50,0,0,0,1,513,6682588,15617647,https://overthecap.com/player/christian-mccaffrey/5592/,https://github.com/nflverse/nflverse-data/releases/download/stats_player/stats_player_reg_2024.csv,2026-09-28
00-0036555,Chuba Hubbard,2024,CAR,RB,15,8300000,False,Extension,Veteran deal,2024,0,0,0,1195,10,43,171,1,,,10.7498774464184,-22.2440359072643,0,0,54,250,0,1,0,2,518,3769893,9616000,https://overthecap.com/player/chuba-hubbard/9590/,https://github.com/nflverse/nflverse-data/releases/download/stats_player/stats_player_reg_2024.csv,2026-09-28
00-0039703,Cody Schrader,2024,LA,RB,1,947333,False,UDFA,Rookie deal,2024,0,0,0,3,0,1,6,0,,,-0.320892589399591,0.397277344600298,0,0,1,1,0,0,0,0,541,795000,795000,https://overthecap.com/player/cody-schrader/11936/,https://github.com/nflverse/nflverse-data/releases/download/stats_player/stats_player_reg_2024.csv,2026-09-28
00-0030578,Cordarrelle Patterson,2024,PIT,RB,13,3000000,False,UFA,Veteran deal,2024,0,0,0,135,0,12,80,1,,,-7.84534724344177,-4.43369291491387,0,0,14,32,0,1,0,0,460,2250000,3200000,https://overthecap.com/player/cordarrelle-patterson/2210/,https://github.com/nflverse/nflverse-data/releases/download/stats_player/stats_player_reg_2024.csv,2026-09-28
00-0035567,Craig Reynolds,2024,DET,RB,8,1125000,False,ERFA,Veteran deal,2024,0,0,0,139,0,3,40,0,,,-4.86852235585684,-2.72788846859476,0,0,5,31,0,0,0,0,522,985000,1125000,https://overthecap.com/player/craig-reynolds/8540/,https://github.com/nflverse/nflverse-data/releases/download/stats_player/stats_player_reg_2024.csv,2026-09-28
00-0036275,D'Andre Swift,2024,CHI,RB,17,8000000,False,UFA,Veteran deal,2024,0,0,0,959,6,42,386,0,,,-38.9268417686981,2.86034323618701,0,0,52,253,0,0,0,0,526,5803333,8500000,https://overthecap.com/player/dandre-swift/8775/,https://github.com/nflverse/nflverse-data/releases/download/stats_player/stats_player_reg_2024.csv,2026-09-28
00-0035628,D'Ernest Johnson,2024,JAX,RB,12,1275000,False,UFA,Veteran deal,2024,0,0,0,143,0,12,96,0,,,3.19850452046026,-12.7469402806892,0,0,19,32,0,0,0,0,522,1135000,1275000,https://overthecap.com/player/dernest-johnson/8556/,https://github.com/nflverse/nflverse-data/releases/download/stats_player/stats_player_reg_2024.csv,2026-09-28
00-0033925,D'Onta Foreman,2024,CLE,RB,10,1125000,False,SFA,Veteran deal,2024,0,0,0,232,0,6,54,0,,,-24.1594711056096,0.839785054675303,0,0,8,71,0,1,0,0,634,985000,1125000,https://overthecap.com/player/donta-foreman/5675/,https://github.com/nflverse/nflverse-data/releases/download/stats_player/stats_player_reg_2024.csv,2026-09-28
00-0039595,D.J. Williams,2024,TB,RB,1,946667,False,UDFA,Rookie deal,2024,0,0,0,0,0,0,0,0,,,,,0,0,0,0,0,0,0,0,563,256667,256667,https://overthecap.com/player/d-j-williams/11972/,https://github.com/nflverse/nflverse-data/releases/download/stats_player/stats_player_reg_2024.csv,2026-09-28
00-0037258,Dameon Pierce,2024,HOU,RB,10,1125108,False,Drafted,Rookie deal,2022,0,0,0,293,2,2,2,0,,,7.07994274201337,-2.17200030002277,0,0,4,40,0,0,0,0,547,1188858,985000,https://overthecap.com/player/dameon-pierce/10152/,https://github.com/nflverse/nflverse-data/releases/download/stats_player/stats_player_reg_2024.csv,2026-09-28
00-0039230,Dante Miller,2024,NYG,RB,1,877500,False,SFA,Veteran deal,2024,0,0,0,0,0,0,0,0,,,,,0,0,0,0,0,0,0,0,554,44167,44167,https://overthecap.com/player/dante-miller/11607/,https://github.com/nflverse/nflverse-data/releases/download/stats_player/stats_player_reg_2024.csv,2026-09-28
00-0033854,Dare Ogunbowale,2024,HOU,RB,16,1500000,False,UFA,Veteran deal,2024,0,0,0,112,0,19,198,1,,,-13.6922364179412,5.60965774381663,0,0,28,30,0,0,0,0,547,1500000,1500000,https://overthecap.com/player/dare-ogunbowale/6299/,https://github.com/nflverse/nflverse-data/releases/download/stats_player/stats_player_reg_2024.csv,2026-09-28
00-0036297,Darrynton Evans,2024,CHI,RB,1,1055000,False,SFA,Veteran deal,2024,0,0,0,3,0,0,0,0,,,-1.29481282713823,,0,0,0,3,0,0,0,0,526,175833,175833,https://overthecap.com/player/darrynton-evans/8833/,https://github.com/nflverse/nflverse-data/releases/download/stats_player/stats_player_reg_2024.csv,2026-09-28
00-0035685,David Montgomery,2024,DET,RB,14,9125000,False,Extension,Veteran deal,2024,3,1,0,775,12,36,341,0,1.51914853777271,49.2421925067902,-8.83177859382866,15.9182571717093,1,0,38,185,1,1,0,0,522,5053431,8911765,https://overthecap.com/player/david-montgomery/7864/,https://github.com/nflverse/nflverse-data/releases/download/stats_player/stats_player_reg_2024.csv,2026-09-28
00-0039040,De'Von Achane,2024,MIA,RB,17,1359363,False,Drafted,Rookie deal,2023,0,0,0,907,6,78,592,6,,,-11.2816310102353,23.8639774751283,0,0,87,203,0,0,0,0,568,1235784,997157,https://overthecap.com/player/devon-achane/10908/,https://github.com/nflverse/nflverse-data/releases/download/stats_player/stats_player_reg_2024.csv,2026-09-28
00-0036425,DeeJay Dallas,2024,ARI,RB,16,2750000,False,UFA,Veteran deal,2024,0,0,0,49,0,3,11,1,,,1.28107167757116,1.62032140587689,0,0,3,9,0,0,0,0,523,2083333,2735000,https://overthecap.com/player/deejay-dallas/8884/,https://github.com/nflverse/nflverse-data/releases/download/stats_player/stats_player_reg_2024.csv,2026-09-28
00-0032764,Derrick Henry,2024,BAL,RB,17,8000000,False,UFA,Veteran deal,2024,0,0,0,1921,16,19,193,2,,,40.5961540300293,9.01028020630474,0,0,22,325,0,1,0,0,457,5105000,11000000,https://overthecap.com/player/derrick-henry/4758/,https://github.com/nflverse/nflverse-data/releases/download/stats_player/stats_player_reg_2024.csv,2026-09-28
00-0038622,Deuce Vaughn,2024,DAL,RB,5,993333,False,Drafted,Rookie deal,2023,0,0,0,70,0,3,18,0,,,-4.09176857437706,-1.9020850348752,0,0,5,17,0,0,0,0,622,948333,915000,https://overthecap.com/player/deuce-vaughn/11036/,https://github.com/nflverse/nflverse-data/releases/download/stats_player/stats_player_reg_2024.csv,2026-09-28
00-0035250,Devin Singletary,2024,NYG,RB,15,5500000,False,UFA,Veteran deal,2024,0,0,0,437,4,21,119,0,,,-11.1448167904699,-11.2415424729697,0,0,24,113,0,2,0,0,554,3750000,6250000,https://overthecap.com/player/devin-singletary/7865/,https://github.com/nflverse/nflverse-data/releases/download/stats_player/stats_player_reg_2024.csv,2026-09-28
00-0039407,Dylan Laube,2024,LV,RB,6,1043798,False,Drafted,Rookie deal,2024,0,0,0,0,0,0,0,0,,,-4.66817615873879,,0,0,0,1,0,1,0,0,592,833798,950192,https://overthecap.com/player/dylan-laube/11816/,https://github.com/nflverse/nflverse-data/releases/download/stats_player/stats_player_reg_2024.csv,2026-09-28
00-0038797,Emanuel Wilson,2024,GB,RB,17,915000,False,ERFA,Veteran deal,2024,0,0,0,502,4,11,48,1,,,9.20893033756883,-3.51117035571529,0,0,14,103,0,0,0,0,464,915000,915000,https://overthecap.com/player/emanuel-wilson/11345/,https://github.com/nflverse/nflverse-data/releases/download/stats_player/stats_player_reg_2024.csv,2026-09-28
00-0038705,Emari Demercado,2024,ARI,RB,13,903333,False,UDFA,Rookie deal,2023,0,0,0,223,1,16,104,0,,,12.3622012627535,-3.34879443103604,0,0,20,24,0,0,0,0,523,826667,821667,https://overthecap.com/player/emari-demercado/11202/,https://github.com/nflverse/nflverse-data/releases/download/stats_player/stats_player_reg_2024.csv,2026-09-28
00-0038396,Eric Gray,2024,NYG,RB,14,1021245,False,Drafted,Rookie deal,2023,0,0,0,31,0,10,82,0,,,-16.0598759765853,3.80178645587519,0,0,11,14,0,1,0,0,554,976245,915000,https://overthecap.com/player/eric-gray/10996/,https://github.com/nflverse/nflverse-data/releases/download/stats_player/stats_player_reg_2024.csv,2026-09-28
00-0039299,George Holani,2024,SEA,RB,3,877500,False,SFA,Veteran deal,2024,0,0,0,10,0,1,-1,0,,,-0.771828435012139,-0.408696800936013,0,0,1,3,0,0,0,0,569,88333,88333,https://overthecap.com/player/george-holani/12000/,https://github.com/nflverse/nflverse-data/releases/download/stats_player/stats_player_reg_2024.csv,2026-09-28
00-0034184,Gus Edwards,2024,LAC,RB,11,3250000,False,UFA,Veteran deal,2024,0,0,0,365,4,3,6,0,,,-14.0711244798961,-3.10106393648312,0,0,5,101,0,0,0,0,491,2250000,3375000,https://overthecap.com/player/gus-edwards/7251/,https://github.com/nflverse/nflverse-data/releases/download/stats_player/stats_player_reg_2024.csv,2026-09-28
00-0037617,Hassan Haskins,2024,LAC,RB,12,1088052,False,Drafted,Rookie deal,2022,0,0,0,89,2,3,49,1,,,-3.67970803024946,5.05651645833859,0,0,3,34,0,1,0,0,491,985000,985000,https://overthecap.com/player/hassan-haskins/10176/,https://github.com/nflverse/nflverse-data/releases/download/stats_player/stats_player_reg_2024.csv,2026-09-28
00-0038738,Hunter Luepke,2024,DAL,RB,14,905000,False,UDFA,Rookie deal,2023,0,0,0,38,0,12,111,0,,,0.935920973610983,4.59820180720647,0,0,16,12,0,0,0,0,622,921666,915000,https://overthecap.com/player/hunter-luepke/11379/,https://github.com/nflverse/nflverse-data/releases/download/stats_player/stats_player_reg_2024.csv,2026-09-28
00-0039363,Isaac Guerendo,2024,SF,RB,16,1181132,False,Drafted,Rookie deal,2024,0,0,0,420,4,15,152,0,,,4.85206715553068,6.53452460566768,0,0,16,84,0,0,0,0,513,971132,1499528,https://overthecap.com/player/isaac-guerendo/11737/,https://github.com/nflverse/nflverse-data/releases/download/stats_player/stats_player_reg_2024.csv,2026-09-28
00-0039798,Isaiah Davis,2024,NYJ,RB,13,1068569,False,Drafted,Rookie deal,2024,0,0,0,174,1,9,75,1,,,4.41404169931775,5.28145296504269,0,0,12,30,0,0,0,0,589,858569,1049276,https://overthecap.com/player/isaiah-davis/11781/,https://github.com/nflverse/nflverse-data/releases/download/stats_player/stats_player_reg_2024.csv,2026-09-28
00-0037197,Isiah Pacheco,2024,KC,RB,7,934777,False,Drafted,Rookie deal,2022,0,0,0,310,1,12,79,0,,,-13.6698753855017,-1.85053142015522,0,0,16,83,0,0,0,0,572,1004777,985000,https://overthecap.com/player/isiah-pacheco/10296/,https://github.com/nflverse/nflverse-data/releases/download/stats_player/stats_player_reg_2024.csv,2026-09-28
00-0036096,J.J. Taylor,2024,HOU,RB,3,985000,False,SFA,Veteran deal,2024,0,0,0,44,0,2,0,0,,,-0.0250057432567701,-2.49336225399748,0,0,3,10,0,0,0,0,547,87500,87500,https://overthecap.com/player/j-j-taylor/9280/,https://github.com/nflverse/nflverse-data/releases/download/stats_player/stats_player_reg_2024.csv,2026-09-28
00-0036158,J.K. Dobbins,2024,LAC,RB,13,1610000,False,UFA,Veteran deal,2024,0,0,0,905,9,32,153,0,,,4.24017250886596,-13.866991405793,0,0,38,195,0,0,0,0,491,1490000,1940000,https://overthecap.com/player/j-k-dobbins/8795/,https://github.com/nflverse/nflverse-data/releases/download/stats_player/stats_player_reg_2024.csv,2026-09-28
00-0035806,JaMycal Hasty,2024,NE,RB,12,1450000,False,UFA,Veteran deal,2023,0,0,0,69,0,10,59,1,,,-1.01269370431382,0.58483846305171,0,0,12,20,0,0,0,0,500,1411176,1411176,https://overthecap.com/player/jamycal-hasty/9172/,https://github.com/nflverse/nflverse-data/releases/download/stats_player/stats_player_reg_2024.csv,2026-09-28
00-0039139,Jahmyr Gibbs,2024,DET,RB,17,4461285,False,Drafted,Rookie deal,2023,0,0,0,1412,16,52,517,4,,,35.0644236197404,14.9677307858838,0,0,63,250,0,0,0,1,522,4055713,1561143,https://overthecap.com/player/jahmyr-gibbs/10836/,https://github.com/nflverse/nflverse-data/releases/download/stats_player/stats_player_reg_2024.csv,2026-09-28
00-0038794,Jaleel McLaughlin,2024,DEN,RB,16,903333,False,UDFA,Rookie deal,2023,0,0,0,496,1,24,76,2,,,-0.988551936432486,-11.2646307379145,0,0,27,113,0,0,0,1,549,920000,915000,https://overthecap.com/player/jaleel-mclaughlin/11344/,https://github.com/nflverse/nflverse-data/releases/download/stats_player/stats_player_reg_2024.csv,2026-09-28
00-0033948,Jamaal Williams,2024,NO,RB,14,4000000,False,UFA,Veteran deal,2023,0,0,0,164,1,9,57,0,,,-9.67190718204231,-0.272160402189942,0,0,11,48,0,0,0,0,517,4630000,3850000,https://overthecap.com/player/jamaal-williams/5720/,https://github.com/nflverse/nflverse-data/releases/download/stats_player/stats_player_reg_2024.csv,2026-09-28
00-0033553,James Conner,2024,ARI,RB,16,9500000,False,Extension,Veteran deal,2024,0,0,0,1094,8,47,414,1,,,1.23057158606022,5.55413041891367,0,0,55,236,0,0,0,1,523,11240000,12710000,https://overthecap.com/player/james-conner/5691/,https://github.com/nflverse/nflverse-data/releases/download/stats_player/stats_player_reg_2024.csv,2026-09-28
00-0037248,James Cook,2024,BUF,RB,16,1458016,False,Drafted,Rookie deal,2022,0,0,0,1009,16,32,258,2,,,10.6346900477656,12.7604462371382,0,0,38,207,0,0,0,0,495,1590563,1160188,https://overthecap.com/player/james-cook/10108/,https://github.com/nflverse/nflverse-data/releases/download/stats_player/stats_player_reg_2024.csv,2026-09-28
00-0039393,Jase McClellan,2024,ATL,RB,2,1053592,False,Drafted,Rookie deal,2024,0,0,0,32,0,0,0,0,,,-7.10460604215041,,0,0,0,13,0,0,0,0,539,771370,917146,https://overthecap.com/player/jase-mcclellan/11794/,https://github.com/nflverse/nflverse-data/releases/download/stats_player/stats_player_reg_2024.csv,2026-09-28
00-0036997,Javonte Williams,2024,DEN,RB,17,2216439,False,Drafted,Rookie deal,2021,0,0,0,513,4,52,346,0,,,-23.8951214236814,-5.53631544111296,0,0,70,139,0,2,0,0,549,2820922,1868967,https://overthecap.com/player/javonte-williams/9499/,https://github.com/nflverse/nflverse-data/releases/download/stats_player/stats_player_reg_2024.csv,2026-09-28
00-0037228,Jaylen Warren,2024,PIT,RB,15,857333,False,UDFA,Rookie deal,2022,0,0,0,511,1,38,310,0,,,-14.2430152464454,1.69962213867774,0,0,47,120,0,1,0,0,460,989000,985000,https://overthecap.com/player/jaylen-warren/10552/,https://github.com/nflverse/nflverse-data/releases/download/stats_player/stats_player_reg_2024.csv,2026-09-28
00-0039874,Jaylen Wright,2024,MIA,RB,13,1195005,False,Drafted,Rookie deal,2024,0,0,0,249,0,3,8,0,,,-20.3124552579829,-2.86759093113049,0,0,6,68,0,1,0,0,568,985005,1555020,https://overthecap.com/player/jaylen-wright/11728/,https://github.com/nflverse/nflverse-data/releases/download/stats_player/stats_player_reg_2024.csv,2026-09-28
00-0034115,Jeff Wilson,2024,MIA,RB,7,1750000,False,Other,Unknown,2024,0,0,0,57,0,3,19,0,,,-4.62643494537559,0.541619452880696,0,0,3,16,0,0,0,0,568,2398677,1597059,https://overthecap.com/player/jeff-wilson/7633/,https://github.com/nflverse/nflverse-data/releases/download/stats_player/stats_player_reg_2024.csv,2026-09-28
00-0033955,Jeremy McNichols,2024,WAS,RB,15,1125000,False,SFA,Veteran deal,2024,0,0,0,261,4,9,27,0,,,8.9882832524157,-1.28312460356392,0,0,12,55,0,0,0,0,504,985000,1125000,https://overthecap.com/player/jeremy-mcnichols/5748/,https://github.com/nflverse/nflverse-data/releases/download/stats_player/stats_player_reg_2024.csv,2026-09-28
00-0036670,Jermar Jefferson,2024,DET,RB,2,915000,False,SFA,Veteran deal,2024,0,0,0,22,0,1,10,0,,,-0.785035908455029,0.488208144903183,0,0,1,6,0,0,0,0,522,301666,301666,https://overthecap.com/player/jermar-jefferson/9721/,https://github.com/nflverse/nflverse-data/releases/download/stats_player/stats_player_reg_2024.csv,2026-09-28
00-0037267,Jerome Ford,2024,CLE,RB,14,995537,False,Drafted,Rookie deal,2022,0,0,0,565,3,37,225,0,,,5.03220676237048,-4.88746675186396,0,0,43,104,0,0,0,0,634,1065537,985000,https://overthecap.com/player/jerome-ford/10201/,https://github.com/nflverse/nflverse-data/releases/download/stats_player/stats_player_reg_2024.csv,2026-09-28
00-0033897,Joe Mixon,2024,HOU,RB,14,9875000,False,Extension,Veteran deal,2024,0,0,0,1016,11,36,309,1,-0.726145962660667,-36.2447440624237,-15.1157628042949,3.02448383917376,1,0,52,245,0,0,0,0,547,5500000,9411765,https://overthecap.com/player/joe-mixon/5634/,https://github.com/nflverse/nflverse-data/releases/download/stats_player/stats_player_reg_2024.csv,2026-09-28
00-0036223,Jonathan Taylor,2024,IND,RB,14,14000000,False,Extension,Veteran deal,2023,0,0,0,1431,11,18,136,1,,,-22.909317083567,-11.736475287762,0,0,31,303,0,1,0,0,492,10786000,8224000,https://overthecap.com/player/jonathan-taylor/8781/,https://github.com/nflverse/nflverse-data/releases/download/stats_player/stats_player_reg_2024.csv,2026-09-28
00-0035924,Jonathan Ward,2024,PIT,RB,4,1125000,False,SFA,Veteran deal,2024,0,0,0,22,0,0,0,0,,,0.204633340588771,,0,0,0,5,0,0,0,0,460,85200,85200,https://overthecap.com/player/jonathan-ward/9400/,https://github.com/nflverse/nflverse-data/releases/download/stats_player/stats_player_reg_2024.csv,2026-09-28
00-0039344,Jonathon Brooks,2024,CAR,RB,3,2104271,False,Drafted,Rookie deal,2024,0,0,0,22,0,3,23,0,,,-2.77792557136854,1.45662581454963,0,0,3,9,0,0,0,0,518,1530378,3736512,https://overthecap.com/player/jonathon-brooks/11654/,https://github.com/nflverse/nflverse-data/releases/download/stats_player/stats_player_reg_2024.csv,2026-09-28
00-0037525,Jordan Mason,2024,SF,RB,12,853333,False,UDFA,Rookie deal,2022,0,0,0,789,3,11,91,0,,,-5.44239982114776,4.62849087317591,0,0,14,153,0,1,0,0,513,859167,855833,https://overthecap.com/player/jordan-mason/10413/,https://github.com/nflverse/nflverse-data/releases/download/stats_player/stats_player_reg_2024.csv,2026-09-28
00-0038678,Jordan Mims,2024,NO,RB,8,877500,False,SFA,Veteran deal,2024,0,0,0,70,0,12,71,0,,,-3.17677546018967,-7.65832852014243,0,0,18,20,0,0,0,0,517,441667,441667,https://overthecap.com/player/jordan-mims/11422/,https://github.com/nflverse/nflverse-data/releases/download/stats_player/stats_player_reg_2024.csv,2026-09-28
00-0035700,Josh Jacobs,2024,GB,RB,17,12000000,False,UFA,Veteran deal,2024,0,0,0,1329,15,36,342,1,,,-20.2093356380958,3.26284472386551,0,0,43,301,0,3,0,0,464,5395588,14800000,https://overthecap.com/player/josh-jacobs/7815/,https://github.com/nflverse/nflverse-data/releases/download/stats_player/stats_player_reg_2024.csv,2026-09-28
00-0036370,Joshua Kelley,2024,TEN,RB,1,1125000,False,SFA,Veteran deal,2024,0,0,0,2,0,0,0,0,,,-0.386650822241791,,0,0,0,1,0,0,0,0,507,547222,625000,https://overthecap.com/player/joshua-kelley/8852/,https://github.com/nflverse/nflverse-data/releases/download/stats_player/stats_player_reg_2024.csv,2026-09-28
00-0037594,Julius Chestnut,2024,TEN,RB,12,985000,False,ERFA,Veteran deal,2024,0,0,0,102,0,2,11,0,,,-3.37659132086965,-4.59023137687473,0,0,3,22,0,0,0,0,507,985000,985000,https://overthecap.com/player/julius-chestnut/10729/,https://github.com/nflverse/nflverse-data/releases/download/stats_player/stats_player_reg_2024.csv,2026-09-28
00-0034975,Justice Hill,2024,BAL,RB,15,3000000,False,Extension,Veteran deal,2024,0,0,0,228,1,42,383,3,,,0.719148058211431,14.125376755955,0,0,51,47,0,0,0,0,457,2666667,3500000,https://overthecap.com/player/justice-hill/7904/,https://github.com/nflverse/nflverse-data/releases/download/stats_player/stats_player_reg_2024.csv,2026-09-28
00-0033923,Kareem Hunt,2024,KC,RB,13,1210000,False,SFA,Veteran deal,2024,0,0,0,728,7,23,176,0,,,2.14838763138452,3.01721286717764,0,0,32,200,0,0,0,0,572,820833,1008333,https://overthecap.com/player/kareem-hunt/5672/,https://github.com/nflverse/nflverse-data/releases/download/stats_player/stats_player_reg_2024.csv,2026-09-28
00-0036450,Ke'Shawn Vaughn,2024,SF,RB,1,1125000,False,SFA,Veteran deal,2024,0,0,0,4,0,0,0,0,,,-0.63253441057168,,0,0,0,2,0,0,0,0,513,197766,221100,https://overthecap.com/player/keshawn-vaughn/8816/,https://github.com/nflverse/nflverse-data/releases/download/stats_player/stats_player_reg_2024.csv,2026-09-28
00-0037299,Keaontay Ingram,2024,KC,RB,1,985000,False,SFA,Veteran deal,2024,0,0,0,0,0,0,0,0,,,,,0,0,0,0,0,0,0,0,572,187500,187500,https://overthecap.com/player/keaontay-ingram/10246/,https://github.com/nflverse/nflverse-data/releases/download/stats_player/stats_player_reg_2024.csv,2026-09-28
00-0038454,Keaton Mitchell,2024,BAL,RB,4,904333,False,UDFA,Rookie deal,2023,0,0,0,30,0,1,28,0,,,-5.21328950952739,1.14997715229401,0,0,1,15,0,0,0,0,457,711000,705000,https://overthecap.com/player/keaton-mitchell/11264/,https://github.com/nflverse/nflverse-data/releases/download/stats_player/stats_player_reg_2024.csv,2026-09-28
00-0039385,Keilan Robinson,2024,JAX,RB,1,1075489,False,Drafted,Rookie deal,2024,0,0,0,0,0,0,0,0,,,,,0,0,0,0,0,0,0,0,522,666489,878345,https://overthecap.com/player/keilan-robinson/11775/,https://github.com/nflverse/nflverse-data/releases/download/stats_player/stats_player_reg_2024.csv,2026-09-28
00-0038551,Kendre Miller,2024,NO,RB,6,1413578,False,Drafted,Rookie deal,2023,0,0,0,148,1,5,33,0,,,-5.37066567892907,-0.583767805423122,0,0,8,39,0,0,0,0,517,1285071,1007014,https://overthecap.com/player/kendre-miller/10895/,https://github.com/nflverse/nflverse-data/releases/download/stats_player/stats_player_reg_2024.csv,2026-09-28
00-0036842,Kene Nwangwu,2024,NYJ,RB,2,1055000,False,SFA,Veteran deal,2024,0,0,0,0,0,0,0,0,,,,,0,0,0,0,0,0,0,0,589,179723,179723,https://overthecap.com/player/kene-nwangwu/9583/,https://github.com/nflverse/nflverse-data/releases/download/stats_player/stats_player_reg_2024.csv,2026-09-28
00-0038134,Kenneth Walker III,2024,SEA,RB,11,2110395,False,Drafted,Rookie deal,2022,0,0,0,573,7,46,299,1,,,-12.1427636038239,4.87656507851286,0,0,53,153,0,0,0,0,569,2302249,1472416,https://overthecap.com/player/kenneth-walker-iii/10086/,https://github.com/nflverse/nflverse-data/releases/download/stats_player/stats_player_reg_2024.csv,2026-09-28
00-0036919,Kenny Gainwell,2024,PHI,RB,17,953881,False,Drafted,Rookie deal,2021,0,0,0,290,1,16,116,0,,,-11.4995123976042,2.34929909490165,0,0,22,75,0,0,0,0,418,1138881,1055000,https://overthecap.com/player/kenneth-gainwell/9614/,https://github.com/nflverse/nflverse-data/releases/download/stats_player/stats_player_reg_2024.csv,2026-09-28
00-0038636,Kenny McIntosh,2024,SEA,RB,11,982646,False,Drafted,Rookie deal,2023,0,0,0,172,0,3,22,0,,,1.48807978018885,-0.404057139356155,0,0,4,31,0,0,0,0,569,937713,915000,https://overthecap.com/player/kenny-mcintosh/11061/,https://github.com/nflverse/nflverse-data/releases/download/stats_player/stats_player_reg_2024.csv,2026-09-28
00-0039391,Kimani Vidal,2024,LAC,RB,9,1056859,False,Drafted,Rookie deal,2024,0,0,0,155,0,5,62,1,,,-8.4080203021891,1.76164651836734,0,0,9,43,0,0,0,0,491,846859,1002436,https://overthecap.com/player/kimani-vidal/11789/,https://github.com/nflverse/nflverse-data/releases/download/stats_player/stats_player_reg_2024.csv,2026-09-28
00-0037840,Kyren Williams,2024,LA,RB,16,992602,False,Drafted,Rookie deal,2022,0,0,0,1299,14,34,182,2,,,-23.5325427445658,-2.92234490951628,0,0,40,316,0,3,0,0,541,1062602,985000,https://overthecap.com/player/kyren-williams/10209/,https://github.com/nflverse/nflverse-data/releases/download/stats_player/stats_player_reg_2024.csv,2026-09-28
00-0039811,MarShawn Lloyd,2024,GB,RB,1,1422130,False,Drafted,Rookie deal,2024,0,0,0,15,0,1,3,0,,,-1.80517367087305,-0.234166648471728,0,0,1,6,0,0,0,0,464,745387,1463215,https://overthecap.com/player/marshawn-lloyd/11696/,https://github.com/nflverse/nflverse-data/releases/download/stats_player/stats_player_reg_2024.csv,2026-09-28
00-0036924,Michael Carter,2024,ARI,RB,3,1187500,False,SFA,Veteran deal,2024,0,0,0,131,1,11,57,0,,,-0.478533695780356,0.957828634709585,0,0,11,35,0,0,0,0,523,108611,158611,https://overthecap.com/player/michael-carter/9571/,https://github.com/nflverse/nflverse-data/releases/download/stats_player/stats_player_reg_2024.csv,2026-09-28
00-0034208,Mike Boone,2024,CAR,RB,5,1125000,False,SFA,Veteran deal,2024,0,0,0,51,0,1,-2,0,,,-0.974716876691673,-3.89994317345554,0,0,3,13,0,0,0,0,518,109444,125000,https://overthecap.com/player/mike-boone/7454/,https://github.com/nflverse/nflverse-data/releases/download/stats_player/stats_player_reg_2024.csv,2026-09-28
00-0035243,Miles Sanders,2024,CAR,RB,11,6350000,False,UFA,Veteran deal,2023,0,0,0,205,2,24,148,1,,,-8.65984749678165,-17.5325809041937,0,0,30,55,0,0,0,0,518,7695000,6220000,https://overthecap.com/player/miles-sanders/7844/,https://github.com/nflverse/nflverse-data/releases/download/stats_player/stats_player_reg_2024.csv,2026-09-28
00-0036893,Najee Harris,2024,PIT,RB,17,3261861,False,Drafted,Rookie deal,2021,0,0,0,1043,6,36,283,0,,,-16.9647778196959,4.22992975561647,0,0,48,263,0,0,0,0,460,4151460,2439198,https://overthecap.com/player/najee-harris/9488/,https://github.com/nflverse/nflverse-data/releases/download/stats_player/stats_player_reg_2024.csv,2026-09-28
00-0034791,Nick Chubb,2024,CLE,RB,8,2275000,False,Other,Unknown,2024,0,0,0,332,3,5,31,1,,,-20.5745782894754,-16.3173571868101,0,0,11,102,0,1,0,0,634,6275000,3572917,https://overthecap.com/player/nick-chubb/6920/,https://github.com/nflverse/nflverse-data/releases/download/stats_player/stats_player_reg_2024.csv,2026-09-28
00-0033376,Patrick Ricard,2024,BAL,RB,10,3750000,False,UFA,Veteran deal,2022,0,0,0,0,0,3,22,1,,,,1.96076797088608,0,0,5,0,0,0,0,0,457,5155000,4000000,https://overthecap.com/player/patrick-ricard/6036/,https://github.com/nflverse/nflverse-data/releases/download/stats_player/stats_player_reg_2024.csv,2026-09-28
00-0035973,Patrick Taylor,2024,SF,RB,7,1055000,False,SFA,Veteran deal,2024,0,0,0,183,1,3,25,0,,,1.19286832962837,-10.1569419174921,0,0,11,39,0,0,0,0,513,293056,293056,https://overthecap.com/player/patrick-taylor/9152/,https://github.com/nflverse/nflverse-data/releases/download/stats_player/stats_player_reg_2024.csv,2026-09-28
00-0038098,Pierre Strong,2024,CLE,RB,13,1093357,False,Drafted,Rookie deal,2022,0,0,0,108,0,14,104,0,,,-1.51613372412976,-2.74923973012717,0,0,22,26,0,0,0,0,634,985000,985000,https://overthecap.com/player/pierre-strong-jr/10172/,https://github.com/nflverse/nflverse-data/releases/download/stats_player/stats_player_reg_2024.csv,2026-09-28
00-0037256,Rachaad White,2024,TB,RB,15,1282500,False,Drafted,Rookie deal,2022,0,0,0,613,3,51,393,6,,,-15.7094108379432,11.2300880030919,0,0,57,144,0,2,0,1,563,1399091,1171364,https://overthecap.com/player/rachaad-white/10136/,https://github.com/nflverse/nflverse-data/releases/download/stats_player/stats_player_reg_2024.csv,2026-09-28
00-0037429,Raheem Blackshear,2024,CAR,RB,16,985000,False,ERFA,Veteran deal,2024,0,0,0,80,0,0,0,0,,,-0.66176023427397,,0,0,0,15,0,0,0,0,518,985000,985000,https://overthecap.com/player/raheem-blackshear/10677/,https://github.com/nflverse/nflverse-data/releases/download/stats_player/stats_player_reg_2024.csv,2026-09-28
00-0031687,Raheem Mostert,2024,MIA,RB,13,4130000,False,Extension,Veteran deal,2024,0,0,0,278,2,19,161,0,,,-30.1994221058003,11.0457581063918,0,0,23,85,0,2,0,0,568,3401177,3692353,https://overthecap.com/player/raheem-mostert/4146/,https://github.com/nflverse/nflverse-data/releases/download/stats_player/stats_player_reg_2024.csv,2026-09-28
00-0039796,Rasheen Ali,2024,BAL,RB,5,1077467,False,Drafted,Rookie deal,2024,0,0,0,31,0,0,0,0,,,-1.15656615432818,-0.796130052302033,0,0,2,10,0,0,0,0,457,777189,994590,https://overthecap.com/player/rasheen-ali/11773/,https://github.com/nflverse/nflverse-data/releases/download/stats_player/stats_player_reg_2024.csv,2026-09-28
00-0039875,Ray Davis,2024,BUF,RB,17,1183297,False,Drafted,Rookie deal,2024,0,0,0,442,3,17,189,3,,,-5.58636846957784,14.8789281111676,0,0,19,113,0,0,0,0,495,973297,1508188,https://overthecap.com/player/ray-davis/11736/,https://github.com/nflverse/nflverse-data/releases/download/stats_player/stats_player_reg_2024.csv,2026-09-28
00-0036187,Reggie Gilliam,2024,BUF,RB,7,2300000,False,Extension,Veteran deal,2022,0,0,0,7,0,0,0,0,,,-0.424517516599735,,0,0,0,3,0,0,0,0,495,2232334,1893000,https://overthecap.com/player/reggie-gilliam/9365/,https://github.com/nflverse/nflverse-data/releases/download/stats_player/stats_player_reg_2024.csv,2026-09-28
00-0036875,Rhamondre Stevenson,2024,NE,RB,15,9000000,False,Extension,Veteran deal,2024,0,0,0,801,7,33,168,1,,,-37.8557529582252,7.38568738250146,0,0,41,207,0,3,0,0,500,4903265,11116000,https://overthecap.com/player/rhamondre-stevenson/9584/,https://github.com/nflverse/nflverse-data/releases/download/stats_player/stats_player_reg_2024.csv,2026-09-28
00-0036139,Rico Dowdle,2024,DAL,RB,16,1255000,False,UFA,Veteran deal,2024,0,0,0,1079,2,39,249,3,,,-10.528278699356,4.31508568721293,0,0,49,235,0,2,0,0,622,1255000,1255000,https://overthecap.com/player/rico-dowdle/9346/,https://github.com/nflverse/nflverse-data/releases/download/stats_player/stats_player_reg_2024.csv,2026-09-28
00-0037557,Ronnie Rivers,2024,LA,RB,6,985000,False,ERFA,Veteran deal,2024,0,0,0,99,0,5,34,0,,,2.9490529182076,-0.510779338132124,0,0,6,22,0,0,0,0,541,985000,985000,https://overthecap.com/player/ronnie-rivers/10408/,https://github.com/nflverse/nflverse-data/releases/download/stats_player/stats_player_reg_2024.csv,2026-09-28
00-0039021,Roschon Johnson,2024,CHI,RB,13,1152172,False,Drafted,Rookie deal,2023,0,0,0,150,6,16,104,0,,,-4.45237365386586,6.61026124769705,0,0,20,55,0,0,0,0,526,1107172,915000,https://overthecap.com/player/roschon-johnson/10939/,https://github.com/nflverse/nflverse-data/releases/download/stats_player/stats_player_reg_2024.csv,2026-09-28
00-0033526,Samaje Perine,2024,KC,RB,17,1500000,False,SFA,Veteran deal,2024,0,0,0,92,1,28,322,1,,,-0.689731989438728,14.7609879696156,0,0,35,20,0,0,0,0,572,1500000,1500000,https://overthecap.com/player/samaje-perine/5700/,https://github.com/nflverse/nflverse-data/releases/download/stats_player/stats_player_reg_2024.csv,2026-09-28
00-0034844,Saquon Barkley,2024,PHI,RB,16,12583333,False,UFA,Veteran deal,2024,0,0,0,2005,13,33,278,2,-1.65995322052973,,37.2586371858077,12.2025344695754,0,1,43,345,0,1,0,0,418,3800000,15000000,https://overthecap.com/player/saquon-barkley/6887/,https://github.com/nflverse/nflverse-data/releases/download/stats_player/stats_player_reg_2024.csv,2026-09-28
00-0038951,Sean Tucker,2024,TB,RB,17,900000,False,UDFA,Rookie deal,2023,0,0,0,308,2,9,109,1,,,10.127416212595,7.42004849683144,0,0,12,50,0,0,0,0,563,916666,915000,https://overthecap.com/player/sean-tucker/11542/,https://github.com/nflverse/nflverse-data/releases/download/stats_player/stats_player_reg_2024.csv,2026-09-28
00-0037509,Sincere McCormick,2024,LV,RB,4,877500,False,SFA,Veteran deal,2024,0,0,0,183,0,6,29,0,,,0.447879384562839,-0.8935149537283,0,0,7,39,0,0,0,0,592,166666,166666,https://overthecap.com/player/sincere-mccormick/10663/,https://github.com/nflverse/nflverse-data/releases/download/stats_player/stats_player_reg_2024.csv,2026-09-28
00-0039364,Sione Vaki,2024,DET,RB,9,1137177,False,Drafted,Rookie deal,2024,0,0,0,14,0,3,37,0,,,-3.17468072671909,4.23394171020482,0,0,3,6,0,0,0,0,522,927177,1323708,https://overthecap.com/player/sione-vaki/11740/,https://github.com/nflverse/nflverse-data/releases/download/stats_player/stats_player_reg_2024.csv,2026-09-28
00-0038555,Tank Bigsby,2024,JAX,RB,16,1348230,False,Drafted,Rookie deal,2023,0,0,0,766,7,7,54,0,,,-0.84089315052433,-2.84954458358698,0,0,12,168,0,1,0,0,522,1225663,995133,https://overthecap.com/player/tank-bigsby/10912/,https://github.com/nflverse/nflverse-data/releases/download/stats_player/stats_player_reg_2024.csv,2026-09-28
00-0039757,Terrell Jennings,2024,NE,RB,2,877500,False,SFA,Veteran deal,2024,0,0,0,33,0,0,0,0,,,-3.98449113772677,-0.752186933532357,0,0,1,13,0,0,0,0,500,132500,132500,https://overthecap.com/player/terrell-jennings/12285/,https://github.com/nflverse/nflverse-data/releases/download/stats_player/stats_player_reg_2024.csv,2026-09-28
00-0035860,Tony Jones,2024,ARI,RB,1,1055000,False,SFA,Veteran deal,2024,0,0,0,55,1,0,0,0,,,2.86425752664218,,0,0,0,4,0,0,0,0,523,50400,50400,https://overthecap.com/player/tony-jones/9384/,https://github.com/nflverse/nflverse-data/releases/download/stats_player/stats_player_reg_2024.csv,2026-09-28
00-0035261,Tony Pollard,2024,TEN,RB,16,7250000,False,UFA,Veteran deal,2024,0,0,0,1079,5,41,238,0,,,-26.1811533806673,-14.4346104260767,0,0,57,260,0,2,0,0,507,4000000,8000000,https://overthecap.com/player/tony-pollard/7919/,https://github.com/nflverse/nflverse-data/releases/download/stats_player/stats_player_reg_2024.csv,2026-09-28
00-0036973,Travis Etienne,2024,JAX,RB,15,3224528,False,Drafted,Rookie deal,2021,0,0,0,558,2,39,254,0,,,-26.5625049911323,-4.94261641475348,0,0,52,150,0,1,0,0,522,4103945,2418834,https://overthecap.com/player/travis-etienne/9489/,https://github.com/nflverse/nflverse-data/releases/download/stats_player/stats_player_reg_2024.csv,2026-09-28
00-0035594,Travis Homer,2024,CHI,RB,8,2000000,False,UFA,Veteran deal,2023,0,0,0,23,0,3,11,0,,,0.101053662772756,-0.853370993980207,0,0,3,6,0,0,0,0,526,2110294,1832353,https://overthecap.com/player/travis-homer/7995/,https://github.com/nflverse/nflverse-data/releases/download/stats_player/stats_player_reg_2024.csv,2026-09-28
00-0035291,Trayveon Williams,2024,CIN,RB,5,1125000,False,SFA,Veteran deal,2024,0,0,0,0,0,0,0,0,,,,,0,0,0,0,0,0,0,0,628,985000,1125000,https://overthecap.com/player/trayveon-williams/7973/,https://github.com/nflverse/nflverse-data/releases/download/stats_player/stats_player_reg_2024.csv,2026-09-28
00-0039921,Trey Benson,2024,ARI,RB,12,1514902,False,Drafted,Rookie deal,2024,0,0,0,291,1,6,59,0,,,-4.97101015778026,3.10383117327001,0,0,6,63,0,0,0,0,523,1101746,2021984,https://overthecap.com/player/trey-benson/11674/,https://github.com/nflverse/nflverse-data/releases/download/stats_player/stats_player_reg_2024.csv,2026-09-28
00-0036984,Trey Sermon,2024,IND,RB,15,1055000,False,ERFA,Veteran deal,2024,0,0,0,159,2,16,99,0,,,-11.2412899742813,-5.47003173385129,0,0,19,56,0,0,0,0,492,1055000,1055000,https://overthecap.com/player/trey-sermon/9552/,https://github.com/nflverse/nflverse-data/releases/download/stats_player/stats_player_reg_2024.csv,2026-09-28
00-0037456,Troy Hairston,2024,HOU,RB,2,861667,False,UDFA,Rookie deal,2022,0,0,0,0,0,0,0,0,,,,,0,0,0,0,0,0,0,0,547,301667,301667,https://overthecap.com/player/troy-hairston-ii/10364/,https://github.com/nflverse/nflverse-data/releases/download/stats_player/stats_player_reg_2024.csv,2026-09-28
00-0037276,Ty Chandler,2024,MIN,RB,14,989711,False,Drafted,Rookie deal,2022,0,0,0,182,0,6,42,0,-0.598491671553347,,-10.5012458211657,2.10261043993523,0,1,6,56,0,0,0,0,517,1059711,985000,https://overthecap.com/player/ty-chandler/10214/,https://github.com/nflverse/nflverse-data/releases/download/stats_player/stats_player_reg_2024.csv,2026-09-28
00-0035537,Ty Johnson,2024,BUF,RB,17,1292500,False,UFA,Veteran deal,2024,0,0,0,213,1,18,284,3,,,0.667901443492156,23.4019209586754,0,0,25,41,0,0,0,0,495,1152500,1292500,https://overthecap.com/player/ty-johnson/7977/,https://github.com/nflverse/nflverse-data/releases/download/stats_player/stats_player_reg_2024.csv,2026-09-28
00-0039032,Tyjae Spears,2024,TEN,RB,12,1372651,False,Drafted,Rookie deal,2023,0,0,0,312,4,30,224,1,,,-4.82757510938391,-1.51825323239476,0,0,35,84,0,0,0,0,507,1247864,999573,https://overthecap.com/player/tyjae-spears/10905/,https://github.com/nflverse/nflverse-data/releases/download/stats_player/stats_player_reg_2024.csv,2026-09-28
00-0037263,Tyler Allgeier,2024,ATL,RB,17,998472,False,Drafted,Rookie deal,2022,0,0,0,644,3,13,88,0,,,5.48500247550139,3.43049141039462,0,0,13,137,0,0,0,0,539,1068472,985000,https://overthecap.com/player/tyler-allgeier/10196/,https://github.com/nflverse/nflverse-data/releases/download/stats_player/stats_player_reg_2024.csv,2026-09-28
00-0037085,Tyler Badie,2024,DEN,RB,3,877500,False,SFA,Veteran deal,2024,0,0,0,86,0,3,-2,0,,,2.00028767611366,-5.94098291517003,0,0,3,11,0,0,0,1,549,409722,409722,https://overthecap.com/player/tyler-badie/10241/,https://github.com/nflverse/nflverse-data/releases/download/stats_player/stats_player_reg_2024.csv,2026-09-28
00-0037120,Tyler Goodson,2024,IND,RB,14,832500,False,SFA,Veteran deal,2023,0,0,0,153,1,11,61,1,,,2.6876475440641,1.30377332802163,0,0,15,32,0,0,0,0,492,915000,915000,https://overthecap.com/player/tyler-goodson/10443/,https://github.com/nflverse/nflverse-data/releases/download/stats_player/stats_player_reg_2024.csv,2026-09-28
00-0037827,Tyrion Davis-Price,2024,PHI,RB,1,1100000,False,SFA,Veteran deal,2024,0,0,0,7,0,0,0,0,,,-1.85095043038018,,0,0,0,3,0,0,0,0,418,267222,267222,https://overthecap.com/player/tyrion-davis-price/10138/,https://github.com/nflverse/nflverse-data/releases/download/stats_player/stats_player_reg_2024.csv,2026-09-28
00-0039384,Tyrone Tracy Jr.,2024,NYG,RB,17,1076588,False,Drafted,Rookie deal,2024,0,0,0,839,5,38,284,1,,,-20.7138662948379,-5.86965075910837,0,0,53,192,0,2,0,0,554,866588,1081352,https://overthecap.com/player/tyrone-tracy-jr/11774/,https://github.com/nflverse/nflverse-data/releases/download/stats_player/stats_player_reg_2024.csv,2026-09-28
00-0039746,Will Shipley,2024,PHI,RB,13,1184241,False,Drafted,Rookie deal,2024,0,0,0,82,0,4,35,0,,,-8.36576876726124,2.29939720591591,0,0,4,30,0,0,0,0,418,974241,1511964,https://overthecap.com/player/will-shipley/11735/,https://github.com/nflverse/nflverse-data/releases/download/stats_player/stats_player_reg_2024.csv,2026-09-28
00-0039165,Zach Charbonnet,2024,SEA,RB,17,1719020,False,Drafted,Rookie deal,2023,0,0,0,569,8,42,340,1,,,-11.2815887777578,-7.44210262126764,0,0,52,135,0,0,0,0,569,1562745,1062549,https://overthecap.com/player/zach-charbonnet/10876/,https://github.com/nflverse/nflverse-data/releases/download/stats_player/stats_player_reg_2024.csv,2026-09-28
00-0036251,Zack Moss,2024,CIN,RB,8,4000000,False,UFA,Veteran deal,2024,0,0,0,242,2,23,187,1,,,-19.9914885412394,12.6665442464291,0,0,27,74,0,1,0,0,628,2972059,4366176,https://overthecap.com/player/zack-moss/8826/,https://github.com/nflverse/nflverse-data/releases/download/stats_player/stats_player_reg_2024.csv,2026-09-28
00-0038040,Zamir White,2024,LV,RB,8,1100981,False,Drafted,Rookie deal,2022,0,0,0,183,1,6,30,0,,,-36.2881887777818,-2.24914509427354,0,0,8,65,0,2,0,0,592,1170981,985000,https://overthecap.com/player/zamir-white/10167/,https://github.com/nflverse/nflverse-data/releases/download/stats_player/stats_player_reg_2024.csv,2026-09-28
00-0039793,AJ Barner,2024,SEA,TE,15,1193777,False,Drafted,Rookie deal,2024,0,0,0,0,0,30,245,4,,,,11.0866415139171,0,0,38,0,0,0,0,0,569,983777,1550108,https://overthecap.com/player/a-j-barner/11729/,https://github.com/nflverse/nflverse-data/releases/download/stats_player/stats_player_reg_2024.csv,2026-09-28
00-0036422,Adam Trautman,2024,DEN,TE,13,3750000,False,UFA,Veteran deal,2024,0,0,0,0,0,13,188,2,,,,5.87360774775152,0,0,22,0,0,0,0,0,549,3000000,4500000,https://overthecap.com/player/adam-trautman/8845/,https://github.com/nflverse/nflverse-data/releases/download/stats_player/stats_player_reg_2024.csv,2026-09-28
00-0037292,Andrew Ogletree,2024,IND,TE,12,959548,False,Drafted,Rookie deal,2022,0,0,0,0,0,9,109,1,,,,1.29176330126938,0,0,14,0,0,0,0,0,492,959548,915000,https://overthecap.com/player/andrew-ogletree/10237/,https://github.com/nflverse/nflverse-data/releases/download/stats_player/stats_player_reg_2024.csv,2026-09-28
00-0032392,Austin Hooper,2024,NE,TE,17,3000000,False,UFA,Veteran deal,2024,0,0,0,0,0,45,476,3,,,,12.7047326869698,0,0,59,0,0,0,0,1,500,3125000,3375000,https://overthecap.com/player/austin-hooper/4794/,https://github.com/nflverse/nflverse-data/releases/download/stats_player/stats_player_reg_2024.csv,2026-09-28
00-0039316,Baylor Cupp,2024,KC,TE,1,945833,False,UDFA,Rookie deal,2024,0,0,0,0,0,0,0,0,,,,-0.678179833921604,0,0,1,0,0,0,0,0,572,256667,256667,https://overthecap.com/player/baylor-cupp/11893/,https://github.com/nflverse/nflverse-data/releases/download/stats_player/stats_player_reg_2024.csv,2026-09-28
00-0038809,Ben Sims,2024,GB,TE,4,901667,False,UDFA,Rookie deal,2023,0,0,0,0,0,4,42,0,,,,2.15426767402096,0,0,5,0,0,0,0,0,464,915000,915000,https://overthecap.com/player/ben-sims/11108/,https://github.com/nflverse/nflverse-data/releases/download/stats_player/stats_player_reg_2024.csv,2026-09-28
00-0039912,Ben Sinnott,2024,WAS,TE,7,1806988,False,Drafted,Rookie deal,2024,0,0,0,0,0,5,28,1,,,,1.44948668213328,0,0,5,0,0,0,0,0,504,1314173,2871692,https://overthecap.com/player/ben-sinnott/11661/,https://github.com/nflverse/nflverse-data/releases/download/stats_player/stats_player_reg_2024.csv,2026-09-28
00-0038710,Blake Whiteheart,2024,CLE,TE,7,915000,False,SFA,Veteran deal,2024,0,0,0,0,0,6,51,1,,,,-3.7565755097894,0,0,9,0,0,0,0,0,634,305000,305000,https://overthecap.com/player/blake-whiteheart/11201/,https://github.com/nflverse/nflverse-data/releases/download/stats_player/stats_player_reg_2024.csv,2026-09-28
00-0038643,Brayden Willis,2024,SF,TE,5,915000,False,SFA,Veteran deal,2024,0,0,0,0,0,0,0,0,,,,-1.44614098226884,0,0,2,0,0,0,0,0,513,660833,660833,https://overthecap.com/player/brayden-willis/11071/,https://github.com/nflverse/nflverse-data/releases/download/stats_player/stats_player_reg_2024.csv,2026-09-28
00-0039458,Brenden Bates,2024,CLE,TE,1,877500,False,SFA,Veteran deal,2024,0,0,0,0,0,0,0,0,,,,-0.801100357901305,0,0,1,0,0,0,0,0,634,132500,132500,https://overthecap.com/player/brenden-bates/11904/,https://github.com/nflverse/nflverse-data/releases/download/stats_player/stats_player_reg_2024.csv,2026-09-28
00-0038935,Brenton Strange,2024,JAX,TE,14,1528586,False,Drafted,Rookie deal,2023,0,0,0,0,0,40,411,2,,,,18.9472138588974,0,0,53,0,0,0,0,1,522,1389623,1027925,https://overthecap.com/player/brenton-strange/10885/,https://github.com/nflverse/nflverse-data/releases/download/stats_player/stats_player_reg_2024.csv,2026-09-28
00-0036556,Brevin Jordan,2024,HOU,TE,2,2100000,False,Extension,Veteran deal,2024,0,0,0,0,0,2,7,0,,,,1.45120431156829,0,0,3,0,0,0,0,0,547,1293046,1355000,https://overthecap.com/player/brevin-jordan/9611/,https://github.com/nflverse/nflverse-data/releases/download/stats_player/stats_player_reg_2024.csv,2026-09-28
00-0039530,Brevyn Spann-Ford,2024,DAL,TE,11,950000,False,UDFA,Rookie deal,2024,0,0,0,0,0,9,88,0,,,,1.33205619949149,0,0,14,0,0,0,0,0,622,801666,815000,https://overthecap.com/player/brevyn-spann-ford/11906/,https://github.com/nflverse/nflverse-data/releases/download/stats_player/stats_player_reg_2024.csv,2026-09-28
00-0039338,Brock Bowers,2024,LV,TE,17,4534696,False,Drafted,Rookie deal,2024,0,0,0,13,0,112,1194,5,,,-0.862252210732549,27.1055814055351,0,0,153,5,0,0,0,0,592,3297961,10806844,https://overthecap.com/player/brock-bowers/11621/,https://github.com/nflverse/nflverse-data/releases/download/stats_player/stats_player_reg_2024.csv,2026-09-28
00-0036754,Brock Wright,2024,DET,TE,11,4000000,False,RFA,Veteran deal,2024,0,0,0,0,0,13,100,2,,,,3.07957599830115,0,0,16,0,0,0,0,0,522,1764000,4600000,https://overthecap.com/player/brock-wright/9878/,https://github.com/nflverse/nflverse-data/releases/download/stats_player/stats_player_reg_2024.csv,2026-09-28
00-0032134,C.J. Uzomah,2024,PHI,TE,2,1210000,False,SFA,Veteran deal,2024,0,0,0,0,0,0,0,0,,,,,0,0,0,0,0,0,0,0,418,247778,303333,https://overthecap.com/player/c-j-uzomah/4005/,https://github.com/nflverse/nflverse-data/releases/download/stats_player/stats_player_reg_2024.csv,2026-09-28
00-0038129,Cade Otton,2024,TB,TE,14,1130985,False,Drafted,Rookie deal,2022,0,0,0,-4,0,59,600,4,,,-1.31581017374992,12.5326922788946,0,0,87,1,0,0,0,1,563,1193485,985000,https://overthecap.com/player/cade-otton/10151/,https://github.com/nflverse/nflverse-data/releases/download/stats_player/stats_player_reg_2024.csv,2026-09-28
00-0039359,Cade Stover,2024,HOU,TE,14,1189734,False,Drafted,Rookie deal,2024,0,0,0,0,0,15,133,1,,,,4.62333618174307,0,0,22,0,0,0,0,0,547,979734,1533936,https://overthecap.com/player/cade-stover/11731/,https://github.com/nflverse/nflverse-data/releases/download/stats_player/stats_player_reg_2024.csv,2026-09-28
00-0039631,Cam Grandy,2024,CIN,TE,4,795000,False,SFA,Veteran deal,2024,0,0,0,0,0,5,28,0,,,,2.77874316496309,0,0,5,0,0,0,0,0,628,353333,353333,https://overthecap.com/player/cam-grandy/11915/,https://github.com/nflverse/nflverse-data/releases/download/stats_player/stats_player_reg_2024.csv,2026-09-28
00-0038046,Charlie Kolar,2024,BAL,TE,10,1091220,False,Drafted,Rookie deal,2022,0,0,0,2,0,9,131,1,,,1.71890635776799,8.18753102075425,0,0,11,1,0,0,0,0,457,1161220,985000,https://overthecap.com/player/charlie-kolar/10173/,https://github.com/nflverse/nflverse-data/releases/download/stats_player/stats_player_reg_2024.csv,2026-09-28
00-0036429,Charlie Woerner,2024,ATL,TE,12,4000000,False,UFA,Veteran deal,2024,0,0,0,0,0,7,46,0,,,,-5.70739780773874,0,0,12,0,0,0,0,0,539,2500000,4480000,https://overthecap.com/player/charlie-woerner/8930/,https://github.com/nflverse/nflverse-data/releases/download/stats_player/stats_player_reg_2024.csv,2026-09-28
00-0037809,Chig Okonkwo,2024,TEN,TE,16,1041084,False,Drafted,Rookie deal,2022,0,0,0,17,0,52,479,2,,,1.08236089721322,-7.335308787033,0,0,70,1,0,0,0,1,507,1111084,985000,https://overthecap.com/player/chigoziem-okonkwo/10188/,https://github.com/nflverse/nflverse-data/releases/download/stats_player/stats_player_reg_2024.csv,2026-09-28
00-0031484,Chris Manhertz,2024,NYG,TE,8,1377500,False,SFA,Veteran deal,2024,0,0,0,0,0,3,30,1,,,,2.54974747763481,0,0,4,0,0,0,0,0,554,1152500,1377500,https://overthecap.com/player/chris-manhertz/3800/,https://github.com/nflverse/nflverse-data/releases/download/stats_player/stats_player_reg_2024.csv,2026-09-28
00-0036244,Colby Parkinson,2024,LA,TE,16,7500000,False,UFA,Veteran deal,2024,0,0,0,0,0,30,294,1,,,,3.19863561993322,0,0,49,0,0,0,0,0,541,3583333,7750000,https://overthecap.com/player/colby-parkinson/8873/,https://github.com/nflverse/nflverse-data/releases/download/stats_player/stats_player_reg_2024.csv,2026-09-28
00-0036290,Cole Kmet,2024,CHI,TE,16,12500000,False,Extension,Veteran deal,2023,0,0,0,0,0,47,474,4,,,,26.1219520664242,0,0,55,0,0,0,0,0,526,11600000,10000000,https://overthecap.com/player/cole-kmet/8783/,https://github.com/nflverse/nflverse-data/releases/download/stats_player/stats_player_reg_2024.csv,2026-09-28
00-0039686,Colson Yankoff,2024,WAS,TE,4,946667,False,UDFA,Rookie deal,2024,0,0,0,0,0,0,0,0,,,,,0,0,0,0,0,0,0,0,504,635833,642500,https://overthecap.com/player/colson-yankoff/11940/,https://github.com/nflverse/nflverse-data/releases/download/stats_player/stats_player_reg_2024.csv,2026-09-28
00-0034351,Dallas Goedert,2024,PHI,TE,10,14250000,False,Extension,Veteran deal,2021,0,0,0,0,0,42,496,2,,,,19.3662372463054,0,0,52,0,0,0,0,0,418,9131583,14250000,https://overthecap.com/player/dallas-goedert/6934/,https://github.com/nflverse/nflverse-data/releases/download/stats_player/stats_player_reg_2024.csv,2026-09-28
00-0039613,Dallin Holker,2024,NO,TE,3,946667,False,UDFA,Rookie deal,2024,0,0,0,0,0,3,21,0,,,,-0.944589482736774,0,0,4,0,0,0,0,0,517,798333,805000,https://overthecap.com/player/dallin-holker/11947/,https://github.com/nflverse/nflverse-data/releases/download/stats_player/stats_player_reg_2024.csv,2026-09-28
00-0038933,Dalton Kincaid,2024,BUF,TE,13,3356760,False,Drafted,Rookie deal,2023,0,0,0,0,0,44,448,2,,,,14.8060489395355,0,0,75,0,0,0,0,0,495,3051600,1360320,https://overthecap.com/player/dalton-kincaid/10849/,https://github.com/nflverse/nflverse-data/releases/download/stats_player/stats_player_reg_2024.csv,2026-09-28
00-0034383,Dalton Schultz,2024,HOU,TE,17,12000000,False,UFA,Veteran deal,2024,0,0,0,0,0,53,532,2,,,,3.32590631857266,0,0,85,0,0,0,0,0,547,7941176,13000000,https://overthecap.com/player/dalton-schultz/7022/,https://github.com/nflverse/nflverse-data/releases/download/stats_player/stats_player_reg_2024.csv,2026-09-28
00-0038115,Daniel Bellinger,2024,NYG,TE,12,1113278,False,Drafted,Rookie deal,2022,0,0,0,0,0,14,125,0,,,,5.34758740878897,0,0,17,0,0,0,0,0,554,1183278,985000,https://overthecap.com/player/daniel-bellinger/10157/,https://github.com/nflverse/nflverse-data/releases/download/stats_player/stats_player_reg_2024.csv,2026-09-28
00-0038558,Darnell Washington,2024,PIT,TE,13,1338478,False,Drafted,Rookie deal,2023,0,0,0,0,0,19,200,1,,,,8.60524725663709,0,0,25,0,0,0,0,0,460,1216798,993360,https://overthecap.com/player/darnell-washington/10917/,https://github.com/nflverse/nflverse-data/releases/download/stats_player/stats_player_reg_2024.csv,2026-09-28
00-0039648,David Martin-Robinson,2024,TEN,TE,4,945833,False,UDFA,Rookie deal,2024,0,0,0,0,0,1,6,0,,,,0.269109175424092,0,0,2,0,0,0,0,0,507,797500,802500,https://overthecap.com/player/david-martin-robinson/11954/,https://github.com/nflverse/nflverse-data/releases/download/stats_player/stats_player_reg_2024.csv,2026-09-28
00-0033885,David Njoku,2024,CLE,TE,11,13687500,False,Franchise,Veteran deal,2022,0,0,0,0,0,64,505,5,,,,-5.20648026989263,0,0,97,0,0,0,0,0,634,9645000,13882353,https://overthecap.com/player/david-njoku/5613/,https://github.com/nflverse/nflverse-data/releases/download/stats_player/stats_player_reg_2024.csv,2026-09-28
00-0039074,Davis Allen,2024,LA,TE,7,1021245,False,Drafted,Rookie deal,2023,0,0,0,0,0,6,39,0,,,,-3.99365655168151,0,0,13,0,0,0,0,0,541,976245,915000,https://overthecap.com/player/davis-allen/10999/,https://github.com/nflverse/nflverse-data/releases/download/stats_player/stats_player_reg_2024.csv,2026-09-28
00-0035689,Dawson Knox,2024,BUF,TE,14,9833333,False,Other,Unknown,2024,0,0,0,0,0,22,311,1,,,,10.1059937493992,0,0,33,0,0,0,0,0,495,7728000,9000000,https://overthecap.com/player/dawson-knox/7887/,https://github.com/nflverse/nflverse-data/releases/download/stats_player/stats_player_reg_2024.csv,2026-09-28
00-0039754,Devin Culp,2024,TB,TE,2,1026546,False,Drafted,Rookie deal,2024,0,0,0,0,0,5,88,0,,,,7.84954318283783,0,0,6,0,0,0,0,0,563,816546,881184,https://overthecap.com/player/devin-culp/11854/,https://github.com/nflverse/nflverse-data/releases/download/stats_player/stats_player_reg_2024.csv,2026-09-28
00-0035631,Drew Sample,2024,CIN,TE,11,3500000,False,UFA,Veteran deal,2024,0,0,0,-4,0,20,109,1,,,-1.47945109417196,4.76400594832376,0,0,22,1,0,0,0,0,628,4900000,4900000,https://overthecap.com/player/drew-sample/7843/,https://github.com/nflverse/nflverse-data/releases/download/stats_player/stats_player_reg_2024.csv,2026-09-28
00-0034798,Durham Smythe,2024,MIA,TE,14,3875000,False,Extension,Veteran deal,2023,0,0,0,0,0,9,53,0,,,,-3.63454234434149,0,0,17,0,0,0,0,0,568,3331666,3375000,https://overthecap.com/player/durham-smythe/7008/,https://github.com/nflverse/nflverse-data/releases/download/stats_player/stats_player_reg_2024.csv,2026-09-28
00-0038498,E.J. Jenkins,2024,PHI,TE,2,877500,False,SFA,Veteran deal,2024,0,0,0,0,0,1,7,1,,,,0.799606117070653,0,0,2,0,0,0,0,0,418,220833,220833,https://overthecap.com/player/e-j-jenkins/11261/,https://github.com/nflverse/nflverse-data/releases/download/stats_player/stats_player_reg_2024.csv,2026-09-28
00-0039041,Elijah Higgins,2024,ARI,TE,15,1003970,False,Drafted,Rookie deal,2023,0,0,0,0,0,20,172,2,,,,9.53099793335423,0,0,24,0,0,0,0,0,523,915000,915000,https://overthecap.com/player/elijah-higgins/11021/,https://github.com/nflverse/nflverse-data/releases/download/stats_player/stats_player_reg_2024.csv,2026-09-28
00-0033576,Eric Saubert,2024,SF,TE,12,1210000,False,SFA,Veteran deal,2024,0,0,0,0,0,11,97,1,,,,1.90623235128995,0,0,14,0,0,0,0,0,513,985000,1210000,https://overthecap.com/player/eric-saubert/5760/,https://github.com/nflverse/nflverse-data/releases/download/stats_player/stats_player_reg_2024.csv,2026-09-28
00-0031690,Eric Tomlinson,2024,LAC,TE,5,1210000,False,SFA,Veteran deal,2024,0,0,0,0,0,2,9,0,,,,-1.82713368651678,0,0,4,0,0,0,0,0,491,225122,237622,https://overthecap.com/player/eric-tomlinson/4150/,https://github.com/nflverse/nflverse-data/releases/download/stats_player/stats_player_reg_2024.csv,2026-09-28
00-0039814,Erick All,2024,CIN,TE,8,1203276,False,Drafted,Rookie deal,2024,0,0,0,0,0,20,158,0,,,,5.24824645451736,0,0,22,0,0,0,0,0,628,830776,1425604,https://overthecap.com/player/erick-all/11723/,https://github.com/nflverse/nflverse-data/releases/download/stats_player/stats_player_reg_2024.csv,2026-09-28
00-0033881,Evan Engram,2024,JAX,TE,9,13750000,False,Franchise,Veteran deal,2023,0,0,0,0,0,47,365,1,,,,-0.883763474537138,0,0,64,0,0,0,0,1,522,7000000,10264706,https://overthecap.com/player/evan-engram/5607/,https://github.com/nflverse/nflverse-data/releases/download/stats_player/stats_player_reg_2024.csv,2026-09-28
00-0036825,Feleipe Franks,2024,CAR,TE,9,985000,False,SFA,Veteran deal,2024,0,0,0,0,0,1,12,0,,,,-2.87562593526673,0,0,3,0,0,0,0,0,518,875556,875556,https://overthecap.com/player/feleipe-franks/9915/,https://github.com/nflverse/nflverse-data/releases/download/stats_player/stats_player_reg_2024.csv,2026-09-28
00-0034981,Foster Moreau,2024,NO,TE,16,4078000,False,UFA,Veteran deal,2023,0,0,0,0,0,32,413,5,,,,19.9170170508873,0,0,43,0,0,0,0,0,517,4400000,3700000,https://overthecap.com/player/foster-moreau/7928/,https://github.com/nflverse/nflverse-data/releases/download/stats_player/stats_player_reg_2024.csv,2026-09-28
00-0032141,Geoff Swaim,2024,CLE,TE,3,1210000,False,SFA,Veteran deal,2024,0,0,0,0,0,1,7,0,,,,0.31169758993201,0,0,1,0,0,0,0,0,634,556389,677222,https://overthecap.com/player/geoff-swaim/4094/,https://github.com/nflverse/nflverse-data/releases/download/stats_player/stats_player_reg_2024.csv,2026-09-28
00-0033288,George Kittle,2024,SF,TE,15,15000000,False,Extension,Veteran deal,2020,0,0,0,0,0,78,1106,8,,,,67.9449277441953,0,0,94,0,0,0,0,0,513,12204575,13941176,https://overthecap.com/player/george-kittle/5732/,https://github.com/nflverse/nflverse-data/releases/download/stats_player/stats_player_reg_2024.csv,2026-09-28
00-0033895,Gerald Everett,2024,CHI,TE,10,6000000,False,UFA,Veteran deal,2024,0,0,0,0,0,8,36,0,,,,-1.47307917772559,0,0,13,0,0,0,0,0,526,5480000,6500000,https://overthecap.com/player/gerald-everett/5630/,https://github.com/nflverse/nflverse-data/releases/download/stats_player/stats_player_reg_2024.csv,2026-09-28
00-0037086,Grant Calcaterra,2024,PHI,TE,15,958535,False,Drafted,Rookie deal,2022,0,0,0,0,0,24,298,1,,,,15.8945994717069,0,0,30,0,0,0,0,0,418,1028535,985000,https://overthecap.com/player/grant-calcaterra/10243/,https://github.com/nflverse/nflverse-data/releases/download/stats_player/stats_player_reg_2024.csv,2026-09-28
00-0036232,Harrison Bryant,2024,LV,TE,6,3250000,False,UFA,Veteran deal,2024,0,0,0,0,0,9,86,0,,,,-0.27764034923166,0,0,12,0,0,0,0,0,592,3375000,3170000,https://overthecap.com/player/harrison-bryant/8855/,https://github.com/nflverse/nflverse-data/releases/download/stats_player/stats_player_reg_2024.csv,2026-09-28
00-0034830,Hayden Hurst,2024,LAC,TE,7,1125000,False,SFA,Veteran deal,2024,0,0,0,0,0,8,73,0,,,,-4.84155694558285,0,0,13,0,0,0,0,0,491,1001667,1001667,https://overthecap.com/player/hayden-hurst/6910/,https://github.com/nflverse/nflverse-data/releases/download/stats_player/stats_player_reg_2024.csv,2026-09-28
00-0033090,Hunter Henry,2024,NE,TE,16,9000000,False,UFA,Veteran deal,2024,0,0,0,0,0,66,674,2,,,,24.1986549830088,0,0,97,0,0,0,0,0,500,5441176,11441176,https://overthecap.com/player/hunter-henry/4748/,https://github.com/nflverse/nflverse-data/releases/download/stats_player/stats_player_reg_2024.csv,2026-09-28
00-0037004,Hunter Long,2024,LA,TE,11,1242174,False,Drafted,Rookie deal,2021,0,0,0,0,0,7,60,0,,,,2.25959707214497,0,0,9,0,0,0,0,0,541,1337550,1337550,https://overthecap.com/player/hunter-long/9545/,https://github.com/nflverse/nflverse-data/releases/download/stats_player/stats_player_reg_2024.csv,2026-09-28
00-0034365,Ian Thomas,2024,CAR,TE,3,1300000,False,Other,Unknown,2024,0,0,0,0,0,3,7,0,,,,-5.12451348482864,0,0,6,0,0,0,0,0,518,3776668,1300000,https://overthecap.com/player/ian-thomas/6986/,https://github.com/nflverse/nflverse-data/releases/download/stats_player/stats_player_reg_2024.csv,2026-09-28
00-0037838,Isaiah Likely,2024,BAL,TE,15,1041084,False,Drafted,Rookie deal,2022,0,0,0,0,0,42,477,6,,,,27.7064997333677,0,0,58,0,0,0,0,1,457,1111084,985000,https://overthecap.com/player/isaiah-likely/10184/,https://github.com/nflverse/nflverse-data/releases/download/stats_player/stats_player_reg_2024.csv,2026-09-28
00-0039356,Ja'Tavion Sanders,2024,CAR,TE,15,1261059,False,Drafted,Rookie deal,2024,0,0,0,0,0,33,342,1,,,,11.6505618780459,0,0,43,0,0,0,0,0,518,1013559,1669236,https://overthecap.com/player/jatavion-sanders/11709/,https://github.com/nflverse/nflverse-data/releases/download/stats_player/stats_player_reg_2024.csv,2026-09-28
00-0039420,Jaheim Bell,2024,NE,TE,4,1031648,False,Drafted,Rookie deal,2024,0,0,0,0,0,2,20,0,,,,-0.0051243801717646,0,0,3,0,0,0,0,0,500,821648,901592,https://overthecap.com/player/jaheim-bell/11839/,https://github.com/nflverse/nflverse-data/releases/download/stats_player/stats_player_reg_2024.csv,2026-09-28
00-0038041,Jake Ferguson,2024,DAL,TE,14,1091220,False,Drafted,Rookie deal,2022,0,0,0,0,0,59,494,0,,,,-12.7110652170717,0,0,86,0,0,0,0,2,622,1161220,985000,https://overthecap.com/player/jake-ferguson/10174/,https://github.com/nflverse/nflverse-data/releases/download/stats_player/stats_player_reg_2024.csv,2026-09-28
00-0037112,Jake Tonges,2024,SF,TE,2,915000,False,SFA,Veteran deal,2024,0,0,0,0,0,0,0,0,,,,,0,0,0,0,0,0,0,0,513,915000,915000,https://overthecap.com/player/jake-tonges/10357/,https://github.com/nflverse/nflverse-data/releases/download/stats_player/stats_player_reg_2024.csv,2026-09-28
00-0039824,Jared Wiley,2024,KC,TE,1,1177155,False,Drafted,Rookie deal,2024,0,0,0,0,0,1,7,0,,,,-0.145088373683393,0,0,1,0,0,0,0,0,572,786599,1303064,https://overthecap.com/player/jared-wiley/11739/,https://github.com/nflverse/nflverse-data/releases/download/stats_player/stats_player_reg_2024.csv,2026-09-28
00-0037306,John FitzPatrick,2024,GB,TE,1,985000,False,SFA,Veteran deal,2024,0,0,0,0,0,1,2,0,,,,-0.520785233471543,0,0,1,0,0,0,0,0,464,711389,711389,https://overthecap.com/player/john-fitzpatrick/10258/,https://github.com/nflverse/nflverse-data/releases/download/stats_player/stats_player_reg_2024.csv,2026-09-28
00-0038920,John Shenker,2024,LV,TE,3,795000,False,SFA,Veteran deal,2024,0,0,0,0,0,1,7,0,,,,0.374102335888892,0,0,1,0,0,0,0,0,592,175834,175834,https://overthecap.com/player/john-samuel-shenker/11449/,https://github.com/nflverse/nflverse-data/releases/download/stats_player/stats_player_reg_2024.csv,2026-09-28
00-0033246,Johnny Mundt,2024,MIN,TE,14,2000000,False,UFA,Veteran deal,2024,0,0,0,0,0,19,142,2,,,,4.87118568391933,0,0,27,0,0,0,0,0,517,2000000,2000000,https://overthecap.com/player/johnny-mundt/5857/,https://github.com/nflverse/nflverse-data/releases/download/stats_player/stats_player_reg_2024.csv,2026-09-28
00-0033858,Jonnu Smith,2024,MIA,TE,17,4200000,False,SFA,Veteran deal,2024,0,0,0,-1,0,88,884,8,,,-1.64045342925238,59.7091696619141,0,0,111,2,0,0,0,1,568,2110000,4310000,https://overthecap.com/player/jonnu-smith/5686/,https://github.com/nflverse/nflverse-data/releases/download/stats_player/stats_player_reg_2024.csv,2026-09-28
00-0034364,Jordan Akins,2024,CLE,TE,16,1950000,False,UFA,Veteran deal,2023,0,0,0,0,0,40,390,2,,,,10.9935598225873,0,0,58,0,0,0,0,0,634,2315000,1985000,https://overthecap.com/player/jordan-akins/6983/,https://github.com/nflverse/nflverse-data/releases/download/stats_player/stats_player_reg_2024.csv,2026-09-28
00-0031299,Jordan Matthews,2024,CAR,TE,2,1125000,False,SFA,Veteran deal,2024,0,0,0,0,0,0,0,0,,,,-0.581935274414718,0,0,1,0,0,0,0,0,518,170400,170400,https://overthecap.com/player/jordan-matthews/2981/,https://github.com/nflverse/nflverse-data/releases/download/stats_player/stats_player_reg_2024.csv,2026-09-28
00-0035547,Joseph Fortson,2024,KC,TE,3,985000,False,SFA,Veteran deal,2024,0,0,0,0,0,1,5,0,,,,-5.66721887071617,0,0,3,0,0,0,0,0,572,507778,507778,https://overthecap.com/player/jody-fortson/8560/,https://github.com/nflverse/nflverse-data/releases/download/stats_player/stats_player_reg_2024.csv,2026-09-28
00-0035249,Josh Oliver,2024,MIN,TE,12,7000000,False,UFA,Veteran deal,2023,0,0,0,0,0,22,258,3,,,,16.9629748433945,0,0,28,0,0,0,0,0,517,6174000,4750000,https://overthecap.com/player/josh-oliver/7860/,https://github.com/nflverse/nflverse-data/releases/download/stats_player/stats_player_reg_2024.csv,2026-09-28
00-0038589,Josh Whyle,2024,TEN,TE,15,1041342,False,Drafted,Rookie deal,2023,0,0,0,0,0,28,248,1,,,,9.01763469296365,0,0,37,0,0,0,0,0,507,996342,915000,https://overthecap.com/player/josh-whyle/10971/,https://github.com/nflverse/nflverse-data/releases/download/stats_player/stats_player_reg_2024.csv,2026-09-28
00-0036332,Josiah Deguara,2024,JAX,TE,7,1125000,False,SFA,Veteran deal,2024,0,0,0,0,0,3,14,0,,,,-1.31369275925681,0,0,3,0,0,0,0,0,522,820833,937500,https://overthecap.com/player/josiah-deguara/8834/,https://github.com/nflverse/nflverse-data/releases/download/stats_player/stats_player_reg_2024.csv,2026-09-28
00-0038720,Julian Hill,2024,MIA,TE,14,902500,False,UDFA,Rookie deal,2023,0,0,0,0,0,12,100,0,,,,3.30791516606417,0,0,19,0,0,0,0,0,568,919166,915000,https://overthecap.com/player/julian-hill/11488/,https://github.com/nflverse/nflverse-data/releases/download/stats_player/stats_player_reg_2024.csv,2026-09-28
00-0038590,Justin Shorter,2024,LV,TE,1,877500,False,SFA,Veteran deal,2024,0,0,0,0,0,0,0,0,,,,,0,0,0,0,0,0,0,0,592,441667,441667,https://overthecap.com/player/justin-shorter/10974/,https://github.com/nflverse/nflverse-data/releases/download/stats_player/stats_player_reg_2024.csv,2026-09-28
00-0036040,Juwan Johnson,2024,NO,TE,15,6005000,False,UFA,Veteran deal,2023,0,0,0,0,0,50,548,3,,,,16.8705707134216,0,0,66,0,0,0,0,0,517,3500000,6000000,https://overthecap.com/player/juwan-johnson/9380/,https://github.com/nflverse/nflverse-data/releases/download/stats_player/stats_player_reg_2024.csv,2026-09-28
00-0036510,Kenny Yeboah,2024,NYJ,TE,7,1425000,False,RFA,Veteran deal,2024,0,0,0,0,0,5,47,1,,,,2.71854370698566,0,0,8,0,0,0,0,0,589,1095980,1130098,https://overthecap.com/player/kenny-yeboah/9746/,https://github.com/nflverse/nflverse-data/releases/download/stats_player/stats_player_reg_2024.csv,2026-09-28
00-0037311,Ko Kieft,2024,TB,TE,3,948003,False,Drafted,Rookie deal,2022,0,0,0,0,0,0,0,0,,,,,0,0,0,0,0,0,0,0,563,1018003,985000,https://overthecap.com/player/ko-kieft/10263/,https://github.com/nflverse/nflverse-data/releases/download/stats_player/stats_player_reg_2024.csv,2026-09-28
00-0036970,Kyle Pitts,2024,ATL,TE,17,8227624,False,Drafted,Rookie deal,2021,0,0,0,0,0,47,602,4,,,,6.94350622568147,0,0,74,0,0,0,0,0,539,10471522,5147796,https://overthecap.com/player/kyle-pitts/9468/,https://github.com/nflverse/nflverse-data/releases/download/stats_player/stats_player_reg_2024.csv,2026-09-28
00-0036876,Kylen Granson,2024,IND,TE,16,1046591,False,Drafted,Rookie deal,2021,0,0,0,0,0,14,182,0,,,,-8.41804032411579,0,0,31,0,0,0,0,0,492,3292591,3116000,https://overthecap.com/player/kylen-granson/9591/,https://github.com/nflverse/nflverse-data/releases/download/stats_player/stats_player_reg_2024.csv,2026-09-28
00-0037539,Lucas Krull,2024,DEN,TE,10,832500,False,SFA,Veteran deal,2023,0,0,0,0,0,19,152,0,,,,4.49440733104711,0,0,23,0,0,0,0,0,549,915000,915000,https://overthecap.com/player/lucas-krull/10575/,https://github.com/nflverse/nflverse-data/releases/download/stats_player/stats_player_reg_2024.csv,2026-09-28
00-0036887,Luke Farrell,2024,JAX,TE,12,959505,False,Drafted,Rookie deal,2021,0,0,0,0,0,12,67,0,,,,-4.63900519255549,0,0,17,0,0,0,0,0,522,1144505,1055000,https://overthecap.com/player/luke-farrell/9609/,https://github.com/nflverse/nflverse-data/releases/download/stats_player/stats_player_reg_2024.csv,2026-09-28
00-0039144,Luke Musgrave,2024,GB,TE,7,2118936,False,Drafted,Rookie deal,2023,0,0,0,0,0,7,45,0,,,,-4.79761853630284,0,0,10,0,0,0,0,0,464,1926305,1135261,https://overthecap.com/player/luke-musgrave/10866/,https://github.com/nflverse/nflverse-data/releases/download/stats_player/stats_player_reg_2024.csv,2026-09-28
00-0038547,Luke Schoonmaker,2024,DAL,TE,12,1566670,False,Drafted,Rookie deal,2023,0,0,0,0,0,27,241,1,,,,9.40591506165219,0,0,36,0,0,0,0,0,622,1424245,1034849,https://overthecap.com/player/luke-schoonmaker/10882/,https://github.com/nflverse/nflverse-data/releases/download/stats_player/stats_player_reg_2024.csv,2026-09-28
00-0024243,Marcedes Lewis,2024,CHI,TE,5,2000000,False,SFA,Veteran deal,2024,0,0,0,0,0,1,2,0,,,,0.0646047429181635,0,0,1,0,0,0,0,0,526,2000000,2000000,https://overthecap.com/player/marcedes-lewis/946/,https://github.com/nflverse/nflverse-data/releases/download/stats_player/stats_player_reg_2024.csv,2026-09-28
00-0034753,Mark Andrews,2024,BAL,TE,17,14000000,False,Extension,Veteran deal,2021,0,0,0,5,0,55,673,11,,,3.44618513627211,50.0989648005923,0,0,69,4,0,0,0,0,457,16907611,11000000,https://overthecap.com/player/mark-andrews/6971/,https://github.com/nflverse/nflverse-data/releases/download/stats_player/stats_player_reg_2024.csv,2026-09-28
00-0039066,Michael Mayer,2024,LV,TE,11,2328410,False,Drafted,Rookie deal,2023,0,0,0,0,0,21,156,0,,,,-0.0140098294778266,0,0,32,0,0,0,0,0,592,2116736,1173347,https://overthecap.com/player/michael-mayer/10859/,https://github.com/nflverse/nflverse-data/releases/download/stats_player/stats_player_reg_2024.csv,2026-09-28
00-0034829,Mike Gesicki,2024,CIN,TE,16,2500000,False,UFA,Veteran deal,2024,0,0,0,0,0,65,665,2,,,,33.7675754562854,0,0,83,0,0,0,0,1,628,2500000,3000000,https://overthecap.com/player/mike-gesicki/6927/,https://github.com/nflverse/nflverse-data/releases/download/stats_player/stats_player_reg_2024.csv,2026-09-28
00-0033217,Mo Alie-Cox,2024,IND,TE,12,5850000,False,UFA,Veteran deal,2022,0,0,0,0,0,12,147,1,,,,6.93466947815099,0,0,22,0,0,0,0,0,492,5920000,5920000,https://overthecap.com/player/mo-alie-cox/5618/,https://github.com/nflverse/nflverse-data/releases/download/stats_player/stats_player_reg_2024.csv,2026-09-28
00-0031585,MyCole Pruitt,2024,PIT,TE,7,1260000,False,UFA,Veteran deal,2024,0,0,0,0,0,6,40,1,,,,-8.00059991175834,0,0,10,0,0,0,0,0,460,1035000,1260000,https://overthecap.com/player/mycole-pruitt/3991/,https://github.com/nflverse/nflverse-data/releases/download/stats_player/stats_player_reg_2024.csv,2026-09-28
00-0038783,Nate Adkins,2024,DEN,TE,15,901667,False,UDFA,Rookie deal,2023,0,0,0,0,0,14,115,3,,,,9.08091498515569,0,0,15,0,0,0,0,0,549,918333,915000,https://overthecap.com/player/nate-adkins/11337/,https://github.com/nflverse/nflverse-data/releases/download/stats_player/stats_player_reg_2024.csv,2026-09-28
00-0032394,Nick Vannett,2024,TEN,TE,12,1210000,False,SFA / UFA,Veteran deal,2024,0,0,0,0,0,17,135,3,,,,1.82645694207167,0,0,20,0,0,0,0,0,507,985000,1210000,https://overthecap.com/player/nick-vannett/4807/,https://github.com/nflverse/nflverse-data/releases/download/stats_player/stats_player_reg_2024.csv,2026-09-28
00-0035644,Noah Fant,2024,SEA,TE,14,10500000,False,UFA,Veteran deal,2024,0,0,0,0,0,48,500,1,,,,6.51373245918089,0,0,64,0,0,0,0,0,569,7500000,11910000,https://overthecap.com/player/noah-fant/7811/,https://github.com/nflverse/nflverse-data/releases/download/stats_player/stats_player_reg_2024.csv,2026-09-28
00-0036637,Noah Gray,2024,KC,TE,16,6000000,False,Extension,Veteran deal,2024,0,0,0,-4,0,40,437,5,,,-1.48386008129455,23.1762432871328,0,0,49,1,0,0,0,0,572,2633445,7405000,https://overthecap.com/player/noah-gray/9626/,https://github.com/nflverse/nflverse-data/releases/download/stats_player/stats_player_reg_2024.csv,2026-09-28
00-0036894,Pat Freiermuth,2024,PIT,TE,17,12100000,False,Extension,Veteran deal,2024,0,0,0,0,0,65,653,7,,,,35.9012325550262,0,0,78,0,0,0,0,1,460,3636033,11600000,https://overthecap.com/player/pat-freiermuth/9519/,https://github.com/nflverse/nflverse-data/releases/download/stats_player/stats_player_reg_2024.csv,2026-09-28
00-0039050,Payne Durham,2024,TB,TE,8,1021245,False,Drafted,Rookie deal,2023,0,0,0,0,0,11,115,2,,,,10.3966514016502,0,0,14,0,0,0,0,0,563,976245,915000,https://overthecap.com/player/payne-durham/10995/,https://github.com/nflverse/nflverse-data/releases/download/stats_player/stats_player_reg_2024.csv,2026-09-28
00-0037569,Peyton Hendershot,2024,KC,TE,5,985000,False,SFA,Veteran deal,2024,0,0,0,0,0,5,51,0,,,,2.67603629227961,0,0,5,0,0,0,0,0,572,443889,443889,https://overthecap.com/player/peyton-hendershot/10436/,https://github.com/nflverse/nflverse-data/releases/download/stats_player/stats_player_reg_2024.csv,2026-09-28
00-0033439,Pharaoh Brown,2024,SEA,TE,10,3200000,False,UFA,Veteran deal,2024,0,0,0,0,0,8,65,0,,,,-6.47127609253809,0,0,12,0,0,0,0,1,569,3200000,3140000,https://overthecap.com/player/pharaoh-brown/6080/,https://github.com/nflverse/nflverse-data/releases/download/stats_player/stats_player_reg_2024.csv,2026-09-28
00-0038735,Princeton Fant,2024,DAL,TE,1,877500,False,SFA,Veteran deal,2024,0,0,0,0,0,0,0,0,,,,,0,0,0,0,0,0,0,0,622,265000,265000,https://overthecap.com/player/princeton-fant/11411/,https://github.com/nflverse/nflverse-data/releases/download/stats_player/stats_player_reg_2024.csv,2026-09-28
00-0036590,Quintin Morris,2024,BUF,TE,10,985000,False,ERFA,Veteran deal,2024,0,0,0,0,0,5,36,1,,,,1.33438812531836,0,0,8,0,0,0,0,0,495,985000,985000,https://overthecap.com/player/quintin-morris/9733/,https://github.com/nflverse/nflverse-data/releases/download/stats_player/stats_player_reg_2024.csv,2026-09-28
00-0034073,Ross Dwelley,2024,ATL,TE,4,1292500,False,SFA,Veteran deal,2024,0,0,0,0,0,1,5,0,,,,0.13682030281052,0,0,1,0,0,0,0,0,539,1152500,1292500,https://overthecap.com/player/ross-dwelley/7561/,https://github.com/nflverse/nflverse-data/releases/download/stats_player/stats_player_reg_2024.csv,2026-09-28
00-0039065,Sam LaPorta,2024,DET,TE,16,2366500,False,Drafted,Rookie deal,2023,0,0,0,0,0,60,726,7,,,,31.4233568476066,0,0,83,0,0,0,0,0,522,2151363,1180273,https://overthecap.com/player/sam-laporta/10858/,https://github.com/nflverse/nflverse-data/releases/download/stats_player/stats_player_reg_2024.csv,2026-09-28
00-0036534,Shane Zylstra,2024,DET,TE,2,985000,False,ERFA / SFA,Veteran deal,2024,0,0,0,0,0,1,22,0,,,,1.24364188639447,0,0,1,0,0,0,0,0,522,492500,492500,https://overthecap.com/player/shane-zylstra/9984/,https://github.com/nflverse/nflverse-data/releases/download/stats_player/stats_player_reg_2024.csv,2026-09-28
00-0036438,Stephen Sullivan,2024,CAR,TE,1,1055000,False,ERFA,Veteran deal,2024,0,0,0,0,0,0,0,0,,,,-0.532159550348297,0,0,1,0,0,0,0,0,518,209811,209811,https://overthecap.com/player/stephen-sullivan/8991/,https://github.com/nflverse/nflverse-data/releases/download/stats_player/stats_player_reg_2024.csv,2026-09-28
00-0037475,Stone Smartt,2024,LAC,TE,9,855000,False,UDFA,Rookie deal,2022,0,0,0,0,0,16,208,0,,,,7.51941442431416,0,0,19,0,0,0,0,1,491,986668,985000,https://overthecap.com/player/stone-smartt/10559/,https://github.com/nflverse/nflverse-data/releases/download/stats_player/stats_player_reg_2024.csv,2026-09-28
00-0035229,T.J. Hockenson,2024,MIN,TE,10,16500000,False,Extension,Veteran deal,2023,0,0,0,0,0,41,455,0,,,,9.4577888110629,0,0,62,0,0,0,0,0,517,7021176,10294118,https://overthecap.com/player/t-j-hockenson/7799/,https://github.com/nflverse/nflverse-data/releases/download/stats_player/stats_player_reg_2024.csv,2026-09-28
00-0037348,Tanner Conner,2024,MIA,TE,4,1042500,False,SFA,Veteran deal,2024,0,0,0,0,0,3,16,0,,,,-0.835798830899876,0,0,4,0,0,0,0,0,568,778333,778333,https://overthecap.com/player/tanner-conner/10426/,https://github.com/nflverse/nflverse-data/releases/download/stats_player/stats_player_reg_2024.csv,2026-09-28
00-0034613,Tanner Hudson,2024,CIN,TE,9,1292500,False,UFA,Veteran deal,2024,0,0,0,1,0,19,154,1,,,1.75751215103082,5.37933125735447,0,0,23,1,0,0,0,1,628,1152500,1292500,https://overthecap.com/player/tanner-hudson/7519/,https://github.com/nflverse/nflverse-data/releases/download/stats_player/stats_player_reg_2024.csv,2026-09-28
00-0033357,Taysom Hill,2024,NO,TE,8,10000000,False,Extension,Veteran deal,2021,21,0,1,278,6,23,187,0,-3.21769331542715,-4.94482293725014,23.9528514333069,1.2136351755471,4,0,31,39,2,0,0,1,517,9196500,10000000,https://overthecap.com/player/taysom-hill/6047/,https://github.com/nflverse/nflverse-data/releases/download/stats_player/stats_player_reg_2024.csv,2026-09-28
00-0039847,Theo Johnson,2024,NYG,TE,11,1212859,False,Drafted,Rookie deal,2024,0,0,0,0,0,29,331,1,,,,4.54264365517884,0,0,43,0,0,0,0,0,554,912581,1536158,https://overthecap.com/player/theo-johnson/11715/,https://github.com/nflverse/nflverse-data/releases/download/stats_player/stats_player_reg_2024.csv,2026-09-28
00-0039737,Tip Reiman,2024,ARI,TE,8,1447478,False,Drafted,Rookie deal,2024,0,0,0,0,0,6,37,0,,,,0.412867681123316,0,0,7,0,0,0,0,0,523,1052711,1825844,https://overthecap.com/player/tip-reiman/11690/,https://github.com/nflverse/nflverse-data/releases/download/stats_player/stats_player_reg_2024.csv,2026-09-28
00-0037005,Tommy Tremble,2024,CAR,TE,10,1231609,False,Drafted,Rookie deal,2021,0,0,0,0,0,23,234,2,,,,4.98920218417994,0,0,32,0,0,0,0,1,518,3351715,3116000,https://overthecap.com/player/tommy-tremble/9547/,https://github.com/nflverse/nflverse-data/releases/download/stats_player/stats_player_reg_2024.csv,2026-09-28
00-0030506,Travis Kelce,2024,KC,TE,16,17125000,False,Other,Unknown,2024,0,0,0,1,0,97,823,3,,,-0.092226896143984,20.6267508757727,0,0,133,1,0,0,0,1,572,19551944,17000000,https://overthecap.com/player/travis-kelce/2216/,https://github.com/nflverse/nflverse-data/releases/download/stats_player/stats_player_reg_2024.csv,2026-09-28
00-0037744,Trey McBride,2024,ARI,TE,16,1574915,False,Drafted,Rookie deal,2022,0,0,0,2,1,111,1146,2,,,0.60105633031344,49.0713934193716,0,0,147,1,0,0,0,0,523,1718089,1277696,https://overthecap.com/player/trey-mcbride/10100/,https://github.com/nflverse/nflverse-data/releases/download/stats_player/stats_player_reg_2024.csv,2026-09-28
00-0037654,Tucker Fisk,2024,LAC,TE,7,915000,False,SFA,Veteran deal,2024,0,0,0,0,0,7,39,0,,,,0.75009550343384,0,0,8,0,0,0,0,0,491,457500,457500,https://overthecap.com/player/tucker-fisk/10763/,https://github.com/nflverse/nflverse-data/releases/download/stats_player/stats_player_reg_2024.csv,2026-09-28
00-0038996,Tucker Kraft,2024,GB,TE,17,1384483,False,Drafted,Rookie deal,2023,0,0,0,6,0,50,707,7,,,3.26404117885977,37.2490273608456,0,0,70,3,0,0,0,1,464,1258621,1001724,https://overthecap.com/player/tucker-kraft/10902/,https://github.com/nflverse/nflverse-data/releases/download/stats_player/stats_player_reg_2024.csv,2026-09-28
00-0034270,Tyler Conklin,2024,NYJ,TE,16,6750000,False,UFA,Veteran deal,2022,0,0,0,0,0,51,449,4,,,-3.27551417343784,11.1401262703575,0,0,72,1,0,0,0,0,589,5358334,6961765,https://overthecap.com/player/tyler-conklin/7042/,https://github.com/nflverse/nflverse-data/releases/download/stats_player/stats_player_reg_2024.csv,2026-09-28
00-0033110,Tyler Higbee,2024,LA,TE,3,8500000,False,Extension,Veteran deal,2023,0,0,0,0,0,8,66,2,,,,4.95815538212698,0,0,12,0,0,0,0,0,541,12608639,8676471,https://overthecap.com/player/tyler-higbee/4823/,https://github.com/nflverse/nflverse-data/releases/download/stats_player/stats_player_reg_2024.csv,2026-09-28
00-0034159,Will Dissly,2024,LAC,TE,15,4666666,False,SFA,Veteran deal,2024,0,0,0,0,0,50,481,2,,,,15.4636899360343,0,0,64,0,0,0,0,0,491,2625000,5625000,https://overthecap.com/player/will-dissly/7005/,https://github.com/nflverse/nflverse-data/releases/download/stats_player/stats_player_reg_2024.csv,2026-09-28
00-0038394,Will Mallory,2024,IND,TE,7,1032648,False,Drafted,Rookie deal,2023,0,0,0,0,0,4,29,0,,,,-5.9174828240939,0,0,8,0,0,0,0,0,492,987648,915000,https://overthecap.com/player/will-mallory/10986/,https://github.com/nflverse/nflverse-data/releases/download/stats_player/stats_player_reg_2024.csv,2026-09-28
00-0036640,Zach Davidson,2024,BUF,TE,2,837000,False,SFA,Veteran deal,2023,0,0,0,0,0,1,5,0,,,,-0.715841856901534,0,0,2,0,0,0,0,0,495,320001,320001,https://overthecap.com/player/zach-davidson/9632/,https://github.com/nflverse/nflverse-data/releases/download/stats_player/stats_player_reg_2024.csv,2026-09-28
00-0030061,Zach Ertz,2024,WAS,TE,17,3000000,False,SFA,Veteran deal,2024,0,0,0,0,0,66,654,7,,,,30.9825414755123,0,0,91,0,0,0,0,0,504,3000000,3750000,https://overthecap.com/player/zach-ertz/112/,https://github.com/nflverse/nflverse-data/releases/download/stats_player/stats_player_reg_2024.csv,2026-09-28
00-0035676,A.J. Brown,2024,PHI,WR,13,32000000,False,Extension,Veteran deal,2024,0,0,0,0,0,67,1079,7,,,,61.8111660160473,0,0,97,0,0,0,0,0,418,11830894,21000000,https://overthecap.com/player/a-j-brown/7842/,https://github.com/nflverse/nflverse-data/releases/download/stats_player/stats_player_reg_2024.csv,2026-09-28
00-0030035,Adam Thielen,2024,CAR,WR,10,8333333,False,SFA,Veteran deal,2023,0,0,0,0,0,48,615,5,,,,40.4290831937767,0,0,62,0,0,0,0,0,518,9917000,8044118,https://overthecap.com/player/adam-thielen/2766/,https://github.com/nflverse/nflverse-data/releases/download/stats_player/stats_player_reg_2024.csv,2026-09-28
00-0039890,Adonai Mitchell,2024,IND,WR,17,1846522,False,Drafted,Rookie deal,2024,24,0,0,6,0,23,312,0,2.44565882708412,13.4345889091492,-8.78891542664496,-4.95154687589923,1,0,55,4,1,1,0,0,492,1342925,2986670,https://overthecap.com/player/adonai-mitchell/11660/,https://github.com/nflverse/nflverse-data/releases/download/stats_player/stats_player_reg_2024.csv,2026-09-28
00-0039747,Ainias Smith,2024,PHI,WR,3,1088574,False,Drafted,Rookie deal,2024,0,0,0,6,0,7,41,1,,,0.596295293711592,-0.639199768542312,0,0,9,2,0,0,0,0,418,752185,1002907,https://overthecap.com/player/ainias-smith/11760/,https://github.com/nflverse/nflverse-data/releases/download/stats_player/stats_player_reg_2024.csv,2026-09-28
00-0037664,Alec Pierce,2024,IND,WR,16,1650336,False,Drafted,Rookie deal,2022,0,0,0,0,0,37,824,7,,,,40.3030859059619,0,0,69,0,0,0,0,0,492,1800366,1305122,https://overthecap.com/player/alec-pierce/10098/,https://github.com/nflverse/nflverse-data/releases/download/stats_player/stats_player_reg_2024.csv,2026-09-28
00-0035602,Alex Bachman,2024,LV,WR,5,915000,False,SFA,Veteran deal,2024,0,0,0,0,0,3,31,0,,,,0.0755745011121035,0,0,3,0,0,0,0,0,592,87500,87500,https://overthecap.com/player/alex-bachman/8471/,https://github.com/nflverse/nflverse-data/releases/download/stats_player/stats_player_reg_2024.csv,2026-09-28
00-0034521,Allen Lazard,2024,NYJ,WR,12,11000000,False,UFA,Veteran deal,2023,0,0,0,0,0,37,530,6,-1.01079559273785,,,30.6433028770816,1,0,60,0,0,0,0,0,589,12184000,10000000,https://overthecap.com/player/allen-lazard/7167/,https://github.com/nflverse/nflverse-data/releases/download/stats_player/stats_player_reg_2024.csv,2026-09-28
00-0031428,Allen Robinson,2024,DET,WR,6,1210000,False,SFA,Veteran deal,2024,0,0,0,0,0,3,30,0,,,,1.33749401090005,0,0,7,0,0,0,0,0,522,820833,1008333,https://overthecap.com/player/allen-robinson/3000/,https://github.com/nflverse/nflverse-data/releases/download/stats_player/stats_player_reg_2024.csv,2026-09-28
00-0036963,Amon-Ra St. Brown,2024,DET,WR,17,30002500,False,Extension,Veteran deal,2024,7,1,0,6,0,115,1263,12,1.72411598067265,33.9257597923279,-0.637610856909305,96.3815029409276,1,0,141,2,1,0,0,1,522,4862315,17866000,https://overthecap.com/player/amon-ra-st-brown/9576/,https://github.com/nflverse/nflverse-data/releases/download/stats_player/stats_player_reg_2024.csv,2026-09-28
00-0038619,Andrei Iosivas,2024,CIN,WR,17,999848,False,Drafted,Rookie deal,2023,0,0,0,0,0,36,479,6,,,,23.9635120646837,0,0,61,0,0,0,0,0,628,954848,915000,https://overthecap.com/player/andrei-iosivas/11030/,https://github.com/nflverse/nflverse-data/releases/download/stats_player/stats_player_reg_2024.csv,2026-09-28
00-0039816,Anthony Gould,2024,IND,WR,8,1093166,False,Drafted,Rookie deal,2024,0,0,0,0,0,1,23,0,,,,1.88861330680083,0,0,1,0,0,0,0,0,492,883166,1147664,https://overthecap.com/player/anthony-gould/11750/,https://github.com/nflverse/nflverse-data/releases/download/stats_player/stats_player_reg_2024.csv,2026-09-28
00-0034353,Anthony Miller,2024,BAL,WR,1,1125000,False,SFA,Veteran deal,2024,0,0,0,0,0,1,16,0,,,,2.18093416257761,0,0,1,0,0,0,0,0,457,450244,465800,https://overthecap.com/player/anthony-miller/6936/,https://github.com/nflverse/nflverse-data/releases/download/stats_player/stats_player_reg_2024.csv,2026-09-28
00-0035021,Ashton Dulin,2024,IND,WR,13,3600000,False,UFA,Veteran deal,2023,0,0,0,45,0,2,67,1,,,3.0478348499164,-6.19015198707348,0,0,8,5,0,0,0,0,492,4130000,3130000,https://overthecap.com/player/ashton-dulin/8178/,https://github.com/nflverse/nflverse-data/releases/download/stats_player/stats_player_reg_2024.csv,2026-09-28
00-0036841,Austin Trammell,2024,JAX,WR,1,985000,False,UFA,Veteran deal,2024,0,0,0,0,0,2,40,0,,,,2.74440120303188,0,0,3,0,0,0,0,0,522,267222,267222,https://overthecap.com/player/austin-trammell/9908/,https://github.com/nflverse/nflverse-data/releases/download/stats_player/stats_player_reg_2024.csv,2026-09-28
00-0036862,Ben Skowronek,2024,PIT,WR,9,1055000,False,SFA,Veteran deal,2024,0,0,0,0,0,5,69,0,,,,6.3531590475468,0,0,5,0,0,0,0,0,460,739445,739445,https://overthecap.com/player/bennett-skowronek/9713/,https://github.com/nflverse/nflverse-data/releases/download/stats_player/stats_player_reg_2024.csv,2026-09-28
00-0037091,Bo Melton,2024,GB,WR,13,832500,False,SFA,Veteran deal,2023,0,0,0,54,0,8,91,0,,,1.03114152071066,-1.15580073496676,0,0,17,8,0,0,0,0,464,915000,915000,https://overthecap.com/player/bo-melton/10274/,https://github.com/nflverse/nflverse-data/releases/download/stats_player/stats_player_reg_2024.csv,2026-09-28
00-0031236,Brandin Cooks,2024,DAL,WR,10,10000000,False,Other,Unknown,2023,0,0,0,-3,0,26,259,3,,,-2.82046763750259,-11.1227662865669,0,0,54,3,0,0,0,0,622,10000000,7794118,https://overthecap.com/player/brandin-cooks/2959/,https://github.com/nflverse/nflverse-data/releases/download/stats_player/stats_player_reg_2024.csv,2026-09-28
00-0036261,Brandon Aiyuk,2024,SF,WR,7,30000000,False,Extension,Veteran deal,2024,0,0,0,0,0,25,374,0,,,,12.8143973824765,0,0,47,0,0,0,0,0,513,5725000,24125000,https://overthecap.com/player/brandon-aiyuk/8765/,https://github.com/nflverse/nflverse-data/releases/download/stats_player/stats_player_reg_2024.csv,2026-09-28
00-0034646,Brandon Powell,2024,MIN,WR,16,2000000,False,UFA,Veteran deal,2024,0,0,0,0,0,7,71,0,,,,5.09451138135046,0,0,10,0,0,0,0,0,517,2000000,2000000,https://overthecap.com/player/brandon-powell/7434/,https://github.com/nflverse/nflverse-data/releases/download/stats_player/stats_player_reg_2024.csv,2026-09-28
00-0034419,Braxton Berrios,2024,MIA,WR,6,2150000,False,UFA,Veteran deal,2024,0,0,0,0,0,0,0,0,,,,-9.01349623384885,0,0,4,0,0,0,0,0,568,2132353,1955882,https://overthecap.com/player/braxton-berrios/7095/,https://github.com/nflverse/nflverse-data/releases/download/stats_player/stats_player_reg_2024.csv,2026-09-28
00-0039893,Brian Thomas Jr.,2024,JAX,WR,17,3664995,False,Drafted,Rookie deal,2024,0,0,0,48,0,87,1282,10,,,2.56745216195122,54.2429931032611,0,0,133,6,0,0,0,0,522,2665450,8276800,https://overthecap.com/player/brian-thomas-jr/11631/,https://github.com/nflverse/nflverse-data/releases/download/stats_player/stats_player_reg_2024.csv,2026-09-28
00-0037132,Britain Covey,2024,PHI,WR,5,927500,False,SFA,Veteran deal,2023,0,0,0,0,0,7,34,0,,,,-0.0438859926071018,0,0,8,0,0,0,0,0,418,726666,726666,https://overthecap.com/player/britain-covey/10651/,https://github.com/nflverse/nflverse-data/releases/download/stats_player/stats_player_reg_2024.csv,2026-09-28
00-0038477,Bryce Ford-Wheaton,2024,NYG,WR,5,905000,False,UDFA,Rookie deal,2023,0,0,0,0,0,0,0,0,,,,,0,0,0,0,0,0,0,0,554,801666,795000,https://overthecap.com/player/bryce-ford-wheaton/11291/,https://github.com/nflverse/nflverse-data/releases/download/stats_player/stats_player_reg_2024.csv,2026-09-28
00-0039650,Bryce Oliver,2024,TEN,WR,8,877500,False,SFA,Veteran deal,2024,0,0,0,0,0,6,95,0,,,,4.33750917803263,0,0,9,0,0,0,0,0,507,441667,441667,https://overthecap.com/player/bryce-oliver/11910/,https://github.com/nflverse/nflverse-data/releases/download/stats_player/stats_player_reg_2024.csv,2026-09-28
00-0038840,Brycen Tremayne,2024,WAS,WR,2,795000,False,SFA,Veteran deal,2024,0,0,0,0,0,1,-2,0,,,,-1.39147220214363,0,0,1,0,0,0,0,0,504,288334,288334,https://overthecap.com/player/brycen-tremayne/11514/,https://github.com/nflverse/nflverse-data/releases/download/stats_player/stats_player_reg_2024.csv,2026-09-28
00-0039386,Bub Means,2024,NO,WR,4,1068569,False,Drafted,Rookie deal,2024,0,0,0,0,0,9,118,1,,,,3.35849248926388,0,0,15,0,0,0,0,0,517,678013,868720,https://overthecap.com/player/bub-means/11778/,https://github.com/nflverse/nflverse-data/releases/download/stats_player/stats_player_reg_2024.csv,2026-09-28
00-0037837,Calvin Austin III,2024,PIT,WR,17,1041084,False,Drafted,Rookie deal,2022,0,0,0,0,0,36,548,4,,,,24.1411953166755,0,0,58,0,0,0,0,0,460,1111084,985000,https://overthecap.com/player/calvin-austin-iii/10183/,https://github.com/nflverse/nflverse-data/releases/download/stats_player/stats_player_reg_2024.csv,2026-09-28
00-0034837,Calvin Ridley,2024,TEN,WR,17,23000000,False,UFA,Veteran deal,2024,0,0,0,55,1,64,1017,4,,,-2.31545070331777,28.1781591182862,0,0,120,8,0,1,0,0,507,10000000,25000000,https://overthecap.com/player/calvin-ridley/6911/,https://github.com/nflverse/nflverse-data/releases/download/stats_player/stats_player_reg_2024.csv,2026-09-28
00-0039394,Casey Washington,2024,ATL,WR,2,1053399,False,Drafted,Rookie deal,2024,0,0,0,0,0,1,14,0,,,,0.950796763063408,0,0,2,0,0,0,0,0,539,843399,988596,https://overthecap.com/player/casey-washington/11795/,https://github.com/nflverse/nflverse-data/releases/download/stats_player/stats_player_reg_2024.csv,2026-09-28
00-0038979,Cedric Tillman,2024,CLE,WR,9,1402616,False,Drafted,Rookie deal,2023,0,0,0,-5,0,29,339,3,,,-2.40894636111297,-1.26658790183508,0,0,49,1,0,0,0,1,634,1275105,1005021,https://overthecap.com/player/cedric-tillman/10898/,https://github.com/nflverse/nflverse-data/releases/download/stats_player/stats_player_reg_2024.csv,2026-09-28
00-0034418,Cedrick Wilson Jr.,2024,NO,WR,13,2875000,False,UFA,Veteran deal,2024,21,1,0,0,0,20,211,1,1.15121669037035,64.704492688179,,2.54967611788574,1,1,27,0,1,0,0,0,517,1850000,2850000,https://overthecap.com/player/cedrick-wilson-jr/7093/,https://github.com/nflverse/nflverse-data/releases/download/stats_player/stats_player_reg_2024.csv,2026-09-28
00-0036358,CeeDee Lamb,2024,DAL,WR,15,34000000,False,Extension,Veteran deal,2024,0,0,0,70,0,101,1194,6,,,-3.84035386113101,19.7840450638385,0,0,152,14,0,0,0,1,622,8750000,39150000,https://overthecap.com/player/ceedee-lamb/8757/,https://github.com/nflverse/nflverse-data/releases/download/stats_player/stats_player_reg_2024.csv,2026-09-28
00-0038576,Charlie Jones,2024,CIN,WR,7,1129694,False,Drafted,Rookie deal,2023,0,0,0,0,0,1,5,0,,,,0.163901908614207,0,0,1,0,0,0,0,0,628,1084694,915000,https://overthecap.com/player/charlie-jones/10955/,https://github.com/nflverse/nflverse-data/releases/download/stats_player/stats_player_reg_2024.csv,2026-09-28
00-0036463,Chris Blair,2024,ATL,WR,2,877500,False,SFA,Veteran deal,2024,0,0,0,0,0,1,17,0,,,,-3.77774241857696,0,0,2,0,0,0,0,0,539,132500,132500,https://overthecap.com/player/chris-blair/9449/,https://github.com/nflverse/nflverse-data/releases/download/stats_player/stats_player_reg_2024.csv,2026-09-28
00-0032128,Chris Conley,2024,SF,WR,9,1550000,False,UFA,Veteran deal,2024,0,0,0,0,0,6,76,0,,,,-1.89391662296839,0,0,12,0,0,0,0,0,513,1550000,1550000,https://overthecap.com/player/chris-conley/3924/,https://github.com/nflverse/nflverse-data/releases/download/stats_player/stats_player_reg_2024.csv,2026-09-28
00-0033921,Chris Godwin Jr.,2024,TB,WR,7,20000000,False,Franchise,Veteran deal,2022,0,0,0,2,0,50,576,5,,,1.53554948145757,35.5114577961204,0,0,62,1,0,0,0,0,563,27534000,20000000,https://overthecap.com/player/chris-godwin/5670/,https://github.com/nflverse/nflverse-data/releases/download/stats_player/stats_player_reg_2024.csv,2026-09-28
00-0037239,Chris Olave,2024,NO,WR,8,4817968,False,Drafted,Rookie deal,2022,0,0,0,7,0,32,400,1,,,0.884859304642305,1.48773663933453,0,0,44,1,0,0,0,1,517,5255965,2456988,https://overthecap.com/player/chris-olave/10056/,https://github.com/nflverse/nflverse-data/releases/download/stats_player/stats_player_reg_2024.csv,2026-09-28
00-0034775,Christian Kirk,2024,JAX,WR,8,18000000,False,UFA,Veteran deal,2022,0,0,0,0,0,27,379,1,,,,8.42042643717785,0,0,47,0,0,0,0,0,522,24236941,16235294,https://overthecap.com/player/christian-kirk/6932/,https://github.com/nflverse/nflverse-data/releases/download/stats_player/stats_player_reg_2024.csv,2026-09-28
00-0038124,Christian Watson,2024,GB,WR,14,2310257,False,Drafted,Rookie deal,2022,0,0,0,23,0,29,620,2,,,0.500883241998963,19.813962031478,0,0,53,4,0,0,0,1,464,2520280,1545094,https://overthecap.com/player/christian-watson/10079/,https://github.com/nflverse/nflverse-data/releases/download/stats_player/stats_player_reg_2024.csv,2026-09-28
00-0035164,Cody Thompson,2024,TB,WR,1,985000,False,SFA,Veteran deal,2024,0,0,0,0,0,0,0,0,,,,,0,0,0,0,0,0,0,0,563,480278,480278,https://overthecap.com/player/cody-thompson/8236/,https://github.com/nflverse/nflverse-data/releases/download/stats_player/stats_player_reg_2024.csv,2026-09-28
00-0035891,Cody White,2024,SEA,WR,2,915000,False,SFA,Veteran deal,2024,0,0,0,0,0,2,44,0,,,,2.54746147588594,0,0,3,0,0,0,0,0,569,406667,406667,https://overthecap.com/player/cody-white/9071/,https://github.com/nflverse/nflverse-data/releases/download/stats_player/stats_player_reg_2024.csv,2026-09-28
00-0036254,Collin Johnson,2024,CHI,WR,6,1055000,False,Other / SFA,Unknown,2024,0,0,0,0,0,1,6,0,,,,-0.318918340955861,0,0,2,0,0,0,0,0,526,410278,410278,https://overthecap.com/player/collin-johnson/8905/,https://github.com/nflverse/nflverse-data/releases/download/stats_player/stats_player_reg_2024.csv,2026-09-28
00-0033908,Cooper Kupp,2024,LA,WR,12,26700000,False,Extension,Veteran deal,2022,0,0,0,10,0,67,710,6,,,0.215704405796714,3.86814663352841,0,0,100,2,0,0,0,0,541,29780000,20000000,https://overthecap.com/player/cooper-kupp/5655/,https://github.com/nflverse/nflverse-data/releases/download/stats_player/stats_player_reg_2024.csv,2026-09-28
00-0034348,Courtland Sutton,2024,DEN,WR,16,13750000,False,Other,Unknown,2024,30,1,0,0,0,81,1081,8,7.49073817639146,47.699561715126,,37.1429230541512,2,0,135,0,2,0,0,1,549,7825000,15000000,https://overthecap.com/player/courtland-sutton/6925/,https://github.com/nflverse/nflverse-data/releases/download/stats_player/stats_player_reg_2024.csv,2026-09-28
00-0033282,Curtis Samuel,2024,BUF,WR,14,8000000,False,UFA,Veteran deal,2024,0,0,0,14,0,31,253,1,,,-1.88357723661466,-10.3050698144209,0,0,46,5,0,0,0,0,495,3405000,8540000,https://overthecap.com/player/curtis-samuel/5626/,https://github.com/nflverse/nflverse-data/releases/download/stats_player/stats_player_reg_2024.csv,2026-09-28
00-0034777,DJ Chark,2024,LAC,WR,4,3000000,False,SFA,Veteran deal,2024,0,0,0,0,0,4,31,1,,,,-4.06241325882729,0,0,10,0,0,0,0,0,491,2890000,2450000,https://overthecap.com/player/d-j-chark/6946/,https://github.com/nflverse/nflverse-data/releases/download/stats_player/stats_player_reg_2024.csv,2026-09-28
00-0034827,DJ Moore,2024,CHI,WR,17,27500000,False,Extension,Veteran deal,2024,0,0,0,75,0,98,966,6,-0.44727218337357,-29.8393040895462,1.37395754357567,16.4929151971205,1,0,140,14,0,0,0,1,526,7200000,23200000,https://overthecap.com/player/d-j-moore/6909/,https://github.com/nflverse/nflverse-data/releases/download/stats_player/stats_player_reg_2024.csv,2026-09-28
00-0036527,DJ Turner,2024,LV,WR,12,927500,False,SFA,Veteran deal,2023,0,0,0,33,1,16,158,1,,,0.922777941508684,-11.2915538554032,0,0,29,5,0,0,0,0,592,855833,855833,https://overthecap.com/player/d-j-turner/9839/,https://github.com/nflverse/nflverse-data/releases/download/stats_player/stats_player_reg_2024.csv,2026-09-28
00-0035640,DK Metcalf,2024,SEA,WR,15,24000000,False,Extension,Veteran deal,2022,0,0,0,0,0,66,992,5,,,,23.1695249224438,0,0,108,0,0,0,0,2,569,15000000,13000000,https://overthecap.com/player/d-k-metcalf/7855/,https://github.com/nflverse/nflverse-data/releases/download/stats_player/stats_player_reg_2024.csv,2026-09-28
00-0035976,Dan Chisena,2024,CAR,WR,4,1055000,False,SFA,Veteran deal,2024,0,0,0,0,0,3,37,0,,,,2.03996112314053,0,0,4,0,0,0,0,0,518,175833,175833,https://overthecap.com/player/dan-chisena/9157/,https://github.com/nflverse/nflverse-data/releases/download/stats_player/stats_player_reg_2024.csv,2026-09-28
00-0034860,Dante Pettis,2024,NO,WR,8,1125000,False,SFA,Veteran deal,2024,0,0,0,0,0,12,120,1,,,,-1.7816817793437,0,0,28,0,0,0,0,0,517,273611,312500,https://overthecap.com/player/dante-pettis/6929/,https://github.com/nflverse/nflverse-data/releases/download/stats_player/stats_player_reg_2024.csv,2026-09-28
00-0037093,Dareke Young,2024,SEA,WR,7,940275,False,Drafted,Rookie deal,2022,0,0,0,0,0,0,0,0,,,,-1.76345443446689,0,0,1,0,0,0,0,0,569,1010275,985000,https://overthecap.com/player/dareke-young/10278/,https://github.com/nflverse/nflverse-data/releases/download/stats_player/stats_player_reg_2024.csv,2026-09-28
00-0035535,Darius Slayton,2024,NYG,WR,16,6200000,False,Other,Unknown,2024,0,0,0,17,0,39,573,2,,,1.81578354432713,14.5169287520803,0,0,71,2,0,0,0,0,554,7950000,5805882,https://overthecap.com/player/darius-slayton/7962/,https://github.com/nflverse/nflverse-data/releases/download/stats_player/stats_player_reg_2024.csv,2026-09-28
00-0036309,Darnell Mooney,2024,ATL,WR,16,13000000,False,UFA,Veteran deal,2024,0,0,0,0,0,64,992,5,-0.423818196868524,,,43.9069885450319,1,0,106,0,0,0,0,0,539,7480000,17480000,https://overthecap.com/player/darnell-mooney/8913/,https://github.com/nflverse/nflverse-data/releases/download/stats_player/stats_player_reg_2024.csv,2026-09-28
00-0037257,David Bell,2024,CLE,WR,1,1253285,False,SFA,Veteran deal,2024,0,0,0,0,0,3,27,0,,,,3.21417321183253,0,0,3,0,0,0,0,0,634,1051760,1051760,https://overthecap.com/player/david-bell/10144/,https://github.com/nflverse/nflverse-data/releases/download/stats_player/stats_player_reg_2024.csv,2026-09-28
00-0033589,David Moore,2024,CAR,WR,15,1292500,False,UFA,Veteran deal,2024,0,0,0,0,0,32,351,3,,,-1.34700830315705,8.29301634245876,0,0,57,1,0,0,0,0,518,985000,1292500,https://overthecap.com/player/david-moore/5812/,https://github.com/nflverse/nflverse-data/releases/download/stats_player/stats_player_reg_2024.csv,2026-09-28
00-0031763,DeAndre Carter,2024,CHI,WR,13,1200000,False,SFA,Veteran deal,2024,0,0,0,0,0,9,72,0,,,,-4.03774828871246,0,0,14,0,0,0,0,0,526,1060000,1200000,https://overthecap.com/player/deandre-carter/4390/,https://github.com/nflverse/nflverse-data/releases/download/stats_player/stats_player_reg_2024.csv,2026-09-28
00-0038621,DeMario Douglas,2024,NE,WR,16,993333,False,Drafted,Rookie deal,2023,0,0,0,16,0,66,621,3,,,0.736074057407677,20.8253435181423,0,0,87,3,0,0,0,0,500,948333,915000,https://overthecap.com/player/demario-douglas/11034/,https://github.com/nflverse/nflverse-data/releases/download/stats_player/stats_player_reg_2024.csv,2026-09-28
00-0036912,DeVonta Smith,2024,PHI,WR,13,25000000,False,Extension,Veteran deal,2024,0,0,0,1,0,68,833,8,,,-0.474341305787675,56.7989475519361,0,0,89,1,0,0,0,0,418,8127381,21406554,https://overthecap.com/player/devonta-smith/9474/,https://github.com/nflverse/nflverse-data/releases/download/stats_player/stats_player_reg_2024.csv,2026-09-28
00-0036620,Dee Eskridge,2024,MIA,WR,5,1055000,False,SFA,Veteran deal,2024,0,0,0,0,0,3,44,0,,,,3.12941547005903,0,0,3,0,0,0,0,0,568,644722,644722,https://overthecap.com/player/dwayne-eskridge/9520/,https://github.com/nflverse/nflverse-data/releases/download/stats_player/stats_player_reg_2024.csv,2026-09-28
00-0035719,Deebo Samuel Sr.,2024,SF,WR,15,23850000,False,Extension,Veteran deal,2022,0,0,0,136,1,51,670,3,-2.08983199129667,,-9.08093104601074,11.0711857427697,0,1,81,42,0,0,0,0,513,12226753,21922000,https://overthecap.com/player/deebo-samuel/7827/,https://github.com/nflverse/nflverse-data/releases/download/stats_player/stats_player_reg_2024.csv,2026-09-28
00-0032775,Demarcus Robinson,2024,LA,WR,17,4000000,False,UFA,Veteran deal,2024,0,0,0,0,0,31,505,7,,,,8.23438702503021,0,0,64,0,0,0,0,0,541,4000000,5000000,https://overthecap.com/player/demarcus-robinson/4839/,https://github.com/nflverse/nflverse-data/releases/download/stats_player/stats_player_reg_2024.csv,2026-09-28
00-0035215,Deonte Harty,2024,BAL,WR,5,1292500,False,SFA,Veteran deal,2024,0,0,0,0,0,0,0,0,,,,,0,0,0,0,0,0,0,0,457,1152500,1292500,https://overthecap.com/player/deonte-harty/8512/,https://github.com/nflverse/nflverse-data/releases/download/stats_player/stats_player_reg_2024.csv,2026-09-28
00-0038573,Derius Davis,2024,LAC,WR,15,1137982,False,Drafted,Rookie deal,2023,0,0,0,39,0,13,112,2,,,-4.03776177047985,5.42593206168385,0,0,17,12,0,0,0,0,491,1092982,915000,https://overthecap.com/player/derius-davis/10949/,https://github.com/nflverse/nflverse-data/releases/download/stats_player/stats_player_reg_2024.csv,2026-09-28
00-0039424,Devaughn Vele,2024,DEN,WR,13,1031120,False,Drafted,Rookie deal,2024,0,0,0,0,0,41,475,3,,,,35.0866053564532,0,0,55,0,0,0,0,0,549,821120,899480,https://overthecap.com/player/devaughn-vele/11843/,https://github.com/nflverse/nflverse-data/releases/download/stats_player/stats_player_reg_2024.csv,2026-09-28
00-0037487,Deven Thompkins,2024,CAR,WR,5,985000,False,SFA,Veteran deal,2024,0,0,0,7,0,4,20,0,,,-0.145589088846464,-0.128483151842374,0,0,4,2,0,0,0,0,518,383056,383056,https://overthecap.com/player/deven-thompkins/10658/,https://github.com/nflverse/nflverse-data/releases/download/stats_player/stats_player_reg_2024.csv,2026-09-28
00-0036331,Devin Duvernay,2024,JAX,WR,13,4250000,False,UFA,Veteran deal,2024,0,0,0,3,0,11,79,0,,,-1.06709508429049,3.42231275065569,0,0,16,4,0,0,0,0,522,2382353,4982353,https://overthecap.com/player/devin-duvernay/8832/,https://github.com/nflverse/nflverse-data/releases/download/stats_player/stats_player_reg_2024.csv,2026-09-28
00-0039792,Devontez Walker,2024,BAL,WR,3,1204463,False,Drafted,Rookie deal,2024,0,0,0,0,0,1,21,1,,,,1.22273593023419,0,0,3,0,0,0,0,0,457,994463,1592852,https://overthecap.com/player/devontez-walker/11721/,https://github.com/nflverse/nflverse-data/releases/download/stats_player/stats_player_reg_2024.csv,2026-09-28
00-0038393,Dontayvion Wicks,2024,GB,WR,17,1035636,False,Drafted,Rookie deal,2023,0,0,0,0,0,39,415,5,,,,-7.75879602670816,0,0,76,0,0,0,0,0,464,990636,915000,https://overthecap.com/player/dontayvion-wicks/10983/,https://github.com/nflverse/nflverse-data/releases/download/stats_player/stats_player_reg_2024.csv,2026-09-28
00-0037238,Drake London,2024,ATL,WR,17,5383618,False,Drafted,Rookie deal,2022,0,0,0,-3,0,100,1271,9,,,-2.36973818624392,36.7307283147638,0,0,158,1,0,0,0,0,539,5873038,2662680,https://overthecap.com/player/drake-london/10053/,https://github.com/nflverse/nflverse-data/releases/download/stats_player/stats_player_reg_2024.csv,2026-09-28
00-0036980,Elijah Moore,2024,CLE,WR,17,2235106,False,Drafted,Rookie deal,2021,0,0,0,1,0,61,538,1,,,-0.435511637479067,-36.9109757365239,0,0,102,1,0,0,0,0,634,3116000,3116000,https://overthecap.com/player/elijah-moore/9498/,https://github.com/nflverse/nflverse-data/releases/download/stats_player/stats_player_reg_2024.csv,2026-09-28
00-0038092,Erik Ezukanma,2024,MIA,WR,1,1042500,False,SFA,Veteran deal,2024,0,0,0,0,0,0,0,0,,,,-2.41914490703493,0,0,2,0,0,0,0,0,568,109444,109444,https://overthecap.com/player/erik-ezukanma/10170/,https://github.com/nflverse/nflverse-data/releases/download/stats_player/stats_player_reg_2024.csv,2026-09-28
00-0036196,Gabe Davis,2024,JAX,WR,10,13000000,False,UFA,Veteran deal,2024,0,0,0,0,0,20,239,2,,,,-4.12269204573543,0,0,42,0,0,0,0,1,522,4700000,13294118,https://overthecap.com/player/gabriel-davis/8868/,https://github.com/nflverse/nflverse-data/releases/download/stats_player/stats_player_reg_2024.csv,2026-09-28
00-0037740,Garrett Wilson,2024,NYJ,WR,17,5138502,False,Drafted,Rookie deal,2022,0,0,0,5,0,101,1104,7,,,-0.123319635633379,22.0505017172907,0,0,154,2,0,0,0,2,589,5605638,2573546,https://overthecap.com/player/garrett-wilson/10055/,https://github.com/nflverse/nflverse-data/releases/download/stats_player/stats_player_reg_2024.csv,2026-09-28
00-0037247,George Pickens,2024,PIT,WR,14,1688047,False,Drafted,Rookie deal,2022,0,0,0,-6,0,59,900,3,,,-1.80520472151693,27.9176320060996,0,0,103,2,0,0,0,1,460,1841506,1318836,https://overthecap.com/player/george-pickens/10097/,https://github.com/nflverse/nflverse-data/releases/download/stats_player/stats_player_reg_2024.csv,2026-09-28
00-0038507,Grant DuBose,2024,MIA,WR,2,795000,False,SFA,Veteran deal,2024,0,0,0,0,0,2,11,0,,,,-4.10426956950687,0,0,4,0,0,0,0,0,568,524166,524166,https://overthecap.com/player/grant-dubose/11080/,https://github.com/nflverse/nflverse-data/releases/download/stats_player/stats_player_reg_2024.csv,2026-09-28
00-0035500,Greg Dortch,2024,ARI,WR,17,1125000,False,ERFA,Veteran deal,2024,0,0,0,31,0,37,342,3,,,2.24516739317914,7.38093510685943,0,0,50,5,0,0,0,1,523,985000,1125000,https://overthecap.com/player/greg-dortch/8297/,https://github.com/nflverse/nflverse-data/releases/download/stats_player/stats_player_reg_2024.csv,2026-09-28
00-0036635,Ihmir Smith-Marsette,2024,NYG,WR,15,1055000,False,SFA,Veteran deal,2024,0,0,0,0,0,0,0,0,,,,,0,0,0,0,0,0,0,0,554,996389,996389,https://overthecap.com/player/ihmir-smith-marsette/9621/,https://github.com/nflverse/nflverse-data/releases/download/stats_player/stats_player_reg_2024.csv,2026-09-28
00-0037156,Irvin Charles,2024,NYJ,WR,8,832500,False,SFA,Veteran deal,2023,0,0,0,0,0,0,0,0,,,,-0.40983277419582,0,0,1,0,0,0,0,0,589,821667,821667,https://overthecap.com/player/irvin-charles/10714/,https://github.com/nflverse/nflverse-data/releases/download/stats_player/stats_player_reg_2024.csv,2026-09-28
00-0036165,Isaiah Hodgins,2024,NYG,WR,2,1035000,False,SFA,Veteran deal,2024,0,0,0,0,0,2,12,0,,,,0.517643641214818,0,0,2,0,0,0,0,0,554,416166,416166,https://overthecap.com/player/isaiah-hodgins/8947/,https://github.com/nflverse/nflverse-data/releases/download/stats_player/stats_player_reg_2024.csv,2026-09-28
00-0039907,Ja'Lynn Polk,2024,NE,WR,14,2423686,False,Drafted,Rookie deal,2024,0,0,0,0,0,12,87,2,,,-0.688484604470432,-20.7477742554437,0,0,33,1,0,0,0,0,500,1762681,4665724,https://overthecap.com/player/jalynn-polk/11645/,https://github.com/nflverse/nflverse-data/releases/download/stats_player/stats_player_reg_2024.csv,2026-09-28
00-0036900,Ja'Marr Chase,2024,CIN,WR,17,7704911,False,Drafted,Rookie deal,2021,0,0,0,32,0,127,1708,17,,,2.02173203870188,77.0104412978267,0,0,175,3,0,0,0,0,628,9806250,4862679,https://overthecap.com/player/jamarr-chase/9469/,https://github.com/nflverse/nflverse-data/releases/download/stats_player/stats_player_reg_2024.csv,2026-09-28
00-0039365,Jacob Cowing,2024,SF,WR,15,1137177,False,Drafted,Rookie deal,2024,0,0,0,7,0,4,80,0,,,0.380619133356959,4.25527123385109,0,0,6,1,0,0,0,0,513,927177,1323708,https://overthecap.com/player/jacob-cowing/11743/,https://github.com/nflverse/nflverse-data/releases/download/stats_player/stats_player_reg_2024.csv,2026-09-28
00-0037741,Jahan Dotson,2024,PHI,WR,14,3762089,False,Drafted,Rookie deal,2022,0,0,0,13,0,19,216,0,,,0.752118825912476,-1.14436646367408,0,0,33,1,0,0,0,0,418,1573032,1573032,https://overthecap.com/player/jahan-dotson/10061/,https://github.com/nflverse/nflverse-data/releases/download/stats_player/stats_player_reg_2024.csv,2026-09-28
00-0038752,Jake Bobo,2024,SEA,WR,12,901667,False,UDFA,Rookie deal,2023,0,0,0,0,0,13,107,1,,,,3.86357947449153,0,0,17,0,0,0,0,0,569,918333,915000,https://overthecap.com/player/jake-bobo/11395/,https://github.com/nflverse/nflverse-data/releases/download/stats_player/stats_player_reg_2024.csv,2026-09-28
00-0034960,Jakobi Meyers,2024,LV,WR,15,11000000,False,UFA,Veteran deal,2023,0,0,0,23,0,87,1027,4,-1.56762638897635,,1.41136659926269,32.4013058252465,0,1,129,2,0,0,0,0,592,9477333,10940000,https://overthecap.com/player/jakobi-meyers/8083/,https://github.com/nflverse/nflverse-data/releases/download/stats_player/stats_player_reg_2024.csv,2026-09-28
00-0038640,Jalen Brooks,2024,DAL,WR,12,980589,False,Drafted,Rookie deal,2023,0,0,0,0,0,12,177,1,,,,-17.6751778526307,0,0,30,0,0,0,0,0,622,935589,915000,https://overthecap.com/player/jalen-brooks/11068/,https://github.com/nflverse/nflverse-data/releases/download/stats_player/stats_player_reg_2024.csv,2026-09-28
00-0039491,Jalen Coker,2024,CAR,WR,11,877500,False,SFA,Veteran deal,2024,19,0,0,0,0,32,478,2,1.31070934201125,41.2450075149536,,29.0746030884826,1,0,46,0,1,0,0,0,518,662500,662500,https://overthecap.com/player/jalen-coker/12030/,https://github.com/nflverse/nflverse-data/releases/download/stats_player/stats_player_reg_2024.csv,2026-09-28
00-0039855,Jalen McMillan,2024,TB,WR,13,1415756,False,Drafted,Rookie deal,2024,0,0,0,43,0,37,461,8,,,4.43155519425636,10.1319111772563,0,0,58,4,0,0,0,0,563,1029641,1733564,https://overthecap.com/player/jalen-mcmillan/11700/,https://github.com/nflverse/nflverse-data/releases/download/stats_player/stats_player_reg_2024.csv,2026-09-28
00-0037291,Jalen Nailor,2024,MIN,WR,15,960165,False,Drafted,Rookie deal,2022,0,0,0,-4,0,28,414,6,,,-3.06586950947531,24.5631259945951,0,0,42,3,0,0,0,0,517,1030165,985000,https://overthecap.com/player/jalen-nailor/10236/,https://github.com/nflverse/nflverse-data/releases/download/stats_player/stats_player_reg_2024.csv,2026-09-28
00-0036387,Jalen Reagor,2024,LAC,WR,7,1125000,False,SFA,Veteran deal,2024,0,0,0,-3,0,7,100,0,,,-2.34163665992674,-7.27586233012443,0,0,12,3,0,0,0,1,491,389167,439167,https://overthecap.com/player/jalen-reagor/8761/,https://github.com/nflverse/nflverse-data/releases/download/stats_player/stats_player_reg_2024.csv,2026-09-28
00-0037666,Jalen Tolbert,2024,DAL,WR,17,1283930,False,Drafted,Rookie deal,2022,0,0,0,0,0,49,610,7,,,,25.2190162823434,0,0,79,0,0,0,0,0,622,1400651,1171884,https://overthecap.com/player/jalen-tolbert/10133/,https://github.com/nflverse/nflverse-data/releases/download/stats_player/stats_player_reg_2024.csv,2026-09-28
00-0037387,Jalen Virgil,2024,BUF,WR,3,972500,False,SFA,Veteran deal,2024,0,0,0,0,0,0,0,0,,,,,0,0,0,0,0,0,0,0,495,75833,75833,https://overthecap.com/player/jalen-virgil/10317/,https://github.com/nflverse/nflverse-data/releases/download/stats_player/stats_player_reg_2024.csv,2026-09-28
00-0038938,Jalin Hyatt,2024,NYG,WR,10,1406329,False,Drafted,Rookie deal,2023,0,0,0,0,0,8,62,0,,,,-6.58760229247855,0,0,19,0,0,0,0,0,554,1278481,1005696,https://overthecap.com/player/jalin-hyatt/10897/,https://github.com/nflverse/nflverse-data/releases/download/stats_player/stats_player_reg_2024.csv,2026-09-28
00-0039379,Jamari Thrash,2024,CLE,WR,6,1086352,False,Drafted,Rookie deal,2024,0,0,0,0,0,3,22,0,,,,-2.14027787127998,0,0,7,0,0,0,0,0,634,876352,1120408,https://overthecap.com/player/jamari-thrash/11764/,https://github.com/nflverse/nflverse-data/releases/download/stats_player/stats_player_reg_2024.csv,2026-09-28
00-0036133,James Proche,2024,CLE,WR,9,1125000,False,SFA / UFA,Veteran deal,2024,0,0,0,0,0,3,21,0,,,,0.943087106978055,0,0,3,0,0,0,0,0,634,109444,125000,https://overthecap.com/player/james-proche/8941/,https://github.com/nflverse/nflverse-data/releases/download/stats_player/stats_player_reg_2024.csv,2026-09-28
00-0037240,Jameson Williams,2024,DET,WR,15,4365448,False,Drafted,Rookie deal,2022,0,0,0,61,1,58,1001,7,,,2.80503744306043,37.6172364185104,0,0,91,11,0,0,0,0,522,4552036,2082165,https://overthecap.com/player/jameson-williams/10057/,https://github.com/nflverse/nflverse-data/releases/download/stats_player/stats_player_reg_2024.csv,2026-09-28
00-0031941,Jamison Crowder,2024,WAS,WR,5,1260000,False,UFA,Veteran deal,2024,0,0,0,0,0,9,72,2,,,,2.07360224919997,0,0,13,0,0,0,0,0,504,776666,932222,https://overthecap.com/player/jamison-crowder/3953/,https://github.com/nflverse/nflverse-data/releases/download/stats_player/stats_player_reg_2024.csv,2026-09-28
00-0036259,Jauan Jennings,2024,SF,WR,15,5945000,False,RFA,Veteran deal,2024,0,0,0,0,0,77,975,6,,,,43.23980611465,0,0,113,0,0,0,0,0,513,2848471,7816471,https://overthecap.com/player/jauan-jennings/8957/,https://github.com/nflverse/nflverse-data/releases/download/stats_player/stats_player_reg_2024.csv,2026-09-28
00-0039853,Javon Baker,2024,NE,WR,6,1209149,False,Drafted,Rookie deal,2024,0,0,0,0,0,1,12,0,,,,-0.841275895363651,0,0,4,0,0,0,0,0,500,999149,1611596,https://overthecap.com/player/javon-baker/11718/,https://github.com/nflverse/nflverse-data/releases/download/stats_player/stats_player_reg_2024.csv,2026-09-28
00-0038543,Jaxon Smith-Njigba,2024,SEA,WR,17,3604327,False,Drafted,Rookie deal,2023,35,0,0,26,0,100,1130,6,2.24360939417966,69.830247759819,0.0267391607630998,48.4443404936788,1,0,137,5,1,0,0,0,569,3276661,1405332,https://overthecap.com/player/jaxon-smith-njigba/10844/,https://github.com/nflverse/nflverse-data/releases/download/stats_player/stats_player_reg_2024.csv,2026-09-28
00-0039146,Jayden Reed,2024,GB,WR,17,1795195,False,Drafted,Rookie deal,2023,0,0,0,163,1,55,857,6,,,-2.87531996826874,41.1304412043586,0,0,75,20,0,1,0,0,464,1631995,1076399,https://overthecap.com/player/jayden-reed/10874/,https://github.com/nflverse/nflverse-data/releases/download/stats_player/stats_player_reg_2024.csv,2026-09-28
00-0036613,Jaylen Waddle,2024,MIA,WR,15,28250000,False,Extension,Veteran deal,2024,0,0,0,12,0,58,744,2,,,-0.143261743331095,40.1558419702437,0,0,83,4,0,0,0,0,568,9094435,19928546,https://overthecap.com/player/jaylen-waddle/9470/,https://github.com/nflverse/nflverse-data/releases/download/stats_player/stats_player_reg_2024.csv,2026-09-28
00-0039810,Jermaine Burton,2024,CIN,WR,8,1455224,False,Drafted,Rookie deal,2024,0,0,0,0,0,4,107,0,,,,-4.54055739149165,0,0,14,0,0,0,0,0,628,1058345,1848380,https://overthecap.com/player/jermaine-burton/11688/,https://github.com/nflverse/nflverse-data/releases/download/stats_player/stats_player_reg_2024.csv,2026-09-28
00-0036407,Jerry Jeudy,2024,CLE,WR,17,17500000,False,Extension,Veteran deal,2024,0,0,0,0,0,90,1229,4,,,,38.7985588668923,0,0,145,0,0,0,0,0,634,4700000,19000000,https://overthecap.com/player/jerry-jeudy/8755/,https://github.com/nflverse/nflverse-data/releases/download/stats_player/stats_player_reg_2024.csv,2026-09-28
00-0039392,Jha'Quan Jackson,2024,TEN,WR,12,1055917,False,Drafted,Rookie deal,2024,0,0,0,-5,0,1,8,0,,,-1.693612330826,-1.84849076898536,0,0,3,1,0,0,0,0,507,845917,998668,https://overthecap.com/player/jhaquan-jackson/11790/,https://github.com/nflverse/nflverse-data/releases/download/stats_player/stats_player_reg_2024.csv,2026-09-28
00-0037614,John Metchie III,2024,HOU,WR,10,2017544,False,Drafted,Rookie deal,2022,0,0,0,0,0,24,254,1,,,,3.06795239713329,0,0,37,0,0,0,0,0,547,2200957,1438652,https://overthecap.com/player/john-metchie-iii/10089/,https://github.com/nflverse/nflverse-data/releases/download/stats_player/stats_player_reg_2024.csv,2026-09-28
00-0039236,Johnny Wilson,2024,PHI,WR,10,1054252,False,Drafted,Rookie deal,2024,0,0,0,0,0,5,38,1,,,,-1.15410872104658,0,0,15,0,0,0,0,0,418,844252,992008,https://overthecap.com/player/johnny-wilson/11793/,https://github.com/nflverse/nflverse-data/releases/download/stats_player/stats_player_reg_2024.csv,2026-09-28
00-0038994,Jordan Addison,2024,MIN,WR,15,3432934,False,Drafted,Rookie deal,2023,0,0,0,20,1,63,875,9,,,2.73059510550229,35.2618086675861,0,0,99,3,0,0,0,0,517,3120849,1374170,https://overthecap.com/player/jordan-addison/10847/,https://github.com/nflverse/nflverse-data/releases/download/stats_player/stats_player_reg_2024.csv,2026-09-28
00-0039751,Jordan Whittington,2024,LA,WR,14,1039597,False,Drafted,Rookie deal,2024,0,0,0,12,0,22,293,0,,,3.07164090371225,16.5118813024019,0,0,28,2,0,0,0,0,541,829597,933388,https://overthecap.com/player/jordan-whittington/11821/,https://github.com/nflverse/nflverse-data/releases/download/stats_player/stats_player_reg_2024.csv,2026-09-28
00-0038997,Josh Downs,2024,IND,WR,14,1380114,False,Drafted,Rookie deal,2023,0,0,0,12,0,72,803,5,,,-0.872418099315837,25.5972637405168,0,0,107,1,0,0,0,0,492,1254649,1000930,https://overthecap.com/player/josh-downs/10903/,https://github.com/nflverse/nflverse-data/releases/download/stats_player/stats_player_reg_2024.csv,2026-09-28
00-0036988,Josh Palmer,2024,LAC,WR,15,1258014,False,Drafted,Rookie deal,2021,0,0,0,0,0,39,584,1,,,,27.325709030052,0,0,65,0,0,0,0,0,491,3370919,3116000,https://overthecap.com/player/josh-palmer/9541/,https://github.com/nflverse/nflverse-data/releases/download/stats_player/stats_player_reg_2024.csv,2026-09-28
00-0033857,JuJu Smith-Schuster,2024,KC,WR,11,1210000,False,SFA,Veteran deal,2024,0,0,0,0,0,18,231,2,,,,1.28468529034279,0,0,26,0,0,0,0,0,572,1210000,1210000,https://overthecap.com/player/juju-smith-schuster/5648/,https://github.com/nflverse/nflverse-data/releases/download/stats_player/stats_player_reg_2024.csv,2026-09-28
00-0036322,Justin Jefferson,2024,MIN,WR,17,35000000,False,Extension,Veteran deal,2024,22,0,0,3,0,103,1533,10,3.05090669821948,10.4562044143677,-0.218719784868881,64.1931116031112,1,0,154,1,1,0,0,0,517,8612600,38063000,https://overthecap.com/player/justin-jefferson/8762/,https://github.com/nflverse/nflverse-data/releases/download/stats_player/stats_player_reg_2024.csv,2026-09-28
00-0034386,Justin Watson,2024,KC,WR,15,1700000,False,UFA,Veteran deal,2023,0,0,0,0,0,22,289,2,,,,19.0869593959854,0,0,32,0,0,0,0,0,572,2920000,3180000,https://overthecap.com/player/justin-watson/7029/,https://github.com/nflverse/nflverse-data/releases/download/stats_player/stats_player_reg_2024.csv,2026-09-28
00-0037216,Justyn Ross,2024,KC,WR,1,853333,False,UDFA,Rookie deal,2022,0,0,0,0,0,0,0,0,,,,-1.216528201635,0,0,1,0,0,0,0,0,572,301666,301666,https://overthecap.com/player/justyn-ross/10370/,https://github.com/nflverse/nflverse-data/releases/download/stats_player/stats_player_reg_2024.csv,2026-09-28
00-0037801,KaVontae Turpin,2024,DAL,WR,17,853333,False,UDFA,Rookie deal,2022,0,0,0,92,0,31,420,2,,,3.18908834329341,9.19865874760476,0,0,52,16,0,0,0,1,622,985000,985000,https://overthecap.com/player/kavontae-turpin/10803/,https://github.com/nflverse/nflverse-data/releases/download/stats_player/stats_player_reg_2024.csv,2026-09-28
00-0037380,Kaden Davis,2024,CLE,WR,1,817500,False,SFA,Veteran deal,2024,0,0,0,0,0,0,0,0,,,,,0,0,0,0,0,0,0,0,634,44167,44167,https://overthecap.com/player/kaden-davis/10724/,https://github.com/nflverse/nflverse-data/releases/download/stats_player/stats_player_reg_2024.csv,2026-09-28
00-0032464,Kalif Raymond,2024,DET,WR,12,5250000,False,Extension,Veteran deal,2023,0,0,0,0,0,17,215,2,,,-0.983896369696595,13.2915539111744,0,0,22,2,0,0,0,0,522,3250000,4026471,https://overthecap.com/player/kalif-raymond/5127/,https://github.com/nflverse/nflverse-data/releases/download/stats_player/stats_player_reg_2024.csv,2026-09-28
00-0039589,Kameron Johnson,2024,TB,WR,4,946667,False,UDFA,Rookie deal,2024,0,0,0,11,0,0,0,0,,,0.991510027495679,-1.64784452304462,0,0,1,2,0,0,0,0,563,617777,624444,https://overthecap.com/player/kameron-johnson/12082/,https://github.com/nflverse/nflverse-data/releases/download/stats_player/stats_player_reg_2024.csv,2026-09-28
00-0038608,Kayshon Boutte,2024,NE,WR,15,1006816,False,Drafted,Rookie deal,2023,0,0,0,0,0,43,589,3,,,,20.7365254341252,0,0,68,0,0,0,0,0,500,961816,915000,https://overthecap.com/player/kayshon-boutte/11011/,https://github.com/nflverse/nflverse-data/releases/download/stats_player/stats_player_reg_2024.csv,2026-09-28
00-0030279,Keenan Allen,2024,CHI,WR,15,20025000,False,Extension,Veteran deal,2020,0,0,1,0,0,70,744,7,-5.9111632690765,-58.8852345943451,,21.2708398955505,1,0,121,0,0,0,0,0,526,23100000,23100000,https://overthecap.com/player/keenan-allen/2227/,https://github.com/nflverse/nflverse-data/releases/download/stats_player/stats_player_reg_2024.csv,2026-09-28
00-0037422,Kendric Pryor,2024,CIN,WR,1,915000,False,SFA,Veteran deal,2024,0,0,0,0,0,1,9,0,,,,0.680167773389258,0,0,1,0,0,0,0,0,628,301666,301666,https://overthecap.com/player/kendric-pryor/10694/,https://github.com/nflverse/nflverse-data/releases/download/stats_player/stats_player_reg_2024.csv,2026-09-28
00-0033307,Kendrick Bourne,2024,NE,WR,12,6500000,False,UFA,Veteran deal,2024,0,0,0,6,0,28,305,1,-1.31996548431925,-75.7276773452759,0.699229638790712,8.12840236273723,1,0,38,1,0,0,0,0,500,3500000,6300000,https://overthecap.com/player/kendrick-bourne/5995/,https://github.com/nflverse/nflverse-data/releases/download/stats_player/stats_player_reg_2024.csv,2026-09-28
00-0039901,Keon Coleman,2024,BUF,WR,13,2518565,False,Drafted,Rookie deal,2024,0,0,0,9,0,29,556,4,,,0.781900940928608,25.2691459557943,0,0,57,1,0,0,0,0,495,1831683,4941732,https://overthecap.com/player/keon-coleman/11641/,https://github.com/nflverse/nflverse-data/releases/download/stats_player/stats_player_reg_2024.csv,2026-09-28
00-0037231,Kevin Austin Jr.,2024,NO,WR,8,877500,False,SFA,Veteran deal,2024,0,0,0,9,0,11,151,0,,,0.841218133806251,2.35145185020519,0,0,22,1,0,0,0,0,517,220833,220833,https://overthecap.com/player/kevin-austin-jr/10540/,https://github.com/nflverse/nflverse-data/releases/download/stats_player/stats_player_reg_2024.csv,2026-09-28
00-0034854,KhaDarel Hodge,2024,ATL,WR,11,1292500,False,UFA,Veteran deal,2024,0,0,0,0,0,7,131,1,,,,8.25685050128959,0,0,12,0,0,0,0,0,539,1152500,1292500,https://overthecap.com/player/khadarel-hodge/7678/,https://github.com/nflverse/nflverse-data/releases/download/stats_player/stats_player_reg_2024.csv,2026-09-28
00-0037261,Khalil Shakir,2024,BUF,WR,15,1001788,False,Drafted,Rookie deal,2022,0,0,0,4,0,76,821,4,,,-0.981347924796864,44.175831342973,0,0,100,2,0,0,0,0,495,1071788,985000,https://overthecap.com/player/khalil-shakir/10193/,https://github.com/nflverse/nflverse-data/releases/download/stats_player/stats_player_reg_2024.csv,2026-09-28
00-0036183,Kristian Wilkerson,2024,LV,WR,1,985000,False,SFA,Veteran deal,2024,0,0,0,0,0,2,18,1,,,,2.86149290617323,0,0,3,0,0,0,0,0,592,351666,351666,https://overthecap.com/player/kristian-wilkerson/9305/,https://github.com/nflverse/nflverse-data/releases/download/stats_player/stats_player_reg_2024.csv,2026-09-28
00-0039915,Ladd McConkey,2024,LAC,WR,16,2498797,False,Drafted,Rookie deal,2024,0,0,0,0,0,82,1149,7,,,,65.7074433469266,0,0,112,0,0,0,0,0,491,1817306,4884224,https://overthecap.com/player/ladd-mcconkey/11642/,https://github.com/nflverse/nflverse-data/releases/download/stats_player/stats_player_reg_2024.csv,2026-09-28
00-0035406,Lil'Jordan Humphrey,2024,DEN,WR,14,1125000,False,SFA / UFA,Veteran deal,2024,0,0,0,0,0,31,293,1,,,,-8.64249681328704,0,0,45,0,0,0,0,1,549,875556,1000000,https://overthecap.com/player/liljordan-humphrey/8357/,https://github.com/nflverse/nflverse-data/releases/download/stats_player/stats_player_reg_2024.csv,2026-09-28
00-0039355,Luke McCaffrey,2024,WAS,WR,13,1399078,False,Drafted,Rookie deal,2024,0,0,0,0,0,18,168,0,,,,3.36310601115405,0,0,24,0,0,0,0,0,504,1017511,1685044,https://overthecap.com/player/luke-mccaffrey/11708/,https://github.com/nflverse/nflverse-data/releases/download/stats_player/stats_player_reg_2024.csv,2026-09-28
00-0033555,Mack Hollins,2024,BUF,WR,17,2600000,False,UFA,Veteran deal,2024,0,0,0,0,0,31,378,5,,,,24.4405726772305,0,0,50,0,0,0,0,0,495,2600000,2775000,https://overthecap.com/player/mack-hollins/5704/,https://github.com/nflverse/nflverse-data/releases/download/stats_player/stats_player_reg_2024.csv,2026-09-28
00-0039920,Malachi Corley,2024,NYJ,WR,5,1518364,False,Drafted,Rookie deal,2024,0,0,0,26,0,3,16,0,,,-4.43124410655582,-3.64381541276816,0,0,6,2,0,1,0,0,589,1104265,2032060,https://overthecap.com/player/malachi-corley/11673/,https://github.com/nflverse/nflverse-data/releases/download/stats_player/stats_player_reg_2024.csv,2026-09-28
00-0038465,Malik Heath,2024,GB,WR,5,901333,False,UDFA,Rookie deal,2023,0,0,0,0,0,10,97,2,,,,8.31953933415934,0,0,13,0,0,0,0,0,464,918000,915000,https://overthecap.com/player/malik-heath/11189/,https://github.com/nflverse/nflverse-data/releases/download/stats_player/stats_player_reg_2024.csv,2026-09-28
00-0039337,Malik Nabers,2024,NYG,WR,15,7301938,False,Drafted,Rookie deal,2024,0,0,0,2,0,109,1204,7,-0.963732368283672,-69.1604137420654,-0.559814713138621,45.6944160882511,1,0,170,5,0,0,0,0,554,5310500,18857000,https://overthecap.com/player/malik-nabers/11614/,https://github.com/nflverse/nflverse-data/releases/download/stats_player/stats_player_reg_2024.csv,2026-09-28
00-0039880,Malik Washington,2024,MIA,WR,14,1054890,False,Drafted,Rookie deal,2024,0,0,0,25,1,26,223,0,,,0.697106748935767,7.02231647982262,0,0,36,5,0,0,0,0,568,844890,994560,https://overthecap.com/player/malik-washington/11792/,https://github.com/nflverse/nflverse-data/releases/download/stats_player/stats_player_reg_2024.csv,2026-09-28
00-0035662,Marquise Brown,2024,KC,WR,2,7000000,False,UFA,Veteran deal,2024,0,0,0,0,0,9,91,0,,,,4.15760489745298,0,0,15,0,0,0,0,0,572,6955882,6794118,https://overthecap.com/player/marquise-brown/7816/,https://github.com/nflverse/nflverse-data/releases/download/stats_player/stats_player_reg_2024.csv,2026-09-28
00-0039849,Marvin Harrison Jr.,2024,ARI,WR,17,8843686,False,Drafted,Rookie deal,2024,0,0,0,0,0,62,885,8,,,,27.3088771691884,0,0,116,0,0,0,0,1,523,6431771,23342084,https://overthecap.com/player/marvin-harrison-jr/11612/,https://github.com/nflverse/nflverse-data/releases/download/stats_player/stats_player_reg_2024.csv,2026-09-28
00-0038976,Marvin Mims Jr.,2024,DEN,WR,17,1517159,False,Drafted,Rookie deal,2023,0,0,0,42,0,39,503,6,,,-2.57846459688153,22.4124603020632,0,0,52,13,0,0,0,0,549,1379235,1025847,https://overthecap.com/player/marvin-mims/10887/,https://github.com/nflverse/nflverse-data/releases/download/stats_player/stats_player_reg_2024.csv,2026-09-28
00-0036176,Mason Kinsey,2024,TEN,WR,6,972500,False,SFA,Veteran deal,2024,0,0,0,0,0,2,17,0,,,,0.798377008002717,0,0,2,0,0,0,0,0,507,254167,254167,https://overthecap.com/player/mason-kinsey/9298/,https://github.com/nflverse/nflverse-data/releases/download/stats_player/stats_player_reg_2024.csv,2026-09-28
00-0039623,Mason Tipton,2024,NO,WR,9,946667,False,UDFA,Rookie deal,2024,0,0,0,0,0,14,99,0,,,,-10.480804391489,0,0,26,0,0,0,0,0,517,798333,805000,https://overthecap.com/player/mason-tipton/12118/,https://github.com/nflverse/nflverse-data/releases/download/stats_player/stats_player_reg_2024.csv,2026-09-28
00-0037708,Maurice Alexander,2024,DET,WR,2,915000,False,SFA,Veteran deal,2024,0,0,0,0,0,0,0,0,,,,,0,0,0,0,0,0,0,0,522,25000,25000,https://overthecap.com/player/maurice-alexander/10808/,https://github.com/nflverse/nflverse-data/releases/download/stats_player/stats_player_reg_2024.csv,2026-09-28
00-0035140,Mecole Hardman,2024,KC,WR,12,1125000,False,SFA,Veteran deal,2024,0,0,0,62,1,12,90,0,,,5.6644174066023,4.30809964373475,0,0,14,5,0,0,0,0,572,855833,970833,https://overthecap.com/player/mecole-hardman/7847/,https://github.com/nflverse/nflverse-data/releases/download/stats_player/stats_player_reg_2024.csv,2026-09-28
00-0036252,Michael Pittman,2024,IND,WR,16,23333333,False,Franchise,Veteran deal,2024,0,0,0,0,0,69,808,3,,,,1.23844207772279,0,0,111,0,0,0,0,1,492,18000000,28000000,https://overthecap.com/player/michael-pittman-jr/8774/,https://github.com/nflverse/nflverse-data/releases/download/stats_player/stats_player_reg_2024.csv,2026-09-28
00-0038559,Michael Wilson,2024,ARI,WR,16,1334866,False,Drafted,Rookie deal,2023,0,0,0,7,0,47,548,4,,,-0.814475663122721,10.1235617534646,0,0,71,1,0,0,0,1,523,1213514,992703,https://overthecap.com/player/michael-wilson/10918/,https://github.com/nflverse/nflverse-data/releases/download/stats_player/stats_player_reg_2024.csv,2026-09-28
00-0031408,Mike Evans,2024,TB,WR,14,20500000,False,UFA,Veteran deal,2024,0,0,0,0,0,74,1004,11,,,,38.5256073476458,0,0,110,0,0,0,0,0,563,5568000,23666668,https://overthecap.com/player/mike-evans/2946/,https://github.com/nflverse/nflverse-data/releases/download/stats_player/stats_player_reg_2024.csv,2026-09-28
00-0037300,Mike Woods,2024,CLE,WR,5,972500,False,SFA,Veteran deal,2024,0,0,0,0,0,7,65,0,,,,-9.09170924811042,0,0,17,0,0,0,0,0,634,254167,254167,https://overthecap.com/player/michael-woods/10247/,https://github.com/nflverse/nflverse-data/releases/download/stats_player/stats_player_reg_2024.csv,2026-09-28
00-0031549,Nelson Agholor,2024,BAL,WR,13,3750000,False,UFA,Veteran deal,2024,0,0,0,0,0,14,231,2,,,,7.09026324288536,0,0,29,0,0,0,0,0,457,2135000,3750000,https://overthecap.com/player/nelson-agholor/3868/,https://github.com/nflverse/nflverse-data/releases/download/stats_player/stats_player_reg_2024.csv,2026-09-28
00-0036182,Nick Westbrook-Ikhine,2024,TEN,WR,14,2000000,False,UFA,Veteran deal,2024,0,0,0,0,0,32,497,9,,,,12.6874892773248,0,0,60,0,0,0,0,0,507,1292500,2000000,https://overthecap.com/player/nick-westbrook-ikhine/9304/,https://github.com/nflverse/nflverse-data/releases/download/stats_player/stats_player_reg_2024.csv,2026-09-28
00-0036554,Nico Collins,2024,HOU,WR,12,24250000,False,Extension,Veteran deal,2024,0,0,0,0,0,68,1006,7,,,,42.8328683307189,0,0,99,0,0,0,0,0,547,6643205,19057180,https://overthecap.com/player/nico-collins/9553/,https://github.com/nflverse/nflverse-data/releases/download/stats_player/stats_player_reg_2024.csv,2026-09-28
00-0038519,Nikko Remigio,2024,KC,WR,5,877500,False,SFA,Veteran deal,2024,0,0,0,0,0,2,48,0,,,,-0.401454297360033,0,0,6,0,0,0,0,0,572,220833,220833,https://overthecap.com/player/nikko-remigio/11319/,https://github.com/nflverse/nflverse-data/releases/download/stats_player/stats_player_reg_2024.csv,2026-09-28
00-0033591,Noah Brown,2024,WAS,WR,11,1210000,False,SFA,Veteran deal,2024,0,0,0,0,0,35,453,1,,,,12.031629731719,0,0,56,0,0,0,0,0,504,1210000,1210000,https://overthecap.com/player/noah-brown/5825/,https://github.com/nflverse/nflverse-data/releases/download/stats_player/stats_player_reg_2024.csv,2026-09-28
00-0035208,Olamide Zaccheaus,2024,WAS,WR,16,1292500,False,UFA,Veteran deal,2024,0,0,0,8,0,45,506,3,,,0.587526916584466,25.0822926334267,0,0,64,1,0,0,0,0,504,1152500,1292500,https://overthecap.com/player/olamide-zaccheaus/8393/,https://github.com/nflverse/nflverse-data/releases/download/stats_player/stats_player_reg_2024.csv,2026-09-28
00-0038606,Parker Washington,2024,JAX,WR,14,1008066,False,Drafted,Rookie deal,2023,0,0,0,0,0,32,390,3,,,,13.4405623737517,0,0,51,0,0,0,0,0,522,963066,915000,https://overthecap.com/player/parker-washington/11009/,https://github.com/nflverse/nflverse-data/releases/download/stats_player/stats_player_reg_2024.csv,2026-09-28
00-0039075,Puka Nacua,2024,LA,WR,11,1021245,False,Drafted,Rookie deal,2023,0,0,0,46,1,79,990,3,,,2.14573083654977,52.345289923627,0,0,106,11,0,0,0,0,541,976245,915000,https://overthecap.com/player/puka-nacua/11001/,https://github.com/nflverse/nflverse-data/releases/download/stats_player/stats_player_reg_2024.csv,2026-09-28
00-0038544,Quentin Johnston,2024,LAC,WR,15,3547197,False,Drafted,Rookie deal,2023,0,0,0,6,0,55,711,8,,,-0.813873316859826,34.9080823615811,0,0,91,3,0,0,0,0,491,3224724,1394945,https://overthecap.com/player/quentin-johnston/10845/,https://github.com/nflverse/nflverse-data/releases/download/stats_player/stats_player_reg_2024.csv,2026-09-28
00-0038821,Rakim Jarrett,2024,TB,WR,8,906667,False,UDFA,Rookie deal,2023,0,0,0,0,0,9,124,0,,,,7.41458555612858,0,0,11,0,0,0,0,0,563,760000,751667,https://overthecap.com/player/rakim-jarrett/11375/,https://github.com/nflverse/nflverse-data/releases/download/stats_player/stats_player_reg_2024.csv,2026-09-28
00-0039543,Ramel Keyton,2024,LV,WR,3,877500,False,SFA,Veteran deal,2024,0,0,0,0,0,1,7,0,,,,0.062585995416157,0,0,3,0,0,0,0,0,592,441667,441667,https://overthecap.com/player/ramel-keyton/12160/,https://github.com/nflverse/nflverse-data/releases/download/stats_player/stats_player_reg_2024.csv,2026-09-28
00-0039067,Rashee Rice,2024,KC,WR,4,1623805,False,Drafted,Rookie deal,2023,0,0,0,1,0,24,288,2,,,2.34961192391347,16.4732722085319,0,0,29,1,0,0,0,0,572,1476186,1045237,https://overthecap.com/player/rashee-rice/10879/,https://github.com/nflverse/nflverse-data/releases/download/stats_player/stats_player_reg_2024.csv,2026-09-28
00-0037545,Rashid Shaheed,2024,NO,WR,6,3092500,False,ERFA,Veteran deal,2024,0,0,0,29,0,20,349,3,,,1.17259196576197,-5.93385909062968,0,0,41,6,0,0,0,0,517,1235000,1985000,https://overthecap.com/player/rashid-shaheed/10704/,https://github.com/nflverse/nflverse-data/releases/download/stats_player/stats_player_reg_2024.csv,2026-09-28
00-0036550,Rashod Bateman,2024,BAL,WR,16,6435949,False,Extension,Veteran deal,2024,0,0,0,0,0,45,756,9,,,,44.9819791109956,0,0,72,0,0,0,0,0,457,3834135,4500000,https://overthecap.com/player/rashod-bateman/9491/,https://github.com/nflverse/nflverse-data/releases/download/stats_player/stats_player_reg_2024.csv,2026-09-28
00-0034407,Ray-Ray McCloud,2024,ATL,WR,17,2500000,False,SFA,Veteran deal,2024,0,0,0,79,0,62,686,1,,,2.36769409381668,5.62533058408268,0,0,87,10,0,0,0,1,539,1880000,2380000,https://overthecap.com/player/ray-ray-mccloud/7072/,https://github.com/nflverse/nflverse-data/releases/download/stats_player/stats_player_reg_2024.csv,2026-09-28
00-0039916,Ricky Pearsall,2024,SF,WR,11,3134600,False,Drafted,Rookie deal,2024,0,0,0,45,0,31,400,3,-0.530975111527368,,2.20618218905292,7.52167377494537,1,0,46,3,0,0,0,0,513,2279709,6733836,https://overthecap.com/player/ricky-pearsall/11639/,https://github.com/nflverse/nflverse-data/releases/download/stats_player/stats_player_reg_2024.csv,2026-09-28
00-0034054,River Cracraft,2024,MIA,WR,5,1292500,False,UFA,Veteran deal,2024,0,0,0,0,0,7,66,0,,,,4.59573005896527,0,0,9,0,0,0,0,0,568,1100000,1292500,https://overthecap.com/player/river-cracraft/6437/,https://github.com/nflverse/nflverse-data/releases/download/stats_player/stats_player_reg_2024.csv,2026-09-28
00-0030431,Robert Woods,2024,HOU,WR,14,7625000,False,SFA,Veteran deal,2023,0,0,0,0,0,20,203,0,,,,0.984630996966449,0,0,30,0,0,0,0,1,547,9720588,6470588,https://overthecap.com/player/robert-woods/2428/,https://github.com/nflverse/nflverse-data/releases/download/stats_player/stats_player_reg_2024.csv,2026-09-28
00-0039919,Rome Odunze,2024,CHI,WR,17,5681125,False,Drafted,Rookie deal,2024,0,0,0,15,0,54,734,3,,,0.575859468372073,16.0611612963145,0,0,101,3,0,0,0,1,526,4131727,14141908,https://overthecap.com/player/rome-odunze/11617/,https://github.com/nflverse/nflverse-data/releases/download/stats_player/stats_player_reg_2024.csv,2026-09-28
00-0037816,Romeo Doubs,2024,GB,WR,13,1085979,False,Drafted,Rookie deal,2022,0,0,0,0,0,46,601,4,,,,29.7335812525981,0,0,72,0,0,0,0,0,464,1101257,930278,https://overthecap.com/player/romeo-doubs/10177/,https://github.com/nflverse/nflverse-data/releases/download/stats_player/stats_player_reg_2024.csv,2026-09-28
00-0038647,Ronnie Bell,2024,SF,WR,4,979446,False,Drafted,Rookie deal,2023,0,0,0,0,0,2,22,0,,,,-4.30638633202761,0,0,6,0,0,0,0,0,513,62500,62500,https://overthecap.com/player/ronnie-bell/11077/,https://github.com/nflverse/nflverse-data/releases/download/stats_player/stats_player_reg_2024.csv,2026-09-28
00-0039410,Ryan Flournoy,2024,DAL,WR,9,1039597,False,Drafted,Rookie deal,2024,0,0,0,0,0,10,102,0,,,,-2.8049568743445,0,0,14,0,0,0,0,1,622,829597,933388,https://overthecap.com/player/ryan-flournoy/11824/,https://github.com/nflverse/nflverse-data/releases/download/stats_player/stats_player_reg_2024.csv,2026-09-28
00-0038824,Ryan Miller,2024,TB,WR,9,877500,False,SFA,Veteran deal,2024,0,0,0,0,0,12,128,2,,,,4.84786595053788,0,0,20,0,0,0,0,0,563,485833,485833,https://overthecap.com/player/ryan-miller/11504/,https://github.com/nflverse/nflverse-data/releases/download/stats_player/stats_player_reg_2024.csv,2026-09-28
00-0035298,Scott Miller,2024,PIT,WR,6,1292500,False,SFA,Veteran deal,2024,0,0,0,0,0,5,69,0,,,,4.49280000955332,0,0,9,0,0,0,0,0,460,1152500,1253088,https://overthecap.com/player/scott-miller/7999/,https://github.com/nflverse/nflverse-data/releases/download/stats_player/stats_player_reg_2024.csv,2026-09-28
00-0036646,Simi Fehoko,2024,LAC,WR,6,1055000,False,SFA,Veteran deal,2024,0,0,0,0,0,6,106,0,,,,2.68425364916416,0,0,16,0,0,0,0,0,491,800000,800000,https://overthecap.com/player/simi-fehoko/9643/,https://github.com/nflverse/nflverse-data/releases/download/stats_player/stats_player_reg_2024.csv,2026-09-28
00-0038090,Skyy Moore,2024,KC,WR,3,1612627,False,Drafted,Rookie deal,2022,0,0,0,0,0,0,0,0,,,,-2.91975799726788,0,0,3,0,0,0,0,0,572,1759229,1291410,https://overthecap.com/player/skyy-moore/10099/,https://github.com/nflverse/nflverse-data/releases/download/stats_player/stats_player_reg_2024.csv,2026-09-28
00-0031588,Stefon Diggs,2024,HOU,WR,8,22520000,False,Other,Unknown,2024,13,0,0,8,1,47,496,3,2.76291913574096,10.5839133262634,0.630191695468966,18.0810690174737,1,0,64,3,1,0,0,0,547,5876000,22385000,https://overthecap.com/player/stefon-diggs/3994/,https://github.com/nflverse/nflverse-data/releases/download/stats_player/stats_player_reg_2024.csv,2026-09-28
00-0032385,Sterling Shepard,2024,TB,WR,13,1327500,False,SFA,Veteran deal,2024,0,0,0,69,0,32,334,1,,,2.70103057916276,15.6184279738549,0,0,51,8,0,0,0,0,563,883611,1058611,https://overthecap.com/player/sterling-shepard/4753/,https://github.com/nflverse/nflverse-data/releases/download/stats_player/stats_player_reg_2024.csv,2026-09-28
00-0038977,Tank Dell,2024,HOU,WR,14,1422276,False,Drafted,Rookie deal,2023,0,0,0,43,0,51,667,3,,,-2.26305238634814,21.8984566964169,0,0,81,9,0,0,0,0,547,1292978,1008596,https://overthecap.com/player/tank-dell/10893/,https://github.com/nflverse/nflverse-data/releases/download/stats_player/stats_player_reg_2024.csv,2026-09-28
00-0037524,Tay Martin,2024,TEN,WR,1,880000,False,SFA,Veteran deal,2024,0,0,0,0,0,1,49,1,,,,5.36829500051681,0,0,2,0,0,0,0,0,507,44167,44167,https://overthecap.com/player/tay-martin/10555/,https://github.com/nflverse/nflverse-data/releases/download/stats_player/stats_player_reg_2024.csv,2026-09-28
00-0036410,Tee Higgins,2024,CIN,WR,12,21816000,False,Franchise,Veteran deal,2024,0,0,0,0,0,73,911,10,,,,56.4012959927986,0,0,109,0,0,0,0,1,628,21816000,21816000,https://overthecap.com/player/tee-higgins/8773/,https://github.com/nflverse/nflverse-data/releases/download/stats_player/stats_player_reg_2024.csv,2026-09-28
00-0036955,Terrace Marshall Jr.,2024,LV,WR,5,1055000,False,SFA,Veteran deal,2024,0,0,0,0,0,3,41,0,,,,-0.519154131414975,0,0,6,0,0,0,0,0,592,351667,351667,https://overthecap.com/player/terrace-marshall-jr/9523/,https://github.com/nflverse/nflverse-data/releases/download/stats_player/stats_player_reg_2024.csv,2026-09-28
00-0035659,Terry McLaurin,2024,WAS,WR,17,23200000,False,Extension,Veteran deal,2022,0,0,0,2,0,82,1096,13,,,-6.18236161198001,70.8199081860492,0,0,117,2,0,1,0,0,504,24100000,18500000,https://overthecap.com/player/terry-mclaurin/7867/,https://github.com/nflverse/nflverse-data/releases/download/stats_player/stats_player_reg_2024.csv,2026-09-28
00-0036497,Tim Jones,2024,JAX,WR,8,985000,False,ERFA,Veteran deal,2024,0,0,0,0,0,3,41,0,,,,1.99419450061396,0,0,5,0,0,0,0,0,522,985000,985000,https://overthecap.com/player/tim-jones/9785/,https://github.com/nflverse/nflverse-data/releases/download/stats_player/stats_player_reg_2024.csv,2026-09-28
00-0033375,Tim Patrick,2024,DET,WR,15,1125000,False,SFA,Veteran deal,2024,0,0,0,0,0,33,394,3,,,,19.748532686152,0,0,44,0,0,0,0,0,522,820833,937500,https://overthecap.com/player/tim-patrick/6035/,https://github.com/nflverse/nflverse-data/releases/download/stats_player/stats_player_reg_2024.csv,2026-09-28
00-0038563,Tre Tucker,2024,LV,WR,17,1326021,False,Drafted,Rookie deal,2023,0,0,0,44,1,47,539,3,,,2.73912213757285,12.2734947501078,0,0,81,9,0,0,0,0,592,1205473,991095,https://overthecap.com/player/tre-tucker/10924/,https://github.com/nflverse/nflverse-data/releases/download/stats_player/stats_player_reg_2024.csv,2026-09-28
00-0034487,Trent Sherfield,2024,MIN,WR,13,1790000,False,UFA,Veteran deal,2024,0,0,0,0,0,8,83,1,,,,1.97356238786597,0,0,9,0,0,0,0,0,517,1790000,1790000,https://overthecap.com/player/trent-sherfield/7544/,https://github.com/nflverse/nflverse-data/releases/download/stats_player/stats_player_reg_2024.csv,2026-09-28
00-0033292,Trent Taylor,2024,SF,WR,2,1125000,False,UFA,Veteran deal,2024,0,0,0,0,0,1,11,0,,,,0.504246017197147,0,0,1,0,0,0,0,0,513,340322,348100,https://overthecap.com/player/trent-taylor/5763/,https://github.com/nflverse/nflverse-data/releases/download/stats_player/stats_player_reg_2024.csv,2026-09-28
00-0039052,Trey Palmer,2024,TB,WR,15,1004824,False,Drafted,Rookie deal,2023,0,0,0,0,0,12,172,1,,,,5.94501059522736,0,0,22,0,0,0,0,0,563,959824,915000,https://overthecap.com/player/trey-palmer/11015/,https://github.com/nflverse/nflverse-data/releases/download/stats_player/stats_player_reg_2024.csv,2026-09-28
00-0037742,Treylon Burks,2024,TEN,WR,5,3592398,False,Drafted,Rookie deal,2022,0,0,0,1,0,4,34,0,,,-0.934104999178089,0.170757247018628,0,0,8,2,0,0,0,0,507,3918979,2011326,https://overthecap.com/player/treylon-burks/10063/,https://github.com/nflverse/nflverse-data/releases/download/stats_player/stats_player_reg_2024.csv,2026-09-28
00-0039868,Troy Franklin,2024,DEN,WR,16,1222459,False,Drafted,Rookie deal,2024,0,0,0,8,0,28,263,2,,,-0.251734478515573,-18.4296856334885,0,0,53,2,0,0,0,0,549,1008709,1649836,https://overthecap.com/player/troy-franklin/11710/,https://github.com/nflverse/nflverse-data/releases/download/stats_player/stats_player_reg_2024.csv,2026-09-28
00-0036849,Tutu Atwell,2024,LA,WR,15,1477175,False,Drafted,Rookie deal,2021,0,0,0,7,0,42,562,0,-0.511101376265287,-34.2591792345047,-1.8077101655798,18.690671786649,1,0,62,2,0,0,0,0,541,1880040,1465731,https://overthecap.com/player/tutu-atwell/9521/,https://github.com/nflverse/nflverse-data/releases/download/stats_player/stats_player_reg_2024.csv,2026-09-28
00-0036630,Tylan Wallace,2024,BAL,WR,12,1041339,False,Drafted,Rookie deal,2021,0,0,0,0,0,11,193,1,,,,12.6860419278382,0,0,12,0,0,0,0,0,457,1226339,1055000,https://overthecap.com/player/tylan-wallace/9595/,https://github.com/nflverse/nflverse-data/releases/download/stats_player/stats_player_reg_2024.csv,2026-09-28
00-0033009,Tyler Boyd,2024,TEN,WR,15,2400000,False,SFA,Veteran deal,2024,0,0,0,3,0,39,390,0,-0.434416036820039,-39.1662240028381,0.874165728571825,2.87887368983872,1,0,57,1,0,0,0,0,507,2400000,2370000,https://overthecap.com/player/tyler-boyd/4768/,https://github.com/nflverse/nflverse-data/releases/download/stats_player/stats_player_reg_2024.csv,2026-09-28
00-0036427,Tyler Johnson,2024,LA,WR,11,1130000,False,SFA,Veteran deal,2024,0,0,0,0,0,26,291,1,,,,-2.66421960092078,0,0,41,0,0,0,0,0,541,1130000,1130000,https://overthecap.com/player/tyler-johnson/8901/,https://github.com/nflverse/nflverse-data/releases/download/stats_player/stats_player_reg_2024.csv,2026-09-28
00-0032211,Tyler Lockett,2024,SEA,WR,17,15000000,False,Other,Unknown,2024,0,0,0,0,0,49,600,2,,,,12.3036886070825,0,0,74,0,0,0,0,0,569,18895000,13000000,https://overthecap.com/player/tyler-lockett/3917/,https://github.com/nflverse/nflverse-data/releases/download/stats_player/stats_player_reg_2024.csv,2026-09-28
00-0038941,Tyler Scott,2024,CHI,WR,4,1125862,False,Drafted,Rookie deal,2023,0,0,0,0,0,1,5,0,,,,-0.072181174706202,0,0,1,0,0,0,0,0,526,1080862,915000,https://overthecap.com/player/tyler-scott/10957/,https://github.com/nflverse/nflverse-data/releases/download/stats_player/stats_player_reg_2024.csv,2026-09-28
00-0033040,Tyreek Hill,2024,MIA,WR,17,30000000,False,Extension,Veteran deal,2024,0,0,0,53,0,81,959,6,,,-1.23606371856295,26.2454514581641,0,0,123,8,0,0,0,0,568,32037574,26250000,https://overthecap.com/player/tyreek-hill/4878/,https://github.com/nflverse/nflverse-data/releases/download/stats_player/stats_player_reg_2024.csv,2026-09-28
00-0037450,Tyreik McAllister,2024,LV,WR,2,795000,False,SFA,Veteran deal,2024,0,0,0,11,0,0,0,0,,,-0.0164878789801151,,0,0,0,2,0,0,0,0,592,112500,112500,https://overthecap.com/player/tyreik-mcallister/10699/,https://github.com/nflverse/nflverse-data/releases/download/stats_player/stats_player_reg_2024.csv,2026-09-28
00-0038679,Tyrell Shavers,2024,BUF,WR,1,882000,False,SFA,Veteran deal,2024,0,0,0,0,0,1,69,1,,,,7.09404285252094,0,0,1,0,0,0,0,0,495,320001,320001,https://overthecap.com/player/tyrell-shavers/11469/,https://github.com/nflverse/nflverse-data/releases/download/stats_player/stats_player_reg_2024.csv,2026-09-28
00-0036415,Van Jefferson,2024,PIT,WR,15,1292500,False,UFA,Veteran deal,2024,0,0,0,0,0,24,276,2,,,,2.06995269989443,0,0,40,0,0,0,0,0,460,1152500,1292500,https://overthecap.com/player/van-jefferson/8797/,https://github.com/nflverse/nflverse-data/releases/download/stats_player/stats_player_reg_2024.csv,2026-09-28
00-0038117,Wan'Dale Robinson,2024,NYG,WR,17,2046292,False,Drafted,Rookie deal,2022,0,0,0,18,0,93,699,3,,,-2.68111150315963,-24.2395161905211,0,0,140,3,0,0,0,0,554,2232318,1449106,https://overthecap.com/player/wandale-robinson/10088/,https://github.com/nflverse/nflverse-data/releases/download/stats_player/stats_player_reg_2024.csv,2026-09-28
00-0038496,Xavier Gipson,2024,NYJ,WR,17,903333,False,UDFA,Rookie deal,2023,0,0,0,5,0,6,39,1,,,0.405187711585313,-2.65795819136826,0,0,10,1,0,0,0,0,589,920000,915000,https://overthecap.com/player/xavier-gipson/11255/,https://github.com/nflverse/nflverse-data/releases/download/stats_player/stats_player_reg_2024.csv,2026-09-28
00-0038618,Xavier Hutchinson,2024,HOU,WR,14,1000925,False,Drafted,Rookie deal,2023,0,0,0,0,0,12,117,0,,,,-7.80888694642438,0,0,26,0,0,0,0,0,547,955925,915000,https://overthecap.com/player/xavier-hutchinson/11029/,https://github.com/nflverse/nflverse-data/releases/download/stats_player/stats_player_reg_2024.csv,2026-09-28
00-0039342,Xavier Legette,2024,CAR,WR,15,3089294,False,Drafted,Rookie deal,2024,0,0,0,24,0,49,497,4,,,-0.590758771402761,4.51776354083611,0,0,84,6,0,0,0,0,518,2246759,6602036,https://overthecap.com/player/xavier-legette/11640/,https://github.com/nflverse/nflverse-data/releases/download/stats_player/stats_player_reg_2024.csv,2026-09-28
00-0038359,Xavier Smith,2024,LA,WR,14,877500,False,SFA,Veteran deal,2024,0,0,0,36,0,2,6,0,,,2.8280149831553,-0.0994464058894664,0,0,2,4,0,0,0,0,541,530000,530000,https://overthecap.com/player/xavier-smith/11126/,https://github.com/nflverse/nflverse-data/releases/download/stats_player/stats_player_reg_2024.csv,2026-09-28
00-0039521,Xavier Weaver,2024,ARI,WR,2,953333,False,UDFA,Rookie deal,2024,0,0,0,0,0,0,0,0,,,,-1.64481001852674,0,0,2,0,0,0,0,0,523,805000,825000,https://overthecap.com/player/xavier-weaver/12238/,https://github.com/nflverse/nflverse-data/releases/download/stats_player/stats_player_reg_2024.csv,2026-09-28
00-0039894,Xavier Worthy,2024,KC,WR,16,3447566,False,Drafted,Rookie deal,2024,0,0,0,104,3,59,638,6,,,2.96006648201728,19.355431489203,0,0,98,20,0,0,0,0,572,2507321,7644284,https://overthecap.com/player/xavier-worthy/11636/,https://github.com/nflverse/nflverse-data/releases/download/stats_player/stats_player_reg_2024.csv,2026-09-28
00-0033251,Zach Pascal,2024,ARI,WR,3,2250000,False,UFA,Veteran deal,2023,0,0,0,0,0,0,0,0,,,,,0,0,0,0,0,0,0,0,523,2670000,1920000,https://overthecap.com/player/zach-pascal/5961/,https://github.com/nflverse/nflverse-data/releases/download/stats_player/stats_player_reg_2024.csv,2026-09-28
00-0039064,Zay Flowers,2024,BAL,WR,17,3509110,False,Drafted,Rookie deal,2023,0,0,0,56,0,74,1059,4,,,2.14622293785214,44.6566891678379,0,0,116,9,0,0,0,0,457,3190100,1388020,https://overthecap.com/player/zay-flowers/10846/,https://github.com/nflverse/nflverse-data/releases/download/stats_player/stats_player_reg_2024.csv,2026-09-28
00-0033891,Zay Jones,2024,ARI,WR,6,2250000,False,SFA,Veteran deal,2024,0,0,0,0,0,8,84,0,,,,-0.475085731246509,0,0,11,0,0,0,0,0,523,1738333,1738333,https://overthecap.com/player/zay-jones/5623/,https://github.com/nflverse/nflverse-data/releases/download/stats_player/stats_player_reg_2024.csv,2026-09-28
00-0023459,Aaron Rodgers,2025,PIT,QB,16,13650000,False,SFA,Veteran deal,2025,3322,24,7,61,1,1,-9,0,28.3245858144168,0.0416869013491324,-2.95120707369991,-1.5339853016194,498,29,1,21,327,0,1,0,522,14150000,14120588,https://overthecap.com/player/aaron-rodgers/1085/,https://github.com/nflverse/nflverse-data/releases/download/stats_player/stats_player_reg_2025.csv,2026-09-28
00-0038658,Adrian Martinez,2025,SF,QB,1,840000,False,SFA,Veteran deal,2025,0,0,0,-1,0,0,0,0,,,-2.32438810926396,,0,0,0,1,0,0,0,0,550,39000,39000,https://overthecap.com/player/adrian-martinez/11480/,https://github.com/nflverse/nflverse-data/releases/download/stats_player/stats_player_reg_2025.csv,2026-09-28
00-0038579,Aidan O'Connell,2025,LV,QB,1,1087345,False,Drafted,Rookie deal,2023,102,0,0,7,0,0,0,0,-5.86369217034538,-23.5717979344455,0.156770496862009,,22,1,0,1,10,0,0,0,494,1157345,1030000,https://overthecap.com/player/aidan-oconnell/10959/,https://github.com/nflverse/nflverse-data/releases/download/stats_player/stats_player_reg_2025.csv,2026-09-28
00-0027973,Andy Dalton,2025,CAR,QB,4,4000000,False,UFA,Veteran deal,2025,293,1,1,-2,0,0,0,0,-5.66167037785717,6.59592002630234,-8.65915322024375,,37,8,0,5,25,1,1,0,480,3203666,4000000,https://overthecap.com/player/andy-dalton/160/,https://github.com/nflverse/nflverse-data/releases/download/stats_player/stats_player_reg_2025.csv,2026-09-28
00-0039164,Anthony Richardson,2025,IND,QB,2,8498508,False,Drafted,Rookie deal,2023,9,0,0,-1,0,1,9,0,-1.21161995315924,-8.09004306793213,-2.42982201743871,0.457541021518409,2,0,1,4,1,0,0,0,530,9271099,3840366,https://overthecap.com/player/anthony-richardson/10828/,https://github.com/nflverse/nflverse-data/releases/download/stats_player/stats_player_reg_2025.csv,2026-09-28
00-0034855,Baker Mayfield,2025,TB,QB,17,33333333,False,UFA,Veteran deal,2024,3693,26,11,382,1,0,0,0,0.677550827275322,-2.11614655928096,35.7214688725108,,543,36,0,55,343,0,3,0,541,26475000,31000000,https://overthecap.com/player/baker-mayfield/6886/,https://github.com/nflverse/nflverse-data/releases/download/stats_player/stats_player_reg_2025.csv,2026-09-28
00-0039732,Bo Nix,2025,DEN,QB,17,4653292,False,Drafted,Rookie deal,2024,3931,25,11,356,5,0,0,0,63.3227576069413,-1.1956391265012,8.41374438881546,-0.45860766939586,612,22,1,83,388,1,1,0,584,4230265,1641053,https://overthecap.com/player/bo-nix/11620/,https://github.com/nflverse/nflverse-data/releases/download/stats_player/stats_player_reg_2025.csv,2026-09-28
00-0040398,Brady Cook,2025,NYJ,QB,5,922500,False,SFA,Veteran deal,2025,739,2,7,49,0,0,0,0,-68.3438606620258,-10.0291003045198,-4.2883396979887,,153,19,0,13,88,0,1,0,472,233333,233333,https://overthecap.com/player/brady-cook/12669/,https://github.com/nflverse/nflverse-data/releases/download/stats_player/stats_player_reg_2025.csv,2026-09-28
00-0032434,Brandon Allen,2025,TEN,QB,1,1422500,False,UFA,Veteran deal,2025,72,0,1,0,0,0,0,0,-24.0283908552294,-13.0822396278381,,,30,1,0,0,17,0,0,0,530,1197500,1422500,https://overthecap.com/player/brandon-allen/4914/,https://github.com/nflverse/nflverse-data/releases/download/stats_player/stats_player_reg_2025.csv,2026-09-28
00-0037834,Brock Purdy,2025,SF,QB,9,53000000,False,Extension,Veteran deal,2025,2167,20,10,147,3,0,0,0,63.1299391168206,7.22850085619618,16.1920897064847,,284,11,0,33,197,0,2,0,550,9119253,41100000,https://overthecap.com/player/brock-purdy/10307/,https://github.com/nflverse/nflverse-data/releases/download/stats_player/stats_player_reg_2025.csv,2026-09-28
00-0039150,Bryce Young,2025,CAR,QB,16,9488769,False,Drafted,Rookie deal,2023,3011,23,11,216,2,0,0,0,-21.9729164071974,0.998920477456875,4.17317515252313,,478,27,0,54,304,2,2,0,480,10351384,4200462,https://overthecap.com/player/bryce-young/10825/,https://github.com/nflverse/nflverse-data/releases/download/stats_player/stats_player_reg_2025.csv,2026-09-28
00-0039163,C.J. Stroud,2025,HOU,QB,14,9069811,False,Drafted,Rookie deal,2023,3041,19,8,209,1,0,0,0,47.6611981935781,0.357673352495988,15.042248274062,,423,23,0,48,273,0,0,0,553,9894339,4048113,https://overthecap.com/player/c-j-stroud/10826/,https://github.com/nflverse/nflverse-data/releases/download/stats_player/stats_player_reg_2025.csv,2026-09-28
00-0039918,Caleb Williams,2025,CHI,QB,17,9871515,False,Drafted,Rookie deal,2024,3942,27,7,388,3,2,22,1,42.2173957579903,-3.50543139891933,5.39883143406452,5.27700967562851,568,24,2,77,330,0,1,0,532,8974104,2589821,https://overthecap.com/player/caleb-williams/11609/,https://github.com/nflverse/nflverse-data/releases/download/stats_player/stats_player_reg_2025.csv,2026-09-28
00-0040676,Cam Ward,2025,TEN,QB,17,12209901,False,Drafted,Rookie deal,2025,3169,15,7,159,2,0,0,0,-109.093751088605,-2.92967536107811,8.49429983037982,,540,55,0,39,323,0,7,0,530,8879928,32999712,https://overthecap.com/player/cam-ward/12361/,https://github.com/nflverse/nflverse-data/releases/download/stats_player/stats_player_reg_2025.csv,2026-09-28
00-0032950,Carson Wentz,2025,MIN,QB,5,1422500,False,SFA,Veteran deal,2025,1216,6,5,57,0,0,0,0,6.30060296515278,1.11124149020414,-3.24826871609678,,169,19,0,11,110,0,0,0,468,1197500,1422500,https://overthecap.com/player/carson-wentz/4715/,https://github.com/nflverse/nflverse-data/releases/download/stats_player/stats_player_reg_2025.csv,2026-09-28
00-0037324,Chris Oladokun,2025,KC,QB,3,922500,False,SFA,Veteran deal,2025,235,1,0,18,0,0,0,0,-30.1231291323971,-3.90130441922408,-5.56923865285353,,55,8,0,5,35,1,1,0,549,140000,140000,https://overthecap.com/player/chris-oladokun/10286/,https://github.com/nflverse/nflverse-data/releases/download/stats_player/stats_player_reg_2025.csv,2026-09-28
00-0038582,Clayton Tune,2025,GB,QB,2,1087500,False,SFA,Veteran deal,2025,42,0,1,23,0,0,0,0,-19.8993445220985,-21.888706939561,2.17913718568161,,15,5,0,5,7,0,0,0,460,57222,57222,https://overthecap.com/player/clayton-tune/10963/,https://github.com/nflverse/nflverse-data/releases/download/stats_player/stats_player_reg_2025.csv,2026-09-28
00-0033662,Cooper Rush,2025,BAL,QB,4,3100000,False,UFA,Veteran deal,2025,303,0,4,-4,0,0,0,0,-18.8471721773384,-1.93986553771823,-5.58112201245967,,52,1,0,4,34,1,0,0,407,1904000,4100000,https://overthecap.com/player/cooper-rush/6234/,https://github.com/nflverse/nflverse-data/releases/download/stats_player/stats_player_reg_2025.csv,2026-09-28
00-0033077,Dak Prescott,2025,DAL,QB,17,60000000,False,Extension,Veteran deal,2024,4552,30,10,177,2,0,0,0,114.349433204959,2.20166228915731,-9.43114470178952,,600,31,0,53,404,1,1,0,607,50518430,47750000,https://overthecap.com/player/dak-prescott/4848/,https://github.com/nflverse/nflverse-data/releases/download/stats_player/stats_player_reg_2025.csv,2026-09-28
00-0035710,Daniel Jones,2025,IND,QB,13,14000000,False,UFA,Veteran deal,2025,3101,19,8,164,5,0,0,0,65.2555149975867,2.29714193229062,16.1764076690454,,384,22,0,45,261,0,3,0,530,14600000,14600000,https://overthecap.com/player/daniel-jones/7797/,https://github.com/nflverse/nflverse-data/releases/download/stats_player/stats_player_reg_2025.csv,2026-09-28
00-0036898,Davis Mills,2025,HOU,QB,6,7000000,False,Extension,Veteran deal,2025,915,5,1,60,1,0,0,0,-16.7552503912622,-6.61342173422638,-0.84783208552096,,159,8,0,13,91,0,0,0,553,4058000,4700000,https://overthecap.com/player/davis-mills/9531/,https://github.com/nflverse/nflverse-data/releases/download/stats_player/stats_player_reg_2025.csv,2026-09-28
00-0040704,Dillon Gabriel,2025,CLE,QB,10,1556581,False,Drafted,Rookie deal,2025,937,7,2,86,0,0,0,0,-44.8978418359568,-7.50705682111709,0.428002541244496,,185,19,0,14,110,0,0,0,522,1132058,2008232,https://overthecap.com/player/dillon-gabriel/12454/,https://github.com/nflverse/nflverse-data/releases/download/stats_player/stats_player_reg_2025.csv,2026-09-28
00-0039851,Drake Maye,2025,NE,QB,17,9159941,False,Drafted,Rookie deal,2024,4394,31,8,450,4,1,2,0,166.214541956108,10.7812747390846,11.2128673671761,-1.32933220104314,492,47,1,103,354,0,3,0,482,8327219,2460444,https://overthecap.com/player/drake-maye/11611/,https://github.com/nflverse/nflverse-data/releases/download/stats_player/stats_player_reg_2025.csv,2026-09-28
00-0035704,Drew Lock,2025,SEA,QB,3,2500000,False,UFA,Veteran deal,2025,15,0,0,-5,0,0,0,0,-0.892722808755934,-14.2897804578145,-0.96694847010076,,3,0,0,6,2,0,0,0,455,2250000,2750000,https://overthecap.com/player/drew-lock/7833/,https://github.com/nflverse/nflverse-data/releases/download/stats_player/stats_player_reg_2025.csv,2026-09-28
00-0035289,Gardner Minshew,2025,KC,QB,4,1170000,False,SFA,Veteran deal,2025,37,0,1,2,0,0,0,0,-6.41468302690191,-20.5304549498992,-0.570991942193359,,13,0,0,6,6,0,0,0,549,1105556,1105556,https://overthecap.com/player/gardner-minshew/7969/,https://github.com/nflverse/nflverse-data/releases/download/stats_player/stats_player_reg_2025.csv,2026-09-28
00-0030565,Geno Smith,2025,LV,QB,15,37500000,False,Extension,Veteran deal,2025,3025,19,17,109,0,0,0,0,-72.9214060488586,0.707125587162571,-1.67355429116287,,448,55,0,41,302,0,1,0,494,40000000,40000000,https://overthecap.com/player/geno-smith/2249/,https://github.com/nflverse/nflverse-data/releases/download/stats_player/stats_player_reg_2025.csv,2026-09-28
00-0039923,J.J. McCarthy,2025,MIN,QB,10,5463699,False,Drafted,Rookie deal,2024,1632,11,12,181,4,0,0,0,-54.1059147833337,-5.72387047049378,6.80370662588393,,243,27,0,37,140,0,2,0,468,4966999,1788400,https://overthecap.com/player/j-j-mccarthy/11618/,https://github.com/nflverse/nflverse-data/releases/download/stats_player/stats_player_reg_2025.csv,2026-09-28
00-0033119,Jacoby Brissett,2025,ARI,QB,14,6250000,False,UFA,Veteran deal,2025,3366,23,8,168,1,0,0,0,-3.21543134285545,1.63531999228037,7.46279588393395,,485,43,0,38,315,0,4,0,617,5310000,9060000,https://overthecap.com/player/jacoby-brissett/4804/,https://github.com/nflverse/nflverse-data/releases/download/stats_player/stats_player_reg_2025.csv,2026-09-28
00-0035100,Jake Browning,2025,CIN,QB,5,972500,False,ERFA,Veteran deal,2024,771,6,8,39,1,0,0,0,-38.3870388511597,0.375705038507779,6.78605965879979,,125,9,0,9,81,0,0,0,608,1030000,1030000,https://overthecap.com/player/jake-browning/8189/,https://github.com/nflverse/nflverse-data/releases/download/stats_player/stats_player_reg_2025.csv,2026-09-28
00-0036389,Jalen Hurts,2025,PHI,QB,16,51000000,False,Extension,Veteran deal,2023,3224,25,6,421,8,0,0,0,34.3144432765787,3.18333108754571,16.6811417014105,,454,32,0,105,294,2,1,0,464,21869800,42500000,https://overthecap.com/player/jalen-hurts/8793/,https://github.com/nflverse/nflverse-data/releases/download/stats_player/stats_player_reg_2025.csv,2026-09-28
00-0040673,Jalen Milroe,2025,SEA,QB,3,1566022,False,Drafted,Rookie deal,2025,0,0,0,4,0,0,0,0,,,-6.44113840954378,,0,0,0,3,0,1,0,0,455,1138925,2035700,https://overthecap.com/player/jalen-milroe/12452/,https://github.com/nflverse/nflverse-data/releases/download/stats_player/stats_player_reg_2025.csv,2026-09-28
00-0031503,Jameis Winston,2025,NYG,QB,3,4000000,False,UFA,Veteran deal,2025,567,2,2,23,1,1,33,1,15.3917009882326,-3.09706282994104,4.28813393911696,3.22335465252399,66,3,1,7,37,0,1,0,503,3000000,4000000,https://overthecap.com/player/jameis-winston/3849/,https://github.com/nflverse/nflverse-data/releases/download/stats_player/stats_player_reg_2025.csv,2026-09-28
00-0033106,Jared Goff,2025,DET,QB,17,53000000,False,Extension,Veteran deal,2024,4564,34,8,45,0,0,0,0,106.460151239643,1.77659557743387,-14.424143070451,,578,38,0,19,393,2,3,0,550,32600000,18000000,https://overthecap.com/player/jared-goff/4714/,https://github.com/nflverse/nflverse-data/releases/download/stats_player/stats_player_reg_2025.csv,2026-09-28
00-0035264,Jarrett Stidham,2025,DEN,QB,1,6000000,False,UFA,Veteran deal,2025,0,0,0,-1,0,0,0,0,,,0.0,,0,0,0,1,0,0,0,0,584,4000000,5500000,https://overthecap.com/player/jarrett-stidham/7924/,https://github.com/nflverse/nflverse-data/releases/download/stats_player/stats_player_reg_2025.csv,2026-09-28
00-0040691,Jaxson Dart,2025,NYG,QB,14,4244486,False,Drafted,Rookie deal,2025,2272,15,5,487,9,0,0,0,3.41943225378957,-0.193102200342891,38.1240470729286,,339,35,0,86,216,1,1,0,503,3086898,9827592,https://overthecap.com/player/jaxson-dart/12385/,https://github.com/nflverse/nflverse-data/releases/download/stats_player/stats_player_reg_2025.csv,2026-09-28
00-0039910,Jayden Daniels,2025,WAS,QB,7,9436663,False,Drafted,Rookie deal,2024,1262,8,3,278,2,0,0,0,-4.77699602182444,-2.72908712598099,1.7482305980376,,188,18,0,58,114,1,1,0,432,8578784,2510757,https://overthecap.com/player/jayden-daniels/11610/,https://github.com/nflverse/nflverse-data/releases/download/stats_player/stats_player_reg_2025.csv,2026-09-28
00-0031345,Jimmy Garoppolo,2025,LA,QB,3,3005000,False,UFA,Veteran deal,2025,0,0,0,-10,0,0,0,0,,,0.0,,0,0,0,9,0,0,0,0,581,3125588,4505000,https://overthecap.com/player/jimmy-garoppolo/3001/,https://github.com/nflverse/nflverse-data/releases/download/stats_player/stats_player_reg_2025.csv,2026-09-28
00-0036442,Joe Burrow,2025,CIN,QB,8,55000000,False,Extension,Veteran deal,2023,1809,17,5,41,0,0,0,0,36.6070933425231,4.65429821201871,3.56519397423835,,259,17,0,14,173,0,0,0,608,45999784,35250000,https://overthecap.com/player/joe-burrow/8741/,https://github.com/nflverse/nflverse-data/releases/download/stats_player/stats_player_reg_2025.csv,2026-09-28
00-0039398,Joe Milton III,2025,DAL,QB,4,1050829,False,Drafted,Rookie deal,2024,183,1,2,50,0,0,0,0,0.63703236022298,1.60471278688182,-2.0915657740552,,24,0,0,5,15,1,0,0,607,960000,960000,https://overthecap.com/player/joe-milton-iii/11801/,https://github.com/nflverse/nflverse-data/releases/download/stats_player/stats_player_reg_2025.csv,2026-09-28
00-0036264,Jordan Love,2025,GB,QB,15,55000000,False,Extension,Veteran deal,2024,3381,23,6,199,0,0,0,0,110.611287832903,5.53295734880034,12.3389958464351,,439,21,0,47,291,0,2,0,460,29722437,12964706,https://overthecap.com/player/jordan-love/8766/,https://github.com/nflverse/nflverse-data/releases/download/stats_player/stats_player_reg_2025.csv,2026-09-28
00-0034857,Josh Allen,2025,BUF,QB,16,55000000,False,Extension,Veteran deal,2025,3668,25,10,579,14,0,0,0,71.3263364575351,3.51485859142261,38.7725682293971,,460,40,0,112,319,2,1,0,479,36335281,58000000,https://overthecap.com/player/josh-allen/6892/,https://github.com/nflverse/nflverse-data/releases/download/stats_player/stats_player_reg_2025.csv,2026-09-28
00-0026300,Josh Johnson,2025,WAS,QB,3,1422500,False,UFA,Veteran deal,2025,372,1,2,55,1,0,0,0,3.8190098875594,2.0273486773173,-4.79932480363641,,54,2,0,12,34,1,0,0,432,1197500,1387500,https://overthecap.com/player/josh-johnson/2131/,https://github.com/nflverse/nflverse-data/releases/download/stats_player/stats_player_reg_2025.csv,2026-09-28
00-0033949,Joshua Dobbs,2025,NE,QB,4,4000000,False,UFA,Veteran deal,2025,65,0,0,-5,0,0,0,0,-0.0719429492467123,5.94649523496628,-6.63265348016284,,10,0,0,10,7,0,0,0,482,3250000,4300000,https://overthecap.com/player/joshua-dobbs/5721/,https://github.com/nflverse/nflverse-data/releases/download/stats_player/stats_player_reg_2025.csv,2026-09-28
00-0036945,Justin Fields,2025,NYJ,QB,9,20000000,False,UFA,Veteran deal,2025,1259,7,1,383,4,0,0,0,-22.4516230250076,-1.86883856340782,8.7628133335886,-0.818771343037952,204,27,1,71,128,2,1,0,472,8000000,20000000,https://overthecap.com/player/justin-fields/9475/,https://github.com/nflverse/nflverse-data/releases/download/stats_player/stats_player_reg_2025.csv,2026-09-28
00-0036355,Justin Herbert,2025,LAC,QB,16,52500000,False,Extension,Veteran deal,2023,3727,26,13,498,2,0,0,0,16.1146135014785,1.57492858195594,15.8963105870139,,512,54,0,83,340,1,1,0,544,37345675,60000000,https://overthecap.com/player/justin-herbert/8746/,https://github.com/nflverse/nflverse-data/releases/download/stats_player/stats_player_reg_2025.csv,2026-09-28
00-0039577,Kedon Slovis,2025,ARI,QB,2,922500,False,SFA,Veteran deal,2025,-2,0,0,0,0,0,0,0,-2.14663142594509,-31.8118125200272,,,2,0,0,0,1,0,0,0,617,606667,606667,https://overthecap.com/player/kedon-slovis/12086/,https://github.com/nflverse/nflverse-data/releases/download/stats_player/stats_player_reg_2025.csv,2026-09-28
00-0038102,Kenny Pickett,2025,LV,QB,6,3516976,False,Drafted,Rookie deal,2022,188,1,2,22,0,0,0,0,-28.7876919492745,-6.53240355578336,-3.21902943326859,,45,8,0,5,28,1,0,0,494,2623350,2623350,https://overthecap.com/player/kenny-pickett/10065/,https://github.com/nflverse/nflverse-data/releases/download/stats_player/stats_player_reg_2025.csv,2026-09-28
00-0029604,Kirk Cousins,2025,ATL,QB,10,45000000,False,UFA,Veteran deal,2024,1721,10,5,7,1,0,0,0,-0.930798277762301,-2.79932229542265,-2.49241856209119,,269,13,0,14,166,1,0,0,519,40000000,27500000,https://overthecap.com/player/kirk-cousins/1443/,https://github.com/nflverse/nflverse-data/releases/download/stats_player/stats_player_reg_2025.csv,2026-09-28
00-0034577,Kyle Allen,2025,DET,QB,2,1270000,False,UFA,Veteran deal,2025,0,0,0,-3,0,0,0,0,-1.35526536774439,-63.7493580579758,0.0,,2,0,0,3,0,0,0,0,550,1130000,1270000,https://overthecap.com/player/kyle-allen/7494/,https://github.com/nflverse/nflverse-data/releases/download/stats_player/stats_player_reg_2025.csv,2026-09-28
00-0035228,Kyler Murray,2025,ARI,QB,5,46100000,False,Extension,Veteran deal,2022,962,6,3,173,1,0,0,0,5.72059112573841,-0.52878065094067,4.08874777617166,,161,16,0,29,110,1,0,0,617,43325677,32007500,https://overthecap.com/player/kyler-murray/7792/,https://github.com/nflverse/nflverse-data/releases/download/stats_player/stats_player_reg_2025.csv,2026-09-28
00-0034796,Lamar Jackson,2025,BAL,QB,13,52000000,False,Franchise,Veteran deal,2023,2549,21,7,349,2,0,0,0,18.1570221709542,1.75868267129208,20.6087183911207,,302,36,0,67,192,0,3,0,407,43500000,42750000,https://overthecap.com/player/lamar-jackson/6917/,https://github.com/nflverse/nflverse-data/releases/download/stats_player/stats_player_reg_2025.csv,2026-09-28
00-0036972,Mac Jones,2025,SF,QB,11,3500000,False,UFA,Veteran deal,2025,2151,13,6,60,0,0,0,0,44.6851207404805,3.67856692495964,-5.26777635371717,,289,16,0,36,201,0,2,0,550,2558000,4250000,https://overthecap.com/player/mac-jones/9479/,https://github.com/nflverse/nflverse-data/releases/download/stats_player/stats_player_reg_2025.csv,2026-09-28
00-0038128,Malik Willis,2025,GB,QB,4,1290025,False,Drafted,Rookie deal,2022,422,3,0,123,2,0,0,0,28.0844250857353,21.9849043233054,1.06311157406586,,35,3,0,22,30,1,0,0,460,1408650,1408650,https://overthecap.com/player/malik-willis/10131/,https://github.com/nflverse/nflverse-data/releases/download/stats_player/stats_player_reg_2025.csv,2026-09-28
00-0032268,Marcus Mariota,2025,WAS,QB,10,8000000,False,UFA,Veteran deal,2025,1695,10,7,297,1,0,0,0,-3.89857204396698,3.19710616554533,6.69584233178593,,227,16,0,50,139,2,1,0,432,8140000,8340000,https://overthecap.com/player/marcus-mariota/3850/,https://github.com/nflverse/nflverse-data/releases/download/stats_player/stats_player_reg_2025.csv,2026-09-28
00-0034771,Mason Rudolph,2025,PIT,QB,5,3750000,False,UFA,Veteran deal,2025,310,2,2,6,0,0,0,0,2.50336368704777,5.76233977079392,1.34117260714993,,52,2,0,7,38,0,1,0,522,2877500,4500000,https://overthecap.com/player/mason-rudolph/6961/,https://github.com/nflverse/nflverse-data/releases/download/stats_player/stats_player_reg_2025.csv,2026-09-28
00-0026498,Matthew Stafford,2025,LA,QB,17,40000000,False,Other,Unknown,2025,4707,46,8,1,0,0,0,0,150.454307482114,1.53632565640336,-31.8353136098303,,597,23,0,29,388,1,2,0,581,47466666,44000000,https://overthecap.com/player/matt-stafford/1060/,https://github.com/nflverse/nflverse-data/releases/download/stats_player/stats_player_reg_2025.csv,2026-09-28
00-0040494,Max Brosmer,2025,MIN,QB,7,991667,False,UDFA,Rookie deal,2025,328,0,4,11,0,0,0,0,-56.5242600064143,-3.52842505363857,-0.12323843681952,,71,14,0,7,47,0,1,0,468,843333,850000,https://overthecap.com/player/max-brosmer/12646/,https://github.com/nflverse/nflverse-data/releases/download/stats_player/stats_player_reg_2025.csv,2026-09-28
00-0039917,Michael Penix Jr.,2025,ATL,QB,9,5720659,False,Drafted,Rookie deal,2024,1982,9,3,70,1,0,0,0,5.13989467485696,-3.61966759417996,7.11184001844958,,276,13,0,21,166,0,2,0,519,5200599,1835120,https://overthecap.com/player/michael-penix-jr/11616/,https://github.com/nflverse/nflverse-data/releases/download/stats_player/stats_player_reg_2025.csv,2026-09-28
00-0033869,Mitchell Trubisky,2025,BUF,QB,4,2625000,False,SFA,Veteran deal,2024,313,4,0,6,0,0,0,0,25.734475121659,7.8043438055936,-6.79588433320168,,35,0,0,9,25,0,0,0,479,3250000,2500000,https://overthecap.com/player/mitchell-trubisky/5586/,https://github.com/nflverse/nflverse-data/releases/download/stats_player/stats_player_reg_2025.csv,2026-09-28
00-0033319,Nick Mullens,2025,JAX,QB,4,2250000,False,UFA,Veteran deal,2025,19,0,0,-8,0,0,0,0,2.8997661510421,28.9575606584549,-2.45989225647645,,3,0,0,12,3,0,0,0,547,2000000,2500000,https://overthecap.com/player/nick-mullens/6007/,https://github.com/nflverse/nflverse-data/releases/download/stats_player/stats_player_reg_2025.csv,2026-09-28
00-0033873,Patrick Mahomes,2025,KC,QB,14,45000000,False,Extension,Veteran deal,2020,3587,22,11,422,5,1,-10,0,68.2469407761718,0.336414833905581,29.1644939678954,-2.5388513491489,502,34,1,64,315,0,0,0,549,28062269,50000000,https://overthecap.com/player/patrick-mahomes/5594/,https://github.com/nflverse/nflverse-data/releases/download/stats_player/stats_player_reg_2025.csv,2026-09-28
00-0022942,Philip Rivers,2025,IND,QB,3,1255000,False,SFA,Veteran deal,2025,544,4,3,-1,0,0,0,0,-11.1955355672433,-3.69265774885813,-1.14645677199587,,92,5,0,2,58,0,0,0,530,278889,278889,https://overthecap.com/player/philip-rivers/473/,https://github.com/nflverse/nflverse-data/releases/download/stats_player/stats_player_reg_2025.csv,2026-09-28
00-0040234,Quinn Ewers,2025,MIA,QB,4,1082894,False,Drafted,Rookie deal,2025,622,3,3,19,0,1,-6,0,-2.25152220038008,0.992296018251559,-4.67651185218711,-1.50185501476517,83,8,1,8,55,0,0,0,462,872894,971576,https://overthecap.com/player/quinn-ewers/12591/,https://github.com/nflverse/nflverse-data/releases/download/stats_player/stats_player_reg_2025.csv,2026-09-28
00-0040206,Riley Leonard,2025,IND,QB,5,1108811,False,Drafted,Rookie deal,2025,415,2,3,27,2,0,-3,0,-8.22614850232665,-3.87085652910173,5.26007655958529,,67,2,0,6,39,0,1,0,530,898811,1075244,https://overthecap.com/player/riley-leonard/12549/,https://github.com/nflverse/nflverse-data/releases/download/stats_player/stats_player_reg_2025.csv,2026-09-28
00-0029263,Russell Wilson,2025,NYG,QB,6,10500000,False,UFA,Veteran deal,2025,831,3,3,106,0,0,0,0,-15.6662619395907,-1.47996957695812,-1.28636391573001,,119,10,0,18,69,0,0,0,503,11029412,10500000,https://overthecap.com/player/russell-wilson/1569/,https://github.com/nflverse/nflverse-data/releases/download/stats_player/stats_player_reg_2025.csv,2026-09-28
00-0034869,Sam Darnold,2025,SEA,QB,17,33500000,False,UFA,Veteran deal,2025,4048,25,14,95,0,0,0,0,74.5774671271899,5.15512829344976,-12.9723850409396,,477,27,0,35,323,1,5,0,455,13400000,41500000,https://overthecap.com/player/sam-darnold/6888/,https://github.com/nflverse/nflverse-data/releases/download/stats_player/stats_player_reg_2025.csv,2026-09-28
00-0040668,Shedeur Sanders,2025,CLE,QB,8,1161845,False,Drafted,Rookie deal,2025,1400,7,10,169,1,0,0,0,-59.3000744447282,-4.9996492648736,9.78334558721702,,212,23,0,21,120,0,1,0,522,951845,1287380,https://overthecap.com/player/shedeur-sanders/12504/,https://github.com/nflverse/nflverse-data/releases/download/stats_player/stats_player_reg_2025.csv,2026-09-28
00-0039376,Spencer Rattler,2025,NO,QB,9,1089120,False,Drafted,Rookie deal,2024,1586,8,5,167,0,1,0,0,-21.4979480179361,2.3567769965347,8.63988026858727,-5.09249894681852,257,18,2,31,174,1,1,0,565,1044120,960000,https://overthecap.com/player/spencer-rattler/11758/,https://github.com/nflverse/nflverse-data/releases/download/stats_player/stats_player_reg_2025.csv,2026-09-28
00-0038400,Tanner McKee,2025,PHI,QB,4,1006630,False,Drafted,Rookie deal,2023,274,1,1,8,0,0,0,0,-2.46193814455862,1.35938251340711,-5.17026038834592,,43,3,0,8,24,0,0,0,464,1076630,1030000,https://overthecap.com/player/tanner-mckee/11012/,https://github.com/nflverse/nflverse-data/releases/download/stats_player/stats_player_reg_2025.csv,2026-09-28
00-0031237,Teddy Bridgewater,2025,TB,QB,3,1255000,False,SFA,Veteran deal,2025,62,0,0,4,0,0,0,0,-12.4985269496683,-16.2942066788673,-0.0188060835935175,,15,2,0,3,8,0,0,0,541,1030000,1255000,https://overthecap.com/player/teddy-bridgewater/2971/,https://github.com/nflverse/nflverse-data/releases/download/stats_player/stats_player_reg_2025.csv,2026-09-28
00-0036971,Trevor Lawrence,2025,JAX,QB,17,55000000,False,Extension,Veteran deal,2024,4007,29,12,359,9,0,0,0,38.4097214363881,-1.88176378552966,26.8447585121549,,560,41,0,82,341,1,2,0,547,17000000,37500000,https://overthecap.com/player/trevor-lawrence/9465/,https://github.com/nflverse/nflverse-data/releases/download/stats_player/stats_player_reg_2025.csv,2026-09-28
00-0037012,Trey Lance,2025,LAC,QB,4,2000000,False,UFA,Veteran deal,2025,226,0,1,85,0,0,0,0,-39.4666925595923,-9.7815323472023,1.25343599158805,,57,6,0,17,27,0,1,0,544,2125000,2000000,https://overthecap.com/player/trey-lance/9467/,https://github.com/nflverse/nflverse-data/releases/download/stats_player/stats_player_reg_2025.csv,2026-09-28
00-0036212,Tua Tagovailoa,2025,MIA,QB,14,53100000,False,Extension,Veteran deal,2024,2660,20,15,43,0,0,0,0,14.3950634196548,2.02027069843881,-7.46998686280804,,384,30,0,20,260,0,1,0,462,39313647,50913647,https://overthecap.com/player/tua-tagovailoa/8745/,https://github.com/nflverse/nflverse-data/releases/download/stats_player/stats_player_reg_2025.csv,2026-09-28
00-0035993,Tyler Huntley,2025,BAL,QB,5,1170000,False,SFA,Veteran deal,2025,426,2,0,151,0,0,0,0,5.65948320099755,12.9308979786359,10.8476245284546,,67,8,0,24,52,0,0,0,407,629444,715000,https://overthecap.com/player/tyler-huntley/9318/,https://github.com/nflverse/nflverse-data/releases/download/stats_player/stats_player_reg_2025.csv,2026-09-28
00-0040743,Tyler Shough,2025,NO,QB,11,2701182,False,Drafted,Rookie deal,2025,2384,10,6,186,3,0,0,0,2.05993894432119,1.60817432025122,1.02317729410436,,327,31,0,45,221,1,1,0,565,1964496,5337984,https://overthecap.com/player/tyler-shough/12400/,https://github.com/nflverse/nflverse-data/releases/download/stats_player/stats_player_reg_2025.csv,2026-09-28
00-0028118,Tyrod Taylor,2025,NYJ,QB,6,6000000,False,UFA,Veteran deal,2024,779,5,5,143,1,0,0,0,-13.3149107754829,-0.877602879456648,5.4132444769544,,134,14,0,27,80,0,1,0,472,6800000,6000000,https://overthecap.com/player/tyrod-taylor/1407/,https://github.com/nflverse/nflverse-data/releases/download/stats_player/stats_player_reg_2025.csv,2026-09-28
00-0038416,Tyson Bagent,2025,CHI,QB,2,5000000,False,Extension,Veteran deal,2025,47,0,0,7,0,0,0,0,2.30508261354407,9.56860780715942,-0.371152909239754,,4,0,0,2,3,0,0,0,532,1538334,2530000,https://overthecap.com/player/tyson-bagent/11238/,https://github.com/nflverse/nflverse-data/releases/download/stats_player/stats_player_reg_2025.csv,2026-09-28
00-0037013,Zach Wilson,2025,MIA,QB,4,6000000,False,UFA,Veteran deal,2025,32,0,0,1,0,0,0,0,-6.62134442542447,-7.3663729429245,-0.238501504063606,,11,0,0,3,6,0,0,0,462,2200000,6000000,https://overthecap.com/player/zach-wilson/9466/,https://github.com/nflverse/nflverse-data/releases/download/stats_player/stats_player_reg_2025.csv,2026-09-28
00-0036265,AJ Dillon,2025,PHI,RB,6,1337500,False,UFA,Veteran deal,2025,0,0,0,60,0,3,21,0,,,-0.172493671649136,-4.18426678620745,0,0,3,12,0,0,0,1,464,1197500,1337500,https://overthecap.com/player/a-j-dillon/8802/,https://github.com/nflverse/nflverse-data/releases/download/stats_player/stats_player_reg_2025.csv,2026-09-28
00-0033293,Aaron Jones,2025,MIN,RB,12,10000000,False,UFA,Veteran deal,2025,0,0,0,548,2,28,199,1,,,-2.3747202583086,-7.5507313445025,0,0,41,132,0,0,0,1,468,8400000,9897059,https://overthecap.com/player/aaron-jones/5768/,https://github.com/nflverse/nflverse-data/releases/download/stats_player/stats_player_reg_2025.csv,2026-09-28
00-0033906,Alvin Kamara,2025,NO,RB,11,12250000,False,Extension,Veteran deal,2024,0,0,0,471,1,33,186,0,,,-28.7749726018363,-11.6717303288865,0,0,39,131,0,1,0,1,565,10061471,2990000,https://overthecap.com/player/alvin-kamara/5653/,https://github.com/nflverse/nflverse-data/releases/download/stats_player/stats_player_reg_2025.csv,2026-09-28
00-0032104,Ameer Abdullah,2025,IND,RB,13,1255000,False,SFA,Veteran deal,2025,0,0,0,60,1,16,99,0,,,0.947982284880709,0.813748622837011,0,0,17,14,0,0,0,0,530,686667,836667,https://overthecap.com/player/ameer-abdullah/3902/,https://github.com/nflverse/nflverse-data/releases/download/stats_player/stats_player_reg_2025.csv,2026-09-28
00-0036328,Antonio Gibson,2025,NE,RB,5,3750000,False,UFA,Veteran deal,2024,0,0,0,106,1,2,6,0,,,-4.7015184177435,-1.23502325057052,0,0,3,25,0,1,0,0,482,4500000,2640000,https://overthecap.com/player/antonio-gibson/8806/,https://github.com/nflverse/nflverse-data/releases/download/stats_player/stats_player_reg_2025.csv,2026-09-28
00-0040122,Ashton Jeanty,2025,LV,RB,17,8973953,False,Drafted,Rookie deal,2025,0,0,0,975,5,55,346,5,,,-65.1810373724458,-11.8767157618217,0,0,73,266,0,1,0,0,494,6526511,23586044,https://overthecap.com/player/ashton-jeanty/12366/,https://github.com/nflverse/nflverse-data/releases/download/stats_player/stats_player_reg_2025.csv,2026-09-28
00-0039373,Audric Estimé,2025,NO,RB,5,1017500,False,SFA,Veteran deal,2025,0,0,0,198,1,12,103,0,,,4.68817733286414,3.772943310556,0,0,13,46,0,0,0,0,565,480000,480000,https://overthecap.com/player/audric-estime/11755/,https://github.com/nflverse/nflverse-data/releases/download/stats_player/stats_player_reg_2025.csv,2026-09-28
00-0033699,Austin Ekeler,2025,WAS,RB,2,4215000,False,UFA,Veteran deal,2024,0,0,0,43,0,5,38,0,,,-1.16534707264509,0.229693296751536,0,0,7,14,0,0,0,0,432,4960000,3160000,https://overthecap.com/player/austin-ekeler/5865/,https://github.com/nflverse/nflverse-data/releases/download/stats_player/stats_player_reg_2025.csv,2026-09-28
00-0037157,Bam Knight,2025,ARI,RB,12,1030000,False,SFA,Veteran deal,2025,0,0,0,269,4,22,160,1,,,-16.3875326097622,1.40466736193048,0,0,31,82,0,1,0,0,617,948333,948333,https://overthecap.com/player/zonovan-knight/10531/,https://github.com/nflverse/nflverse-data/releases/download/stats_player/stats_player_reg_2025.csv,2026-09-28
00-0040719,Bhayshul Tuten,2025,JAX,RB,15,1329063,False,Drafted,Rookie deal,2025,0,0,0,307,5,10,79,2,,,-10.1883283992512,5.49541598546784,0,0,14,83,0,1,0,0,547,1109130,1916520,https://overthecap.com/player/bhayshul-tuten/12464/,https://github.com/nflverse/nflverse-data/releases/download/stats_player/stats_player_reg_2025.csv,2026-09-28
00-0038542,Bijan Robinson,2025,ATL,RB,17,5489636,False,Drafted,Rookie deal,2023,0,0,0,1478,7,79,820,4,,,-12.254629210467,26.5898357239615,0,0,103,287,0,2,0,1,519,5988694,2746232,https://overthecap.com/player/bijan-robinson/10832/,https://github.com/nflverse/nflverse-data/releases/download/stats_player/stats_player_reg_2025.csv,2026-09-28
00-0039738,Blake Corum,2025,LA,RB,17,1440941,False,Drafted,Rookie deal,2024,0,0,0,746,6,8,36,0,,,15.9285332328,-5.86811343306908,0,0,14,145,0,0,0,0,581,1309946,1056989,https://overthecap.com/player/blake-corum/11691/,https://github.com/nflverse/nflverse-data/releases/download/stats_player/stats_player_reg_2025.csv,2026-09-28
00-0038488,Brady Russell,2025,SEA,RB,10,1030000,False,ERFA,Veteran deal,2025,0,0,0,0,0,0,0,0,,,,-0.447156252805144,0,0,1,0,0,0,0,0,455,1030000,1030000,https://overthecap.com/player/brady-russell/11288/,https://github.com/nflverse/nflverse-data/releases/download/stats_player/stats_player_reg_2025.csv,2026-09-28
00-0039794,Braelon Allen,2025,NYJ,RB,4,1137177,False,Drafted,Rookie deal,2024,0,0,0,76,1,2,17,0,,,-8.69959321456542,-0.214526426279917,0,0,3,18,0,1,0,0,472,1092177,960000,https://overthecap.com/player/braelon-allen/11742/,https://github.com/nflverse/nflverse-data/releases/download/stats_player/stats_player_reg_2025.csv,2026-09-28
00-0040078,Brashard Smith,2025,KC,RB,17,1083369,False,Drafted,Rookie deal,2025,0,0,0,151,0,25,172,1,,,-9.74416290014051,-0.617003546551799,0,0,35,44,0,0,0,0,549,873369,973476,https://overthecap.com/player/brashard-smith/12588/,https://github.com/nflverse/nflverse-data/releases/download/stats_player/stats_player_reg_2025.csv,2026-09-28
00-0038120,Breece Hall,2025,NYJ,RB,16,2253692,False,Drafted,Rookie deal,2022,4,1,0,1065,4,36,350,1,1.19456161110429,56.8753451108933,-22.2666095108434,8.66959196323341,1,0,48,243,1,2,0,0,472,4340049,3406000,https://overthecap.com/player/breece-hall/10081/,https://github.com/nflverse/nflverse-data/releases/download/stats_player/stats_player_reg_2025.csv,2026-09-28
00-0037746,Brian Robinson,2025,SF,RB,17,1261226,False,Drafted,Rookie deal,2022,0,0,0,400,2,8,25,0,,,-0.71961626869652,-4.06271440396085,0,0,12,92,0,0,0,0,550,1906000,1906000,https://overthecap.com/player/brian-robinson-jr/10143/,https://github.com/nflverse/nflverse-data/releases/download/stats_player/stats_player_reg_2025.csv,2026-09-28
00-0039603,British Brooks,2025,HOU,RB,8,948333,False,UDFA,Rookie deal,2024,0,0,0,78,0,0,0,0,,,2.17131045948052,,0,0,0,17,0,0,0,0,553,965000,960000,https://overthecap.com/player/british-brooks/12269/,https://github.com/nflverse/nflverse-data/releases/download/stats_player/stats_player_reg_2025.csv,2026-09-28
00-0037329,Brittain Brown,2025,CHI,RB,2,960000,False,SFA,Veteran deal,2025,0,0,0,37,1,0,0,0,,,2.59840525046457,-0.166052983433474,0,0,1,5,0,0,0,0,532,105333,105333,https://overthecap.com/player/brittain-brown/10295/,https://github.com/nflverse/nflverse-data/releases/download/stats_player/stats_player_reg_2025.csv,2026-09-28
00-0039361,Bucky Irving,2025,TB,RB,10,1187888,False,Drafted,Rookie deal,2024,0,0,0,588,1,30,277,3,,,-35.5774122046528,8.81237619422609,0,0,35,173,0,1,0,0,541,1142888,960000,https://overthecap.com/player/bucky-irving/11733/,https://github.com/nflverse/nflverse-data/releases/download/stats_player/stats_player_reg_2025.csv,2026-09-28
00-0040715,Cam Skattebo,2025,NYG,RB,8,1318260,False,Drafted,Rookie deal,2025,0,0,0,410,5,24,207,2,,,-12.0968266515383,3.35835579392733,0,0,32,101,0,1,0,0,503,913816,1718596,https://overthecap.com/player/cam-skattebo/12465/,https://github.com/nflverse/nflverse-data/releases/download/stats_player/stats_player_reg_2025.csv,2026-09-28
00-0038597,Chase Brown,2025,CIN,RB,17,1031539,False,Drafted,Rookie deal,2023,0,0,0,1019,6,69,437,5,,,-4.24136065800837,-10.3290834767274,0,0,88,232,0,0,0,0,608,1101539,1030000,https://overthecap.com/player/chase-brown/10987/,https://github.com/nflverse/nflverse-data/releases/download/stats_player/stats_player_reg_2025.csv,2026-09-28
00-0034681,Chase Edmonds,2025,WAS,RB,3,1170000,False,SFA,Veteran deal,2025,0,0,0,0,0,0,0,0,,,,,0,0,0,0,0,0,0,0,432,228889,260000,https://overthecap.com/player/chase-edmonds/7019/,https://github.com/nflverse/nflverse-data/releases/download/stats_player/stats_player_reg_2025.csv,2026-09-28
00-0038685,Chris Brooks,2025,GB,RB,17,972500,False,SFA,Veteran deal,2024,0,0,0,106,0,13,91,0,,,-4.85968700838873,-1.1175940929119,0,0,17,27,0,0,0,0,460,1030000,1030000,https://overthecap.com/player/christopher-brooks/11433/,https://github.com/nflverse/nflverse-data/releases/download/stats_player/stats_player_reg_2025.csv,2026-09-28
00-0038611,Chris Rodriguez Jr.,2025,WAS,RB,12,1030000,False,ERFA,Veteran deal,2025,0,0,0,500,6,3,30,0,,,6.19751576817362,-3.30005039687967,0,0,4,112,0,0,0,0,432,1030000,1030000,https://overthecap.com/player/chris-rodriguez-jr/11017/,https://github.com/nflverse/nflverse-data/releases/download/stats_player/stats_player_reg_2025.csv,2026-09-28
00-0033280,Christian McCaffrey,2025,SF,RB,17,19000000,False,Extension,Veteran deal,2024,0,0,0,1202,10,102,924,7,-0.770897071401123,,-21.050851137873,39.0314516559859,1,0,129,311,0,0,0,0,550,8751472,16200000,https://overthecap.com/player/christian-mccaffrey/5592/,https://github.com/nflverse/nflverse-data/releases/download/stats_player/stats_player_reg_2025.csv,2026-09-28
00-0036555,Chuba Hubbard,2025,CAR,RB,15,8300000,False,Extension,Veteran deal,2024,0,0,0,511,1,30,223,3,,,-15.6743709249376,4.57995467503808,0,0,39,134,0,1,0,0,480,5756100,4000000,https://overthecap.com/player/chuba-hubbard/9590/,https://github.com/nflverse/nflverse-data/releases/download/stats_player/stats_player_reg_2025.csv,2026-09-28
00-0040556,Corey Kiner,2025,ARI,RB,4,922500,False,SFA,Veteran deal,2025,0,0,0,58,0,2,15,0,,,1.88786310568685,-0.432396011834499,0,0,3,12,0,0,0,0,617,233333,233333,https://overthecap.com/player/corey-kiner/12769/,https://github.com/nflverse/nflverse-data/releases/download/stats_player/stats_player_reg_2025.csv,2026-09-28
00-0036275,D'Andre Swift,2025,CHI,RB,16,8000000,False,UFA,Veteran deal,2024,0,0,0,1087,9,34,299,1,,,15.4491434813192,-1.56785017754861,0,0,48,223,0,2,0,0,532,9333333,7970000,https://overthecap.com/player/dandre-swift/8775/,https://github.com/nflverse/nflverse-data/releases/download/stats_player/stats_player_reg_2025.csv,2026-09-28
00-0040179,DJ Giddens,2025,IND,RB,5,1156186,False,Drafted,Rookie deal,2025,0,0,0,96,0,0,0,0,,,0.020433476078324,-1.65773248531269,0,0,2,26,0,0,0,0,530,946186,1264744,https://overthecap.com/player/dj-giddens/12511/,https://github.com/nflverse/nflverse-data/releases/download/stats_player/stats_player_reg_2025.csv,2026-09-28
00-0033854,Dare Ogunbowale,2025,HOU,RB,14,1800000,False,UFA,Veteran deal,2025,0,0,0,25,1,10,76,0,,,-3.66174565446181,-9.22710052876438,0,0,13,11,0,0,0,1,553,1800000,1800000,https://overthecap.com/player/dare-ogunbowale/6299/,https://github.com/nflverse/nflverse-data/releases/download/stats_player/stats_player_reg_2025.csv,2026-09-28
00-0035685,David Montgomery,2025,DET,RB,17,9125000,False,Extension,Veteran deal,2024,3,1,0,716,8,24,192,0,-1.74486921925563,3.44579219818115,0.471996797350701,3.12993177498293,2,1,29,158,1,1,0,0,550,8370833,6000000,https://overthecap.com/player/david-montgomery/7864/,https://github.com/nflverse/nflverse-data/releases/download/stats_player/stats_player_reg_2025.csv,2026-09-28
00-0039040,De'Von Achane,2025,MIA,RB,16,1359363,False,Drafted,Rookie deal,2023,0,0,0,1350,8,67,488,4,,,14.0388519556049,-10.227876861455,0,0,85,238,0,0,0,0,462,1482941,1244314,https://overthecap.com/player/devon-achane/10908/,https://github.com/nflverse/nflverse-data/releases/download/stats_player/stats_player_reg_2025.csv,2026-09-28
00-0032764,Derrick Henry,2025,BAL,RB,17,15000000,False,Extension,Veteran deal,2025,0,0,0,1595,16,15,150,0,-0.459118590631988,-33.6930364370346,9.16617427023277,-2.87575280852616,1,0,21,307,0,3,0,0,407,8499000,14000000,https://overthecap.com/player/derrick-henry/4758/,https://github.com/nflverse/nflverse-data/releases/download/stats_player/stats_player_reg_2025.csv,2026-09-28
00-0040202,Devin Neal,2025,NO,RB,9,1112828,False,Drafted,Rookie deal,2025,0,0,0,206,2,17,104,0,,,-7.86839116379269,-2.227445090147,0,0,19,57,0,0,0,0,565,844495,1032979,https://overthecap.com/player/devin-neal/12544/,https://github.com/nflverse/nflverse-data/releases/download/stats_player/stats_player_reg_2025.csv,2026-09-28
00-0035250,Devin Singletary,2025,NYG,RB,17,5500000,False,UFA,Veteran deal,2024,0,0,0,437,5,18,151,0,1.053,,-2.7659456358524,2.26296624395621,0,0,19,119,0,0,0,0,503,6250000,5000000,https://overthecap.com/player/devin-singletary/7865/,https://github.com/nflverse/nflverse-data/releases/download/stats_player/stats_player_reg_2025.csv,2026-09-28
00-0039407,Dylan Laube,2025,LV,RB,17,1043798,False,Drafted,Rookie deal,2024,0,0,0,9,0,3,18,0,,,-5.36779151280643,-0.789867783081718,0,0,4,7,0,0,0,0,494,998798,960000,https://overthecap.com/player/dylan-laube/11816/,https://github.com/nflverse/nflverse-data/releases/download/stats_player/stats_player_reg_2025.csv,2026-09-28
00-0040162,Dylan Sampson,2025,CLE,RB,15,1282641,False,Drafted,Rookie deal,2025,0,0,0,175,0,33,271,2,,,-16.8226471940605,6.89931365984376,0,0,40,65,0,0,0,1,522,1072641,1770564,https://overthecap.com/player/dylan-sampson/12486/,https://github.com/nflverse/nflverse-data/releases/download/stats_player/stats_player_reg_2025.csv,2026-09-28
00-0038797,Emanuel Wilson,2025,GB,RB,17,1030000,False,ERFA,Veteran deal,2025,0,0,0,496,3,15,99,0,,,-7.70989854985885,1.01836101008963,0,0,17,125,0,0,0,0,460,1030000,1030000,https://overthecap.com/player/emanuel-wilson/11345/,https://github.com/nflverse/nflverse-data/releases/download/stats_player/stats_player_reg_2025.csv,2026-09-28
00-0038705,Emari Demercado,2025,ARI,RB,12,903333,False,UDFA,Rookie deal,2023,0,0,0,312,0,13,101,1,,,-6.90142593060383,-1.58755496005267,0,0,20,44,0,1,0,0,617,1035000,1030000,https://overthecap.com/player/emari-demercado/11202/,https://github.com/nflverse/nflverse-data/releases/download/stats_player/stats_player_reg_2025.csv,2026-09-28
00-0038396,Eric Gray,2025,NYG,RB,1,1021245,False,Drafted,Rookie deal,2023,0,0,0,0,0,0,0,0,,,,,0,0,0,0,0,0,0,0,503,1091245,1030000,https://overthecap.com/player/eric-gray/10996/,https://github.com/nflverse/nflverse-data/releases/download/stats_player/stats_player_reg_2025.csv,2026-09-28
00-0038397,Evan Hull,2025,NO,RB,6,1017500,False,SFA,Veteran deal,2025,0,0,0,48,0,1,6,0,,,-7.71794436074561,0.151240378152579,0,0,1,19,0,0,0,0,565,320000,320000,https://overthecap.com/player/evan-hull/11000/,https://github.com/nflverse/nflverse-data/releases/download/stats_player/stats_player_reg_2025.csv,2026-09-28
00-0036569,Gary Brightwell,2025,CIN,RB,2,1100000,False,SFA,Veteran deal,2025,0,0,0,0,0,0,0,0,,,,,0,0,0,0,0,0,0,0,608,402222,402222,https://overthecap.com/player/gary-brightwell/9660/,https://github.com/nflverse/nflverse-data/releases/download/stats_player/stats_player_reg_2025.csv,2026-09-28
00-0039299,George Holani,2025,SEA,RB,10,877500,False,SFA,Veteran deal,2024,0,0,0,73,1,2,15,0,,,-9.34992969580418,-0.140541897155344,0,0,2,22,0,1,0,0,455,811667,811667,https://overthecap.com/player/george-holani/12000/,https://github.com/nflverse/nflverse-data/releases/download/stats_player/stats_player_reg_2025.csv,2026-09-28
00-0037617,Hassan Haskins,2025,LAC,RB,11,1088052,False,Drafted,Rookie deal,2022,0,0,0,47,0,4,13,0,,,-2.88728318590438,-1.51343931164593,0,0,4,17,0,0,0,0,544,1100000,1100000,https://overthecap.com/player/hassan-haskins/10176/,https://github.com/nflverse/nflverse-data/releases/download/stats_player/stats_player_reg_2025.csv,2026-09-28
00-0038738,Hunter Luepke,2025,DAL,RB,14,3500000,False,Extension,Veteran deal,2025,0,0,0,71,0,13,109,1,,,-1.59804113929564,4.60365266887168,0,0,15,16,0,0,0,0,607,1536668,2530000,https://overthecap.com/player/hunter-luepke/11379/,https://github.com/nflverse/nflverse-data/releases/download/stats_player/stats_player_reg_2025.csv,2026-09-28
00-0039363,Isaac Guerendo,2025,SF,RB,7,1181132,False,Drafted,Rookie deal,2024,0,0,0,0,0,0,0,0,,,,,0,0,0,0,0,0,0,0,550,1136132,960000,https://overthecap.com/player/isaac-guerendo/11737/,https://github.com/nflverse/nflverse-data/releases/download/stats_player/stats_player_reg_2025.csv,2026-09-28
00-0039798,Isaiah Davis,2025,NYJ,RB,16,1068569,False,Drafted,Rookie deal,2024,0,0,0,236,1,21,186,0,,,-3.23455874067657,4.61495825006047,0,0,28,43,0,0,0,0,472,998847,935278,https://overthecap.com/player/isaiah-davis/11781/,https://github.com/nflverse/nflverse-data/releases/download/stats_player/stats_player_reg_2025.csv,2026-09-28
00-0037197,Isiah Pacheco,2025,KC,RB,13,934777,False,Drafted,Rookie deal,2022,0,0,0,462,1,19,101,1,,,-13.6433928764309,-4.67793327944788,0,0,26,118,0,0,0,0,549,1119777,1100000,https://overthecap.com/player/isiah-pacheco/10296/,https://github.com/nflverse/nflverse-data/releases/download/stats_player/stats_player_reg_2025.csv,2026-09-28
00-0036158,J.K. Dobbins,2025,DEN,RB,10,2065000,False,UFA,Veteran deal,2025,0,0,0,772,4,11,37,0,,,4.18423681790591,-4.98571128264302,0,0,14,153,0,0,0,0,584,2065000,2720000,https://overthecap.com/player/j-k-dobbins/8795/,https://github.com/nflverse/nflverse-data/releases/download/stats_player/stats_player_reg_2025.csv,2026-09-28
00-0040067,Jacardia Wright,2025,SEA,RB,1,990833,False,UDFA,Rookie deal,2025,0,0,0,20,0,0,0,0,,,0.0445862924098037,,0,0,0,5,0,0,0,0,455,338778,338778,https://overthecap.com/player/jacardia-wright/12945/,https://github.com/nflverse/nflverse-data/releases/download/stats_player/stats_player_reg_2025.csv,2026-09-28
00-0038896,Jacob Saylors,2025,DET,RB,11,840000,False,SFA,Veteran deal,2025,0,0,0,11,0,0,0,0,,,-1.0589698900003,,0,0,0,2,0,0,0,0,550,840000,840000,https://overthecap.com/player/jacob-saylors/11476/,https://github.com/nflverse/nflverse-data/releases/download/stats_player/stats_player_reg_2025.csv,2026-09-28
00-0040242,Jacory Croskey-Merritt,2025,WAS,RB,17,1076357,False,Drafted,Rookie deal,2025,0,0,0,805,8,9,68,0,,,-6.5307797417189,1.0342133147642,0,0,13,175,0,2,0,0,432,866357,945428,https://overthecap.com/player/jacory-croskey-merritt/12605/,https://github.com/nflverse/nflverse-data/releases/download/stats_player/stats_player_reg_2025.csv,2026-09-28
00-0039139,Jahmyr Gibbs,2025,DET,RB,17,4461285,False,Drafted,Rookie deal,2023,0,0,0,1223,13,77,616,5,,,-2.66703939107586,17.7504912822516,0,0,94,243,0,1,0,0,550,4866856,2372286,https://overthecap.com/player/jahmyr-gibbs/10836/,https://github.com/nflverse/nflverse-data/releases/download/stats_player/stats_player_reg_2025.csv,2026-09-28
00-0038794,Jaleel McLaughlin,2025,DEN,RB,8,903333,False,UDFA,Rookie deal,2023,0,0,0,187,1,4,27,0,,,1.60191271163058,-2.22312605881598,0,0,6,37,0,0,0,0,584,1035000,1030000,https://overthecap.com/player/jaleel-mclaughlin/11344/,https://github.com/nflverse/nflverse-data/releases/download/stats_player/stats_player_reg_2025.csv,2026-09-28
00-0033553,James Conner,2025,ARI,RB,3,9500000,False,Extension,Veteran deal,2024,0,0,0,95,1,8,38,1,,,-2.77954208484152,2.2344548034016,0,0,9,32,0,0,0,0,617,6470000,3830000,https://overthecap.com/player/james-conner/5691/,https://github.com/nflverse/nflverse-data/releases/download/stats_player/stats_player_reg_2025.csv,2026-09-28
00-0037248,James Cook,2025,BUF,RB,17,11500000,False,Extension,Veteran deal,2025,0,0,0,1621,12,33,291,2,,,5.57597554101434,8.67202215976431,0,0,40,309,0,3,0,0,479,3435375,10280000,https://overthecap.com/player/james-cook/10108/,https://github.com/nflverse/nflverse-data/releases/download/stats_player/stats_player_reg_2025.csv,2026-09-28
00-0036755,Jaret Patterson,2025,LAC,RB,6,1030000,False,SFA,Veteran deal,2025,0,0,0,159,1,3,8,0,,,-1.45853786092282,-1.61643091065343,0,0,4,41,0,0,0,0,544,114444,114444,https://overthecap.com/player/jaret-patterson/9863/,https://github.com/nflverse/nflverse-data/releases/download/stats_player/stats_player_reg_2025.csv,2026-09-28
00-0036997,Javonte Williams,2025,DAL,RB,16,3000000,False,UFA,Veteran deal,2025,0,0,0,1201,11,35,137,2,,,12.2050037380845,-22.7372691551386,0,0,51,252,0,1,0,1,607,3000000,2970588,https://overthecap.com/player/javonte-williams/9499/,https://github.com/nflverse/nflverse-data/releases/download/stats_player/stats_player_reg_2025.csv,2026-09-28
00-0039405,Jawhar Jordan,2025,HOU,RB,4,925000,False,SFA,Veteran deal,2025,0,0,0,193,0,7,34,0,,,-8.9948347412201,0.333404585719109,0,0,7,43,0,0,0,0,553,140000,140000,https://overthecap.com/player/jawhar-jordan/11813/,https://github.com/nflverse/nflverse-data/releases/download/stats_player/stats_player_reg_2025.csv,2026-09-28
00-0040586,Jaydon Blue,2025,DAL,RB,5,1156767,False,Drafted,Rookie deal,2025,0,0,0,129,1,1,5,0,,,-7.48763545637485,-0.119361729361117,0,0,1,38,0,0,0,0,607,946767,1267068,https://overthecap.com/player/jaydon-blue/12509/,https://github.com/nflverse/nflverse-data/releases/download/stats_player/stats_player_reg_2025.csv,2026-09-28
00-0037228,Jaylen Warren,2025,PIT,RB,16,5952000,False,Extension,Veteran deal,2025,0,0,0,958,6,40,333,2,,,-0.500219264824409,10.641412097989,0,0,45,211,0,0,0,0,522,3083333,7050000,https://overthecap.com/player/jaylen-warren/10552/,https://github.com/nflverse/nflverse-data/releases/download/stats_player/stats_player_reg_2025.csv,2026-09-28
00-0039874,Jaylen Wright,2025,MIA,RB,9,1195005,False,Drafted,Rookie deal,2024,0,0,0,288,2,5,44,0,,,-5.69901978082625,-1.6724522572018,0,0,9,70,0,1,0,0,462,1150005,960000,https://overthecap.com/player/jaylen-wright/11728/,https://github.com/nflverse/nflverse-data/releases/download/stats_player/stats_player_reg_2025.csv,2026-09-28
00-0033955,Jeremy McNichols,2025,WAS,RB,16,1337500,False,UFA,Veteran deal,2025,0,0,0,221,1,25,196,0,,,1.44242093524383,-1.14555140896548,0,0,31,44,0,1,0,0,432,1197500,1337500,https://overthecap.com/player/jeremy-mcnichols/5748/,https://github.com/nflverse/nflverse-data/releases/download/stats_player/stats_player_reg_2025.csv,2026-09-28
00-0037267,Jerome Ford,2025,CLE,RB,13,1750000,False,Other,Unknown,2025,0,0,0,73,0,26,103,0,,,-3.0169608334545,-5.587545501081,0,0,32,24,0,0,0,0,522,1830537,1750000,https://overthecap.com/player/jerome-ford/10201/,https://github.com/nflverse/nflverse-data/releases/download/stats_player/stats_player_reg_2025.csv,2026-09-28
00-0036223,Jonathan Taylor,2025,IND,RB,17,14000000,False,Extension,Veteran deal,2023,0,0,0,1585,18,46,378,2,,,18.7716348098468,9.23404607143323,0,0,55,323,0,1,0,0,530,15562000,13000000,https://overthecap.com/player/jonathan-taylor/8781/,https://github.com/nflverse/nflverse-data/releases/download/stats_player/stats_player_reg_2025.csv,2026-09-28
00-0037525,Jordan Mason,2025,MIN,RB,16,5250000,False,RFA,Veteran deal,2025,0,0,0,758,6,14,51,0,,,-5.77345446837717,-4.60773309636953,0,0,16,159,0,1,0,0,468,2290000,5490000,https://overthecap.com/player/jordan-mason/10413/,https://github.com/nflverse/nflverse-data/releases/download/stats_player/stats_player_reg_2025.csv,2026-09-28
00-0038678,Jordan Mims,2025,TEN,RB,1,1017500,False,SFA,Veteran deal,2025,0,0,0,0,0,0,0,0,,,,,0,0,0,0,0,0,0,0,530,314667,314667,https://overthecap.com/player/jordan-mims/11422/,https://github.com/nflverse/nflverse-data/releases/download/stats_player/stats_player_reg_2025.csv,2026-09-28
00-0035700,Josh Jacobs,2025,GB,RB,15,12000000,False,UFA,Veteran deal,2024,0,0,0,929,13,36,282,1,,,-14.8359953293267,11.8480351399896,0,0,44,234,0,2,0,0,460,11325000,8141176,https://overthecap.com/player/josh-jacobs/7815/,https://github.com/nflverse/nflverse-data/releases/download/stats_player/stats_player_reg_2025.csv,2026-09-28
00-0040429,Josh Williams,2025,TB,RB,2,993333,False,UDFA,Rookie deal,2025,0,0,0,11,0,0,0,0,,,-1.85601366788615,,0,0,0,4,0,0,0,0,541,13000,13000,https://overthecap.com/player/josh-williams/12903/,https://github.com/nflverse/nflverse-data/releases/download/stats_player/stats_player_reg_2025.csv,2026-09-28
00-0037594,Julius Chestnut,2025,TEN,RB,16,1100000,False,SFA,Veteran deal,2025,0,0,0,40,0,0,0,0,,,-3.23899546646726,-1.451850987738,0,0,2,11,0,0,0,0,530,1100000,1100000,https://overthecap.com/player/julius-chestnut/10729/,https://github.com/nflverse/nflverse-data/releases/download/stats_player/stats_player_reg_2025.csv,2026-09-28
00-0034975,Justice Hill,2025,BAL,RB,10,3000000,False,Extension,Veteran deal,2024,0,0,0,93,2,21,169,1,,,-1.25431579141878,0.421497160219587,0,0,27,18,0,0,0,0,407,2416666,1750000,https://overthecap.com/player/justice-hill/7904/,https://github.com/nflverse/nflverse-data/releases/download/stats_player/stats_player_reg_2025.csv,2026-09-28
00-0040142,Kaleb Johnson,2025,PIT,RB,10,1593016,False,Drafted,Rookie deal,2025,0,0,0,69,0,1,9,0,,,-7.71743768820417,0.244885928928852,0,0,2,28,0,0,0,0,522,1158557,2114228,https://overthecap.com/player/kaleb-johnson/12443/,https://github.com/nflverse/nflverse-data/releases/download/stats_player/stats_player_reg_2025.csv,2026-09-28
00-0040205,Kalel Mullings,2025,TEN,RB,4,1109627,False,Drafted,Rookie deal,2025,0,0,0,7,0,0,0,0,,,-0.538102849153802,,0,0,0,3,0,0,0,0,530,744071,922952,https://overthecap.com/player/kalel-mullings/12548/,https://github.com/nflverse/nflverse-data/releases/download/stats_player/stats_player_reg_2025.csv,2026-09-28
00-0033923,Kareem Hunt,2025,KC,RB,17,1500000,False,UFA,Veteran deal,2025,0,0,0,611,8,18,143,1,,,9.66942339667814,1.38476970680585,0,0,25,163,0,1,0,0,549,1500000,1625000,https://overthecap.com/player/kareem-hunt/5672/,https://github.com/nflverse/nflverse-data/releases/download/stats_player/stats_player_reg_2025.csv,2026-09-28
00-0038454,Keaton Mitchell,2025,BAL,RB,13,904333,False,UDFA,Rookie deal,2023,0,0,0,341,1,9,63,0,,,2.6167700245569,-5.52936580037931,0,0,12,59,0,0,0,0,407,1036000,1030000,https://overthecap.com/player/keaton-mitchell/11264/,https://github.com/nflverse/nflverse-data/releases/download/stats_player/stats_player_reg_2025.csv,2026-09-28
00-0039266,Kendall Milton,2025,CIN,RB,1,877500,False,SFA,Veteran deal,2024,0,0,0,2,0,0,0,0,,,0.858441067510285,,0,0,0,2,0,0,0,0,608,274333,274333,https://overthecap.com/player/kendall-milton/12088/,https://github.com/nflverse/nflverse-data/releases/download/stats_player/stats_player_reg_2025.csv,2026-09-28
00-0038551,Kendre Miller,2025,NO,RB,7,1413578,False,Drafted,Rookie deal,2023,0,0,0,193,1,5,30,0,,,-2.92695596202975,-0.366885891184211,0,0,5,47,0,0,0,0,565,1542085,1264028,https://overthecap.com/player/kendre-miller/10895/,https://github.com/nflverse/nflverse-data/releases/download/stats_player/stats_player_reg_2025.csv,2026-09-28
00-0036842,Kene Nwangwu,2025,NYJ,RB,10,1500000,False,UFA,Veteran deal,2025,0,0,0,49,0,0,0,0,,,-3.18227945506806,-0.847366844303906,0,0,1,13,0,0,0,0,472,1470588,1470588,https://overthecap.com/player/kene-nwangwu/9583/,https://github.com/nflverse/nflverse-data/releases/download/stats_player/stats_player_reg_2025.csv,2026-09-28
00-0038134,Kenneth Walker III,2025,SEA,RB,17,2110395,False,Drafted,Rookie deal,2022,0,0,0,1027,5,31,282,0,,,-14.2939063761165,6.83945741554152,0,0,36,221,0,0,0,0,455,2685957,1856124,https://overthecap.com/player/kenneth-walker-iii/10086/,https://github.com/nflverse/nflverse-data/releases/download/stats_player/stats_player_reg_2025.csv,2026-09-28
00-0036919,Kenny Gainwell,2025,PIT,RB,17,1790000,False,UFA,Veteran deal,2025,0,0,0,537,5,73,486,3,,,-0.656572956941091,3.93261930891819,0,0,85,114,0,0,0,1,522,1790000,1790000,https://overthecap.com/player/kenneth-gainwell/9614/,https://github.com/nflverse/nflverse-data/releases/download/stats_player/stats_player_reg_2025.csv,2026-09-28
00-0036906,Khalil Herbert,2025,NYJ,RB,5,1170000,False,SFA,Veteran deal,2025,0,0,0,52,0,1,4,0,,,-2.26528249323019,-4.05683814373333,0,0,4,16,0,0,0,0,472,801111,910000,https://overthecap.com/player/khalil-herbert/9681/,https://github.com/nflverse/nflverse-data/releases/download/stats_player/stats_player_reg_2025.csv,2026-09-28
00-0039391,Kimani Vidal,2025,LAC,RB,13,960000,False,SFA,Veteran deal,2025,0,0,0,643,3,16,136,1,,,-14.0890543369715,0.738720937386843,0,0,22,155,0,0,0,0,544,693333,693333,https://overthecap.com/player/kimani-vidal/11789/,https://github.com/nflverse/nflverse-data/releases/download/stats_player/stats_player_reg_2025.csv,2026-09-28
00-0040236,Kyle Monangai,2025,CHI,RB,17,1082035,False,Drafted,Rookie deal,2025,0,0,0,783,5,18,164,0,,,3.67148123559332,-7.2669879461891,0,0,30,169,0,0,0,0,532,872035,968140,https://overthecap.com/player/kyle-monangai/12593/,https://github.com/nflverse/nflverse-data/releases/download/stats_player/stats_player_reg_2025.csv,2026-09-28
00-0037840,Kyren Williams,2025,LA,RB,17,11000000,False,Extension,Veteran deal,2025,0,0,0,1252,10,36,281,3,,,4.92759938989395,8.53867498547588,0,0,50,259,0,2,0,0,581,2465102,6250000,https://overthecap.com/player/kyren-williams/10209/,https://github.com/nflverse/nflverse-data/releases/download/stats_player/stats_player_reg_2025.csv,2026-09-28
00-0040238,LeQuint Allen Jr.,2025,JAX,RB,16,1079689,False,Drafted,Rookie deal,2025,0,0,0,94,0,10,54,0,,,-3.23431171878474,-3.86079954135768,0,0,11,23,0,0,0,0,547,869689,958756,https://overthecap.com/player/lequint-allen/12596/,https://github.com/nflverse/nflverse-data/releases/download/stats_player/stats_player_reg_2025.csv,2026-09-28
00-0038409,Lew Nichols III,2025,PIT,RB,1,840000,False,SFA,Veteran deal,2025,0,0,0,0,0,0,0,0,,,,,0,0,0,0,0,0,0,0,522,267667,267667,https://overthecap.com/player/lew-nichols-iii/11059/,https://github.com/nflverse/nflverse-data/releases/download/stats_player/stats_player_reg_2025.csv,2026-09-28
00-0037563,Malik Davis,2025,DAL,RB,10,1087500,False,SFA,Veteran deal,2025,0,0,0,250,2,2,16,0,,,0.813392344542081,-4.81197581143351,0,0,5,52,0,0,0,0,607,373334,373334,https://overthecap.com/player/malik-davis/10392/,https://github.com/nflverse/nflverse-data/releases/download/stats_player/stats_player_reg_2025.csv,2026-09-28
00-0036924,Michael Carter,2025,ARI,RB,13,1170000,False,SFA,Veteran deal,2025,0,0,0,333,1,33,267,0,,,-6.84787445128313,1.85493948381044,0,0,45,92,0,0,0,0,617,515000,585000,https://overthecap.com/player/michael-carter/9571/,https://github.com/nflverse/nflverse-data/releases/download/stats_player/stats_player_reg_2025.csv,2026-09-28
00-0035243,Miles Sanders,2025,DAL,RB,4,1337500,False,SFA,Veteran deal,2025,0,0,0,117,1,8,30,0,,,-1.88739822729258,-1.51486926998357,0,0,8,20,0,1,0,0,607,1197500,1337500,https://overthecap.com/player/miles-sanders/7844/,https://github.com/nflverse/nflverse-data/releases/download/stats_player/stats_player_reg_2025.csv,2026-09-28
00-0036893,Najee Harris,2025,LAC,RB,3,5250000,False,UFA,Veteran deal,2025,0,0,0,61,0,3,25,0,,,-0.338828790700063,1.31182991201058,0,0,3,15,0,0,0,0,544,5250000,5250000,https://overthecap.com/player/najee-harris/9488/,https://github.com/nflverse/nflverse-data/releases/download/stats_player/stats_player_reg_2025.csv,2026-09-28
00-0040547,Nate Carter,2025,ATL,RB,2,993333,False,UDFA,Rookie deal,2025,0,0,0,60,0,0,0,0,,,-1.63295686175115,,0,0,0,9,0,1,0,0,519,845000,855000,https://overthecap.com/player/nate-carter/12908/,https://github.com/nflverse/nflverse-data/releases/download/stats_player/stats_player_reg_2025.csv,2026-09-28
00-0034791,Nick Chubb,2025,HOU,RB,15,2500000,False,UFA,Veteran deal,2025,0,0,0,506,3,13,67,0,,,-13.6106800257833,-2.43186531262472,0,0,20,122,0,0,0,0,553,2450000,2450000,https://overthecap.com/player/nick-chubb/6920/,https://github.com/nflverse/nflverse-data/releases/download/stats_player/stats_player_reg_2025.csv,2026-09-28
00-0040198,Ollie Gordon II,2025,MIA,RB,17,1118166,False,Drafted,Rookie deal,2025,0,0,0,199,3,7,32,1,,,-9.57118379965144,-3.44637874682667,0,0,9,70,0,0,0,0,462,908166,1112664,https://overthecap.com/player/ollie-gordon-ii/12539/,https://github.com/nflverse/nflverse-data/releases/download/stats_player/stats_player_reg_2025.csv,2026-09-28
00-0040666,Omarion Hampton,2025,LAC,RB,9,4443616,False,Drafted,Rookie deal,2025,0,0,0,545,4,32,192,1,,,-0.775738923468713,-0.591452283493709,0,0,35,124,0,0,0,0,544,3231721,10406884,https://overthecap.com/player/omarion-hampton/12382/,https://github.com/nflverse/nflverse-data/releases/download/stats_player/stats_player_reg_2025.csv,2026-09-28
00-0038458,Owen Wright,2025,TB,RB,2,840000,False,SFA,Veteran deal,2025,0,0,0,6,0,0,0,0,,,-1.04966099862941,,0,0,0,3,0,0,0,0,541,65000,65000,https://overthecap.com/player/owen-wright/11281/,https://github.com/nflverse/nflverse-data/releases/download/stats_player/stats_player_reg_2025.csv,2026-09-28
00-0033376,Patrick Ricard,2025,BAL,RB,5,2872500,False,UFA,Veteran deal,2025,0,0,0,3,0,1,8,0,,,0.510267380392179,-0.494739742251113,0,0,2,1,0,0,0,0,407,1422500,2872500,https://overthecap.com/player/patrick-ricard/6036/,https://github.com/nflverse/nflverse-data/releases/download/stats_player/stats_player_reg_2025.csv,2026-09-28
00-0040021,Phil Mafah,2025,DAL,RB,1,1077883,False,Drafted,Rookie deal,2025,0,0,0,18,1,2,11,0,,,1.07302760030143,-0.13909286505077,0,0,2,5,0,0,0,0,607,498439,582088,https://overthecap.com/player/phil-mafah/12599/,https://github.com/nflverse/nflverse-data/releases/download/stats_player/stats_player_reg_2025.csv,2026-09-28
00-0040784,Quinshon Judkins,2025,CLE,RB,14,2850529,False,Drafted,Rookie deal,2025,0,0,0,827,7,26,171,0,-0.947,,-25.1028709285018,-7.29197703843238,0,0,36,230,0,0,0,0,522,2073112,5772452,https://overthecap.com/player/quinshon-judkins/12396/,https://github.com/nflverse/nflverse-data/releases/download/stats_player/stats_player_reg_2025.csv,2026-09-28
00-0040730,RJ Harvey,2025,DEN,RB,17,1839919,False,Drafted,Rookie deal,2025,0,0,0,540,7,47,356,5,-0.45860766939586,-77.0616829395294,-22.8871650309315,19.0754922677931,1,0,58,146,0,1,0,0,584,1338122,2832488,https://overthecap.com/player/r-j-harvey/12420/,https://github.com/nflverse/nflverse-data/releases/download/stats_player/stats_player_reg_2025.csv,2026-09-28
00-0037256,Rachaad White,2025,TB,RB,17,1282500,False,Drafted,Rookie deal,2022,0,0,0,572,4,40,218,0,,,10.4287434103052,-1.81148175994003,0,0,45,132,0,0,0,0,541,3633727,3406000,https://overthecap.com/player/rachaad-white/10136/,https://github.com/nflverse/nflverse-data/releases/download/stats_player/stats_player_reg_2025.csv,2026-09-28
00-0031687,Raheem Mostert,2025,LV,RB,12,1600000,False,SFA,Veteran deal,2025,0,0,0,104,0,12,70,0,,,-9.05524546572605,1.46067424991634,0,0,12,22,0,0,0,0,494,1560000,1550000,https://overthecap.com/player/raheem-mostert/4146/,https://github.com/nflverse/nflverse-data/releases/download/stats_player/stats_player_reg_2025.csv,2026-09-28
00-0040466,Raheim Sanders,2025,CLE,RB,4,990000,False,UDFA,Rookie deal,2025,0,0,0,92,1,3,21,0,,,0.90084898902569,1.19020745973103,0,0,4,27,0,0,0,0,522,840000,840000,https://overthecap.com/player/raheim-sanders/12849/,https://github.com/nflverse/nflverse-data/releases/download/stats_player/stats_player_reg_2025.csv,2026-09-28
00-0039796,Rasheen Ali,2025,BAL,RB,15,1077467,False,Drafted,Rookie deal,2024,0,0,0,24,0,9,68,1,,,-3.72144657041645,-0.779994539331144,0,0,11,7,0,0,0,0,407,1032467,960000,https://overthecap.com/player/rasheen-ali/11773/,https://github.com/nflverse/nflverse-data/releases/download/stats_player/stats_player_reg_2025.csv,2026-09-28
00-0039875,Ray Davis,2025,BUF,RB,17,1183297,False,Drafted,Rookie deal,2024,0,0,0,275,0,10,86,2,,,1.3505360862473,4.70655069213547,0,0,13,58,0,0,0,0,479,1138297,960000,https://overthecap.com/player/ray-davis/11736/,https://github.com/nflverse/nflverse-data/releases/download/stats_player/stats_player_reg_2025.csv,2026-09-28
00-0036187,Reggie Gilliam,2025,BUF,RB,11,2000000,False,UFA,Veteran deal,2025,0,0,0,4,0,2,24,0,,,-0.26065855185152,-0.0846171969459392,0,0,2,2,0,0,0,0,479,1337500,2000000,https://overthecap.com/player/reggie-gilliam/9365/,https://github.com/nflverse/nflverse-data/releases/download/stats_player/stats_player_reg_2025.csv,2026-09-28
00-0036875,Rhamondre Stevenson,2025,NE,RB,14,9000000,False,Extension,Veteran deal,2024,0,0,0,603,7,32,345,2,,,-18.2762055825109,13.0978004468668,0,0,37,130,0,2,0,1,482,5541176,3573529,https://overthecap.com/player/rhamondre-stevenson/9584/,https://github.com/nflverse/nflverse-data/releases/download/stats_player/stats_player_reg_2025.csv,2026-09-28
00-0036139,Rico Dowdle,2025,CAR,RB,17,2750000,False,UFA,Veteran deal,2025,0,0,0,1076,6,39,297,1,,,-2.30566257253139,-0.90271915770648,0,0,50,236,0,1,0,0,480,2750000,5500000,https://overthecap.com/player/rico-dowdle/9346/,https://github.com/nflverse/nflverse-data/releases/download/stats_player/stats_player_reg_2025.csv,2026-09-28
00-0040649,Robbie Ouzts,2025,SEA,RB,4,1130054,False,Drafted,Rookie deal,2025,0,0,0,0,0,0,0,0,,,,,0,0,0,0,0,0,0,0,455,822831,1062993,https://overthecap.com/player/robbie-ouzts/12535/,https://github.com/nflverse/nflverse-data/releases/download/stats_player/stats_player_reg_2025.csv,2026-09-28
00-0037557,Ronnie Rivers,2025,LA,RB,6,1100000,False,SFA,Veteran deal,2025,0,0,0,46,0,0,0,0,,,-1.09322079038247,,0,0,0,9,0,0,0,0,581,550000,550000,https://overthecap.com/player/ronnie-rivers/10408/,https://github.com/nflverse/nflverse-data/releases/download/stats_player/stats_player_reg_2025.csv,2026-09-28
00-0039021,Roschon Johnson,2025,CHI,RB,6,1152172,False,Drafted,Rookie deal,2023,0,0,0,17,0,0,0,0,,,1.35848521022126,,0,0,0,2,0,0,0,0,532,1222172,1030000,https://overthecap.com/player/roschon-johnson/10939/,https://github.com/nflverse/nflverse-data/releases/download/stats_player/stats_player_reg_2025.csv,2026-09-28
00-0033526,Samaje Perine,2025,CIN,RB,15,1800000,False,UFA,Veteran deal,2025,0,0,0,382,3,17,87,0,,,-0.24908348934861,-2.59301438659781,0,0,21,84,0,2,0,0,608,1600000,1800000,https://overthecap.com/player/samaje-perine/5700/,https://github.com/nflverse/nflverse-data/releases/download/stats_player/stats_player_reg_2025.csv,2026-09-28
00-0034844,Saquon Barkley,2025,PHI,RB,16,20600000,False,Extension,Veteran deal,2025,0,0,0,1140,7,37,273,2,,,-24.0965797156755,-4.97130264547002,0,0,50,280,0,0,0,1,464,6661000,16500000,https://overthecap.com/player/saquon-barkley/6887/,https://github.com/nflverse/nflverse-data/releases/download/stats_player/stats_player_reg_2025.csv,2026-09-28
00-0038951,Sean Tucker,2025,TB,RB,17,900000,False,UDFA,Rookie deal,2023,0,0,0,320,7,8,34,1,,,-3.65632613620567,-3.16103242756799,0,0,11,86,0,0,0,0,541,1031668,1030000,https://overthecap.com/player/sean-tucker/11542/,https://github.com/nflverse/nflverse-data/releases/download/stats_player/stats_player_reg_2025.csv,2026-09-28
00-0039364,Sione Vaki,2025,DET,RB,8,1137177,False,Drafted,Rookie deal,2024,0,0,0,4,0,0,0,0,,,-0.881562775233761,,0,0,0,1,0,0,0,0,550,1092177,960000,https://overthecap.com/player/sione-vaki/11740/,https://github.com/nflverse/nflverse-data/releases/download/stats_player/stats_player_reg_2025.csv,2026-09-28
00-0040208,Tahj Brooks,2025,CIN,RB,12,1107714,False,Drafted,Rookie deal,2025,0,0,0,45,0,1,9,0,,,-4.07118286378682,-8.03023877833039,0,0,2,16,0,0,0,0,608,897714,1070856,https://overthecap.com/player/tahj-brooks/12553/,https://github.com/nflverse/nflverse-data/releases/download/stats_player/stats_player_reg_2025.csv,2026-09-28
00-0039757,Terrell Jennings,2025,NE,RB,6,1017500,False,SFA,Veteran deal,2025,0,0,0,73,1,1,9,0,,,2.39200704207178,0.656292526517063,0,0,1,23,0,0,0,0,482,434444,434444,https://overthecap.com/player/terrell-jennings/12285/,https://github.com/nflverse/nflverse-data/releases/download/stats_player/stats_player_reg_2025.csv,2026-09-28
00-0035261,Tony Pollard,2025,TEN,RB,17,7250000,False,UFA,Veteran deal,2024,0,0,0,1082,5,33,206,0,,,-21.6942865704633,-11.8271716792167,0,0,41,242,0,2,0,1,530,8500000,6500000,https://overthecap.com/player/tony-pollard/7919/,https://github.com/nflverse/nflverse-data/releases/download/stats_player/stats_player_reg_2025.csv,2026-09-28
00-0036973,Travis Etienne,2025,JAX,RB,17,3224528,False,Drafted,Rookie deal,2021,0,0,0,1107,7,36,292,6,,,-18.9828439997652,9.14852294290904,0,0,52,260,0,0,0,0,547,6143000,6143000,https://overthecap.com/player/travis-etienne/9489/,https://github.com/nflverse/nflverse-data/releases/download/stats_player/stats_player_reg_2025.csv,2026-09-28
00-0035594,Travis Homer,2025,CHI,RB,8,1750000,False,UFA,Veteran deal,2025,0,0,0,-2,0,0,0,0,,,-1.36613327254169,,0,0,0,1,0,0,0,0,532,1645000,1645000,https://overthecap.com/player/travis-homer/7995/,https://github.com/nflverse/nflverse-data/releases/download/stats_player/stats_player_reg_2025.csv,2026-09-28
00-0040734,TreVeyon Henderson,2025,NE,RB,17,2785815,False,Drafted,Rookie deal,2025,0,0,0,911,9,35,221,1,,,8.43433479718594,2.67896822448924,0,0,42,180,0,1,0,0,482,2026047,5584188,https://overthecap.com/player/treveyon-henderson/12398/,https://github.com/nflverse/nflverse-data/releases/download/stats_player/stats_player_reg_2025.csv,2026-09-28
00-0040644,Trevor Etienne,2025,CAR,RB,17,1302186,False,Drafted,Rookie deal,2025,0,0,0,94,0,3,13,0,,,-1.57030377804767,-0.581759611261077,0,0,3,20,0,0,0,0,480,1092186,1848744,https://overthecap.com/player/trevor-etienne/12474/,https://github.com/nflverse/nflverse-data/releases/download/stats_player/stats_player_reg_2025.csv,2026-09-28
00-0039921,Trey Benson,2025,ARI,RB,4,1514902,False,Drafted,Rookie deal,2024,0,0,0,160,0,13,64,0,,,-0.208217968573201,-8.07334305129021,0,0,16,29,0,0,0,0,617,1377183,1070437,https://overthecap.com/player/trey-benson/11674/,https://github.com/nflverse/nflverse-data/releases/download/stats_player/stats_player_reg_2025.csv,2026-09-28
00-0036984,Trey Sermon,2025,PIT,RB,3,1170000,False,SFA,Veteran deal,2025,0,0,0,0,0,0,0,0,,,,,0,0,0,0,0,0,0,0,522,66000,66000,https://overthecap.com/player/trey-sermon/9552/,https://github.com/nflverse/nflverse-data/releases/download/stats_player/stats_player_reg_2025.csv,2026-09-28
00-0037276,Ty Chandler,2025,MIN,RB,3,989711,False,Drafted,Rookie deal,2022,0,0,0,47,0,3,11,0,,,-5.50631950073876,-0.839005224443856,0,0,4,17,0,0,0,0,468,1174711,1100000,https://overthecap.com/player/ty-chandler/10214/,https://github.com/nflverse/nflverse-data/releases/download/stats_player/stats_player_reg_2025.csv,2026-09-28
00-0035537,Ty Johnson,2025,BUF,RB,17,2500000,False,UFA,Veteran deal,2025,0,0,0,200,3,24,263,2,,,2.76324966031825,11.4494839878753,0,0,33,50,0,0,0,0,479,1975000,2725000,https://overthecap.com/player/ty-johnson/7977/,https://github.com/nflverse/nflverse-data/releases/download/stats_player/stats_player_reg_2025.csv,2026-09-28
00-0039032,Tyjae Spears,2025,TEN,RB,13,1372651,False,Drafted,Rookie deal,2023,0,0,0,283,2,45,264,0,,,-3.90114751543512,-1.64446221371942,0,0,50,72,0,0,0,0,530,1497437,1249146,https://overthecap.com/player/tyjae-spears/10905/,https://github.com/nflverse/nflverse-data/releases/download/stats_player/stats_player_reg_2025.csv,2026-09-28
00-0037263,Tyler Allgeier,2025,ATL,RB,17,998472,False,Drafted,Rookie deal,2022,0,0,0,514,8,14,96,0,,,-11.5547406327964,2.78284132614499,0,0,16,143,0,0,0,0,519,1183472,1100000,https://overthecap.com/player/tyler-allgeier/10196/,https://github.com/nflverse/nflverse-data/releases/download/stats_player/stats_player_reg_2025.csv,2026-09-28
00-0037085,Tyler Badie,2025,DEN,RB,16,877500,False,SFA,Veteran deal,2024,0,0,0,23,0,19,141,0,,,-3.70491996921159,1.22353060223844,0,0,31,8,0,0,0,0,584,960000,960000,https://overthecap.com/player/tyler-badie/10241/,https://github.com/nflverse/nflverse-data/releases/download/stats_player/stats_player_reg_2025.csv,2026-09-28
00-0037120,Tyler Goodson,2025,IND,RB,10,1030000,False,ERFA,Veteran deal,2025,0,0,0,24,0,2,8,0,,,-2.98170059034601,-0.945966201659758,0,0,3,9,0,0,0,0,530,1030000,1030000,https://overthecap.com/player/tyler-goodson/10443/,https://github.com/nflverse/nflverse-data/releases/download/stats_player/stats_player_reg_2025.csv,2026-09-28
00-0039384,Tyrone Tracy Jr.,2025,NYG,RB,15,1076588,False,Drafted,Rookie deal,2024,0,0,0,740,2,36,288,2,,,-9.78628891990221,0.0405658570330432,0,0,48,176,0,0,0,1,503,1031588,960000,https://overthecap.com/player/tyrone-tracy-jr/11774/,https://github.com/nflverse/nflverse-data/releases/download/stats_player/stats_player_reg_2025.csv,2026-09-28
00-0040476,Ulysses Bentley IV,2025,IND,RB,1,994167,False,UDFA,Rookie deal,2025,0,0,0,0,0,0,0,0,,,-0.795169524395127,,0,0,0,1,0,0,0,0,530,301333,301333,https://overthecap.com/player/ulysses-bentley-iv/12631/,https://github.com/nflverse/nflverse-data/releases/download/stats_player/stats_player_reg_2025.csv,2026-09-28
00-0039746,Will Shipley,2025,PHI,RB,14,1184241,False,Drafted,Rookie deal,2024,0,0,0,49,0,9,56,0,,,-3.59949383718606,-5.08711248653708,0,0,12,14,0,0,0,0,464,1139241,960000,https://overthecap.com/player/will-shipley/11735/,https://github.com/nflverse/nflverse-data/releases/download/stats_player/stats_player_reg_2025.csv,2026-09-28
00-0040583,Woody Marks,2025,HOU,RB,16,1300942,False,Drafted,Rookie deal,2025,0,0,0,703,2,24,208,3,,,-29.1784424367555,7.22964539200698,0,0,36,196,0,0,0,0,553,1090942,1843768,https://overthecap.com/player/woody-marks/12476/,https://github.com/nflverse/nflverse-data/releases/download/stats_player/stats_player_reg_2025.csv,2026-09-28
00-0039165,Zach Charbonnet,2025,SEA,RB,16,1719020,False,Drafted,Rookie deal,2023,0,0,0,730,12,20,144,0,,,-1.15622713846687,0.67355003836216,0,0,24,184,0,0,0,0,455,1875294,1375098,https://overthecap.com/player/zach-charbonnet/10876/,https://github.com/nflverse/nflverse-data/releases/download/stats_player/stats_player_reg_2025.csv,2026-09-28
00-0038040,Zamir White,2025,LV,RB,5,1100981,False,Drafted,Rookie deal,2022,0,0,0,32,0,4,24,0,,,-7.5715342174517,-1.8568793826481,0,0,6,12,0,0,0,0,494,1285981,1100000,https://overthecap.com/player/zamir-white/10167/,https://github.com/nflverse/nflverse-data/releases/download/stats_player/stats_player_reg_2025.csv,2026-09-28
00-0038440,Zavier Scott,2025,MIN,RB,11,840000,False,SFA,Veteran deal,2025,0,0,0,114,0,14,98,1,,,-8.99963791604387,-0.762452969269361,0,0,16,32,0,1,0,0,468,840000,840000,https://overthecap.com/player/zavier-scott/11234/,https://github.com/nflverse/nflverse-data/releases/download/stats_player/stats_player_reg_2025.csv,2026-09-28
00-0039793,AJ Barner,2025,SEA,TE,17,1193777,False,Drafted,Rookie deal,2024,0,0,0,14,1,52,519,6,,,7.23280352726579,27.9430311452095,0,0,68,10,0,0,0,0,455,1148777,960000,https://overthecap.com/player/a-j-barner/11729/,https://github.com/nflverse/nflverse-data/releases/download/stats_player/stats_player_reg_2025.csv,2026-09-28
00-0036422,Adam Trautman,2025,DEN,TE,13,3750000,False,UFA,Veteran deal,2024,0,0,0,0,0,20,195,1,,,,10.7914902587654,0,0,23,0,0,0,0,0,584,4500000,3000000,https://overthecap.com/player/adam-trautman/8845/,https://github.com/nflverse/nflverse-data/releases/download/stats_player/stats_player_reg_2025.csv,2026-09-28
00-0036423,Albert Okwuegbunam,2025,LV,TE,1,1170000,False,SFA,Veteran deal,2025,0,0,0,0,0,5,36,0,,,,1.61650970258052,0,0,6,0,0,0,0,0,494,466444,482000,https://overthecap.com/player/albert-okwuegbunam/8858/,https://github.com/nflverse/nflverse-data/releases/download/stats_player/stats_player_reg_2025.csv,2026-09-28
00-0037292,Andrew Ogletree,2025,IND,TE,11,959548,False,Drafted,Rookie deal,2022,0,0,0,0,0,4,27,1,,,,1.31117279594764,0,0,6,0,0,0,0,0,530,1144548,1100000,https://overthecap.com/player/andrew-ogletree/10237/,https://github.com/nflverse/nflverse-data/releases/download/stats_player/stats_player_reg_2025.csv,2026-09-28
00-0033455,Anthony Firkser,2025,DET,TE,5,1170000,False,SFA,Veteran deal,2025,0,0,0,0,0,8,53,0,,,,1.63562383066164,0,0,10,0,0,0,0,0,550,343333,390000,https://overthecap.com/player/anthony-firkser/6071/,https://github.com/nflverse/nflverse-data/releases/download/stats_player/stats_player_reg_2025.csv,2026-09-28
00-0032392,Austin Hooper,2025,NE,TE,13,5000000,False,UFA,Veteran deal,2025,0,0,0,0,0,21,263,2,,,,16.7977924192091,0,0,26,0,0,0,0,0,482,5000000,4950000,https://overthecap.com/player/austin-hooper/4794/,https://github.com/nflverse/nflverse-data/releases/download/stats_player/stats_player_reg_2025.csv,2026-09-28
00-0038809,Ben Sims,2025,MIN,TE,3,901667,False,UDFA,Rookie deal,2023,0,0,0,0,0,3,30,0,,,,0.73327856589458,0,0,6,0,0,0,0,0,468,572222,572222,https://overthecap.com/player/ben-sims/11108/,https://github.com/nflverse/nflverse-data/releases/download/stats_player/stats_player_reg_2025.csv,2026-09-28
00-0039912,Ben Sinnott,2025,WAS,TE,9,1806988,False,Drafted,Rookie deal,2024,0,0,0,0,0,11,114,1,,,,3.23115612688707,0,0,13,0,0,0,0,0,432,1642716,1123543,https://overthecap.com/player/ben-sinnott/11661/,https://github.com/nflverse/nflverse-data/releases/download/stats_player/stats_player_reg_2025.csv,2026-09-28
00-0040509,Ben Yurosek,2025,MIN,TE,6,995000,False,UDFA,Rookie deal,2025,0,0,0,0,0,2,14,0,,,,0.347642158623785,0,0,3,0,0,0,0,0,468,846666,860000,https://overthecap.com/player/ben-yurosek/12963/,https://github.com/nflverse/nflverse-data/releases/download/stats_player/stats_player_reg_2025.csv,2026-09-28
00-0038710,Blake Whiteheart,2025,CLE,TE,9,1030000,False,ERFA,Veteran deal,2025,0,0,0,0,0,2,4,0,,,,-3.72797030216316,0,0,6,0,0,0,0,0,522,1030000,1030000,https://overthecap.com/player/blake-whiteheart/11201/,https://github.com/nflverse/nflverse-data/releases/download/stats_player/stats_player_reg_2025.csv,2026-09-28
00-0038935,Brenton Strange,2025,JAX,TE,12,1528586,False,Drafted,Rookie deal,2023,0,0,0,0,0,46,540,3,,,,31.3647508115372,0,0,60,0,0,0,0,0,547,1667548,1305850,https://overthecap.com/player/brenton-strange/10885/,https://github.com/nflverse/nflverse-data/releases/download/stats_player/stats_player_reg_2025.csv,2026-09-28
00-0039530,Brevyn Spann-Ford,2025,DAL,TE,16,950000,False,UDFA,Rookie deal,2024,0,0,0,0,0,9,90,1,,,,-0.64272227382753,0,0,13,0,0,0,0,0,607,966666,960000,https://overthecap.com/player/brevyn-spann-ford/11906/,https://github.com/nflverse/nflverse-data/releases/download/stats_player/stats_player_reg_2025.csv,2026-09-28
00-0039338,Brock Bowers,2025,LV,TE,12,4534696,False,Drafted,Rookie deal,2024,0,0,0,2,0,64,680,7,,,-1.15436798543669,23.3474906531907,0,0,86,2,0,0,0,0,494,4122451,1619490,https://overthecap.com/player/brock-bowers/11621/,https://github.com/nflverse/nflverse-data/releases/download/stats_player/stats_player_reg_2025.csv,2026-09-28
00-0036754,Brock Wright,2025,DET,TE,8,4000000,False,RFA,Veteran deal,2024,0,0,0,0,0,14,108,2,,,,-1.92902500196942,0,0,22,0,0,0,0,0,550,2629000,3700000,https://overthecap.com/player/brock-wright/9878/,https://github.com/nflverse/nflverse-data/releases/download/stats_player/stats_player_reg_2025.csv,2026-09-28
00-0038129,Cade Otton,2025,TB,TE,15,1130985,False,Drafted,Rookie deal,2022,0,0,0,0,0,59,572,1,,,,3.08032558020279,0,0,81,0,0,0,0,0,541,3864485,3656000,https://overthecap.com/player/cade-otton/10151/,https://github.com/nflverse/nflverse-data/releases/download/stats_player/stats_player_reg_2025.csv,2026-09-28
00-0039359,Cade Stover,2025,HOU,TE,6,1189734,False,Drafted,Rookie deal,2024,0,0,0,3,0,12,76,0,,,-4.27851937839296,2.21662845194805,0,0,16,4,0,0,0,0,553,1144734,960000,https://overthecap.com/player/cade-stover/11731/,https://github.com/nflverse/nflverse-data/releases/download/stats_player/stats_player_reg_2025.csv,2026-09-28
00-0039631,Cam Grandy,2025,CIN,TE,2,980000,False,ERFA,Veteran deal,2025,0,0,0,0,0,2,7,0,,,,-0.351621002424508,0,0,2,0,0,0,0,0,608,980000,980000,https://overthecap.com/player/cam-grandy/11915/,https://github.com/nflverse/nflverse-data/releases/download/stats_player/stats_player_reg_2025.csv,2026-09-28
00-0038564,Cameron Latu,2025,PHI,TE,10,922500,False,SFA,Veteran deal,2025,0,0,0,0,0,0,0,0,,,,,0,0,0,0,0,0,0,0,464,700000,700000,https://overthecap.com/player/cameron-latu/10925/,https://github.com/nflverse/nflverse-data/releases/download/stats_player/stats_player_reg_2025.csv,2026-09-28
00-0040488,Carter Runyon,2025,LV,TE,3,922500,False,SFA,Veteran deal,2025,0,0,0,0,0,1,3,0,,,,-0.223862133920193,0,0,1,0,0,0,0,0,494,653333,653333,https://overthecap.com/player/carter-runyon/13051/,https://github.com/nflverse/nflverse-data/releases/download/stats_player/stats_player_reg_2025.csv,2026-09-28
00-0038046,Charlie Kolar,2025,BAL,TE,13,1091220,False,Drafted,Rookie deal,2022,0,0,0,0,0,10,142,2,,,,5.15456824345165,0,0,15,0,0,0,0,0,407,1276220,1100000,https://overthecap.com/player/charlie-kolar/10173/,https://github.com/nflverse/nflverse-data/releases/download/stats_player/stats_player_reg_2025.csv,2026-09-28
00-0036429,Charlie Woerner,2025,ATL,TE,7,4000000,False,UFA,Veteran deal,2024,0,0,0,0,0,8,48,0,,,,-0.202205947774928,0,0,9,0,0,0,0,0,519,3750000,2750000,https://overthecap.com/player/charlie-woerner/8930/,https://github.com/nflverse/nflverse-data/releases/download/stats_player/stats_player_reg_2025.csv,2026-09-28
00-0037809,Chig Okonkwo,2025,TEN,TE,17,1041084,False,Drafted,Rookie deal,2022,0,0,0,0,0,56,560,2,,,,12.6711040627125,0,0,79,0,0,0,0,0,530,3532084,3406000,https://overthecap.com/player/chigoziem-okonkwo/10188/,https://github.com/nflverse/nflverse-data/releases/download/stats_player/stats_player_reg_2025.csv,2026-09-28
00-0031484,Chris Manhertz,2025,NYG,TE,4,1422500,False,UFA,Veteran deal,2025,0,0,0,0,0,1,7,0,,,,-0.380521384242456,0,0,2,0,0,0,0,0,503,1197500,1422500,https://overthecap.com/player/chris-manhertz/3800/,https://github.com/nflverse/nflverse-data/releases/download/stats_player/stats_player_reg_2025.csv,2026-09-28
00-0036244,Colby Parkinson,2025,LA,TE,14,7500000,False,UFA,Veteran deal,2024,0,0,0,0,0,43,408,8,,,,12.5571114241143,0,0,56,0,0,0,0,1,581,9833333,7750000,https://overthecap.com/player/colby-parkinson/8873/,https://github.com/nflverse/nflverse-data/releases/download/stats_player/stats_player_reg_2025.csv,2026-09-28
00-0036290,Cole Kmet,2025,CHI,TE,16,12500000,False,Extension,Veteran deal,2023,0,0,0,0,0,30,347,2,-0.492736021056771,-63.2941067218781,,13.3915385745205,1,0,48,0,0,0,0,0,532,11600000,10000000,https://overthecap.com/player/cole-kmet/8783/,https://github.com/nflverse/nflverse-data/releases/download/stats_player/stats_player_reg_2025.csv,2026-09-28
00-0039686,Colson Yankoff,2025,WAS,TE,10,946667,False,UDFA,Rookie deal,2024,0,0,0,0,0,2,18,0,,,,2.84157020784915,0,0,3,0,0,0,0,0,432,963333,960000,https://overthecap.com/player/colson-yankoff/11940/,https://github.com/nflverse/nflverse-data/releases/download/stats_player/stats_player_reg_2025.csv,2026-09-28
00-0040126,Colston Loveland,2025,CHI,TE,16,6659002,False,Drafted,Rookie deal,2025,0,0,0,-2,0,58,713,6,,,-0.872515333816409,47.5060987164436,0,0,82,1,0,0,0,0,532,4842910,16851640,https://overthecap.com/player/colston-loveland/12370/,https://github.com/nflverse/nflverse-data/releases/download/stats_player/stats_player_reg_2025.csv,2026-09-28
00-0034351,Dallas Goedert,2025,PHI,TE,15,10000000,False,Other,Unknown,2025,0,0,0,0,0,60,591,11,,,,36.1227757875291,0,0,82,0,0,0,0,0,464,10714463,10000000,https://overthecap.com/player/dallas-goedert/6934/,https://github.com/nflverse/nflverse-data/releases/download/stats_player/stats_player_reg_2025.csv,2026-09-28
00-0038933,Dalton Kincaid,2025,BUF,TE,12,3356760,False,Drafted,Rookie deal,2023,0,0,0,0,0,39,571,5,,,,39.3884031626824,0,0,49,0,0,0,0,0,479,3661920,1970640,https://overthecap.com/player/dalton-kincaid/10849/,https://github.com/nflverse/nflverse-data/releases/download/stats_player/stats_player_reg_2025.csv,2026-09-28
00-0034383,Dalton Schultz,2025,HOU,TE,17,12000000,False,UFA,Veteran deal,2024,0,0,0,0,0,82,777,3,,,,36.7161405716526,0,0,106,0,0,0,0,0,553,6204000,11500000,https://overthecap.com/player/dalton-schultz/7022/,https://github.com/nflverse/nflverse-data/releases/download/stats_player/stats_player_reg_2025.csv,2026-09-28
00-0038115,Daniel Bellinger,2025,NYG,TE,13,1113278,False,Drafted,Rookie deal,2022,0,0,0,0,0,19,286,2,,,,22.597485702514,0,0,26,0,0,0,0,0,503,3604278,3406000,https://overthecap.com/player/daniel-bellinger/10157/,https://github.com/nflverse/nflverse-data/releases/download/stats_player/stats_player_reg_2025.csv,2026-09-28
00-0038558,Darnell Washington,2025,PIT,TE,13,1338478,False,Drafted,Rookie deal,2023,0,0,0,0,0,31,364,1,,,,14.6425078796602,0,0,43,0,0,0,0,1,522,1460158,1236720,https://overthecap.com/player/darnell-washington/10917/,https://github.com/nflverse/nflverse-data/releases/download/stats_player/stats_player_reg_2025.csv,2026-09-28
00-0031610,Darren Waller,2025,MIA,TE,9,2000000,False,Other,Unknown,2025,0,0,0,4,0,24,283,6,,,0.367445847368799,28.2662350166212,0,0,34,1,0,0,0,0,462,2000000,2000000,https://overthecap.com/player/darren-waller/4052/,https://github.com/nflverse/nflverse-data/releases/download/stats_player/stats_player_reg_2025.csv,2026-09-28
00-0039648,David Martin-Robinson,2025,TEN,TE,11,945833,False,UDFA,Rookie deal,2024,0,0,0,0,0,4,30,1,,,,-0.976907126023434,0,0,6,0,0,0,0,0,530,962500,960000,https://overthecap.com/player/david-martin-robinson/11954/,https://github.com/nflverse/nflverse-data/releases/download/stats_player/stats_player_reg_2025.csv,2026-09-28
00-0033885,David Njoku,2025,CLE,TE,11,13687500,False,Franchise,Veteran deal,2022,0,0,0,0,0,33,293,4,,,,-3.61477234348778,0,0,48,0,0,0,0,0,522,11494882,14955882,https://overthecap.com/player/david-njoku/5613/,https://github.com/nflverse/nflverse-data/releases/download/stats_player/stats_player_reg_2025.csv,2026-09-28
00-0039074,Davis Allen,2025,LA,TE,15,1021245,False,Drafted,Rookie deal,2023,0,0,0,0,0,24,208,3,,,,5.40601049223915,0,0,33,0,0,0,0,0,581,1091245,1030000,https://overthecap.com/player/davis-allen/10999/,https://github.com/nflverse/nflverse-data/releases/download/stats_player/stats_player_reg_2025.csv,2026-09-28
00-0035689,Dawson Knox,2025,BUF,TE,16,9833333,False,Other,Unknown,2024,0,0,0,0,0,36,417,4,,,,17.4796811189009,0,0,49,0,0,0,0,0,479,14568000,9800000,https://overthecap.com/player/dawson-knox/7887/,https://github.com/nflverse/nflverse-data/releases/download/stats_player/stats_player_reg_2025.csv,2026-09-28
00-0039754,Devin Culp,2025,TB,TE,4,1026546,False,Drafted,Rookie deal,2024,0,0,0,0,0,1,6,1,,,,1.71396795928013,0,0,1,0,0,0,0,0,541,981546,960000,https://overthecap.com/player/devin-culp/11854/,https://github.com/nflverse/nflverse-data/releases/download/stats_player/stats_player_reg_2025.csv,2026-09-28
00-0035631,Drew Sample,2025,CIN,TE,12,3500000,False,UFA,Veteran deal,2024,0,0,0,3,0,15,106,1,,,-0.583710714941844,2.65180705697276,0,0,20,1,0,0,0,0,608,2750000,2750000,https://overthecap.com/player/drew-sample/7843/,https://github.com/nflverse/nflverse-data/releases/download/stats_player/stats_player_reg_2025.csv,2026-09-28
00-0034798,Durham Smythe,2025,CHI,TE,7,2500000,False,SFA,Veteran deal,2025,0,0,0,0,0,4,25,0,,,,-0.253803549101576,0,0,6,0,0,0,0,0,532,2500000,2500000,https://overthecap.com/player/durham-smythe/7008/,https://github.com/nflverse/nflverse-data/releases/download/stats_player/stats_player_reg_2025.csv,2026-09-28
00-0038498,E.J. Jenkins,2025,PHI,TE,1,877500,False,SFA,Veteran deal,2024,0,0,0,0,0,0,0,0,,,,,0,0,0,0,0,0,0,0,464,314666,314666,https://overthecap.com/player/e-j-jenkins/11261/,https://github.com/nflverse/nflverse-data/releases/download/stats_player/stats_player_reg_2025.csv,2026-09-28
00-0040739,Elijah Arroyo,2025,SEA,TE,13,2203343,False,Drafted,Rookie deal,2025,0,0,0,0,0,15,179,1,,,,-16.2389062890375,0,0,26,0,0,0,0,1,455,1602431,3889724,https://overthecap.com/player/elijah-arroyo/12410/,https://github.com/nflverse/nflverse-data/releases/download/stats_player/stats_player_reg_2025.csv,2026-09-28
00-0039041,Elijah Higgins,2025,ARI,TE,17,1003970,False,Drafted,Rookie deal,2023,0,0,0,0,0,30,301,0,,,,1.42768329672981,0,0,37,0,0,0,0,1,617,1030000,1030000,https://overthecap.com/player/elijah-higgins/11021/,https://github.com/nflverse/nflverse-data/releases/download/stats_player/stats_player_reg_2025.csv,2026-09-28
00-0033576,Eric Saubert,2025,SEA,TE,9,2500000,False,Extension,Veteran deal,2025,0,0,0,0,0,4,31,0,,,,2.55034893985918,0,0,7,0,0,0,0,0,455,1044444,1294444,https://overthecap.com/player/eric-saubert/5760/,https://github.com/nflverse/nflverse-data/releases/download/stats_player/stats_player_reg_2025.csv,2026-09-28
00-0033881,Evan Engram,2025,DEN,TE,16,11500000,False,SFA,Veteran deal,2025,0,0,0,7,0,50,461,1,,,0.254432351794094,3.49128043235745,0,0,76,1,0,0,0,0,584,6136666,11470000,https://overthecap.com/player/evan-engram/5607/,https://github.com/nflverse/nflverse-data/releases/download/stats_player/stats_player_reg_2025.csv,2026-09-28
00-0036825,Feleipe Franks,2025,ATL,TE,10,1440000,False,RFA,Veteran deal,2025,0,0,0,4,0,0,0,0,,,1.27250441163778,,0,0,0,2,0,0,0,0,519,1440000,1440000,https://overthecap.com/player/feleipe-franks/9915/,https://github.com/nflverse/nflverse-data/releases/download/stats_player/stats_player_reg_2025.csv,2026-09-28
00-0034981,Foster Moreau,2025,NO,TE,7,4078000,False,UFA,Veteran deal,2023,0,0,0,0,0,7,59,0,,,,-3.73570500547066,0,0,10,0,0,0,0,0,565,4634000,3835176,https://overthecap.com/player/foster-moreau/7928/,https://github.com/nflverse/nflverse-data/releases/download/stats_player/stats_player_reg_2025.csv,2026-09-28
00-0033288,George Kittle,2025,SF,TE,11,19100000,False,Extension,Veteran deal,2025,0,0,0,-3,0,57,628,7,,,-0.98971250851173,46.3200631268038,0,0,69,1,0,0,0,0,550,14211842,19823529,https://overthecap.com/player/george-kittle/5732/,https://github.com/nflverse/nflverse-data/releases/download/stats_player/stats_player_reg_2025.csv,2026-09-28
00-0037086,Grant Calcaterra,2025,PHI,TE,9,958535,False,Drafted,Rookie deal,2022,0,0,0,0,0,9,76,1,,,,0.973825295106508,0,0,13,0,0,0,0,0,464,1143535,1100000,https://overthecap.com/player/grant-calcaterra/10243/,https://github.com/nflverse/nflverse-data/releases/download/stats_player/stats_player_reg_2025.csv,2026-09-28
00-0037252,Greg Dulcich,2025,MIA,TE,9,1030000,False,SFA,Veteran deal,2025,0,0,0,-7,0,26,335,1,,,-1.62947965239926,17.5111882914354,0,0,33,1,0,0,0,1,462,629444,629444,https://overthecap.com/player/greg-dulcich/10125/,https://github.com/nflverse/nflverse-data/releases/download/stats_player/stats_player_reg_2025.csv,2026-09-28
00-0040584,Gunnar Helm,2025,TEN,TE,16,1293227,False,Drafted,Rookie deal,2025,0,0,0,0,0,44,357,2,,,,3.83447882574768,0,0,55,0,0,0,0,0,530,1083227,1812908,https://overthecap.com/player/gunnar-helm/12480/,https://github.com/nflverse/nflverse-data/releases/download/stats_player/stats_player_reg_2025.csv,2026-09-28
00-0040663,Harold Fannin Jr.,2025,CLE,TE,16,1685722,False,Drafted,Rookie deal,2025,0,0,0,13,1,72,731,6,,,-1.77085690747481,1.40015056461898,0,0,107,7,0,1,0,0,522,1225979,2383916,https://overthecap.com/player/harold-fannin-jr/12427/,https://github.com/nflverse/nflverse-data/releases/download/stats_player/stats_player_reg_2025.csv,2026-09-28
00-0036232,Harrison Bryant,2025,HOU,TE,5,1170000,False,SFA,Veteran deal,2025,0,0,0,0,0,2,7,0,,,,-3.33586585626472,0,0,6,0,0,0,0,0,553,1105000,1105000,https://overthecap.com/player/harrison-bryant/8855/,https://github.com/nflverse/nflverse-data/releases/download/stats_player/stats_player_reg_2025.csv,2026-09-28
00-0033090,Hunter Henry,2025,NE,TE,17,9000000,False,UFA,Veteran deal,2024,0,0,0,0,0,60,768,7,,,,37.6889966467623,0,0,87,0,0,0,0,0,482,11500000,8750000,https://overthecap.com/player/hunter-henry/4748/,https://github.com/nflverse/nflverse-data/releases/download/stats_player/stats_player_reg_2025.csv,2026-09-28
00-0037004,Hunter Long,2025,JAX,TE,7,2500000,False,UFA,Veteran deal,2025,0,0,0,0,0,12,85,2,,,,7.76873838831671,0,0,17,0,0,0,0,0,547,2125000,2382353,https://overthecap.com/player/hunter-long/9545/,https://github.com/nflverse/nflverse-data/releases/download/stats_player/stats_player_reg_2025.csv,2026-09-28
00-0034365,Ian Thomas,2025,LV,TE,9,1524500,False,UFA,Veteran deal,2025,0,0,0,0,0,13,114,0,,,,5.07334593776614,0,0,13,0,0,0,0,0,494,1512500,1512500,https://overthecap.com/player/ian-thomas/6986/,https://github.com/nflverse/nflverse-data/releases/download/stats_player/stats_player_reg_2025.csv,2026-09-28
00-0037838,Isaiah Likely,2025,BAL,TE,12,1041084,False,Drafted,Rookie deal,2022,0,0,0,0,0,27,307,1,,,,5.39542026744853,0,0,36,0,0,0,0,1,407,3532084,3406000,https://overthecap.com/player/isaiah-likely/10184/,https://github.com/nflverse/nflverse-data/releases/download/stats_player/stats_player_reg_2025.csv,2026-09-28
00-0039356,Ja'Tavion Sanders,2025,CAR,TE,12,1261059,False,Drafted,Rookie deal,2024,0,0,0,0,0,29,190,1,,,,4.41699480636157,0,0,34,0,0,0,0,0,480,1253559,1035000,https://overthecap.com/player/jatavion-sanders/11709/,https://github.com/nflverse/nflverse-data/releases/download/stats_player/stats_player_reg_2025.csv,2026-09-28
00-0036741,Jack Stoll,2025,NO,TE,9,1270000,False,SFA,Veteran deal,2025,0,0,0,0,0,6,46,1,,,,-5.03413305454887,0,0,11,0,0,0,0,0,565,1045556,1172778,https://overthecap.com/player/jack-stoll/9857/,https://github.com/nflverse/nflverse-data/releases/download/stats_player/stats_player_reg_2025.csv,2026-09-28
00-0039305,Jack Westover,2025,NE,TE,4,877500,False,SFA,Veteran deal,2024,0,0,0,0,0,1,0,0,,,,-0.952802424319088,0,0,2,0,0,0,0,0,482,960000,960000,https://overthecap.com/player/jack-westover/12019/,https://github.com/nflverse/nflverse-data/releases/download/stats_player/stats_player_reg_2025.csv,2026-09-28
00-0040194,Jackson Hawes,2025,BUF,TE,13,1130054,False,Drafted,Rookie deal,2025,0,0,0,0,0,16,187,3,,,,14.8332592858933,0,0,19,0,0,0,0,0,479,920054,1160216,https://overthecap.com/player/jackson-hawes/12533/,https://github.com/nflverse/nflverse-data/releases/download/stats_player/stats_player_reg_2025.csv,2026-09-28
00-0038041,Jake Ferguson,2025,DAL,TE,17,12500000,False,Extension,Veteran deal,2025,0,0,0,1,0,82,600,8,,,-0.694362650625408,19.060186915451,0,0,102,1,0,0,0,2,607,3982220,13406000,https://overthecap.com/player/jake-ferguson/10174/,https://github.com/nflverse/nflverse-data/releases/download/stats_player/stats_player_reg_2025.csv,2026-09-28
00-0037112,Jake Tonges,2025,SF,TE,10,1030000,False,ERFA,Veteran deal,2025,0,0,0,0,0,34,293,5,,,,14.2160502494226,0,0,46,0,0,0,0,0,550,1030000,1030000,https://overthecap.com/player/jake-tonges/10357/,https://github.com/nflverse/nflverse-data/releases/download/stats_player/stats_player_reg_2025.csv,2026-09-28
00-0037282,James Mitchell,2025,CAR,TE,2,1030000,False,SFA,Veteran deal,2025,0,0,0,0,0,3,28,0,,,,2.24415498785675,0,0,3,0,0,0,0,0,480,1030000,1030000,https://overthecap.com/player/james-mitchell/10222/,https://github.com/nflverse/nflverse-data/releases/download/stats_player/stats_player_reg_2025.csv,2026-09-28
00-0039824,Jared Wiley,2025,KC,TE,2,1177155,False,Drafted,Rookie deal,2024,0,0,0,0,0,1,4,0,,,,2.56564583489671,0,0,1,0,0,0,0,0,549,1132155,960000,https://overthecap.com/player/jared-wiley/11739/,https://github.com/nflverse/nflverse-data/releases/download/stats_player/stats_player_reg_2025.csv,2026-09-28
00-0037755,Jelani Woods,2025,NYJ,TE,2,960000,False,Other,Unknown,2025,0,0,0,0,0,1,4,0,,,,-2.54582736833254,0,0,3,0,0,0,0,0,472,960000,960000,https://overthecap.com/player/jelani-woods/10118/,https://github.com/nflverse/nflverse-data/releases/download/stats_player/stats_player_reg_2025.csv,2026-09-28
00-0037805,Jeremy Ruckert,2025,NYJ,TE,14,5000000,False,Extension,Veteran deal,2025,0,0,0,0,0,23,179,1,,,,4.54611501499312,0,0,29,0,0,0,0,0,472,2605197,4392942,https://overthecap.com/player/jeremy-ruckert/10146/,https://github.com/nflverse/nflverse-data/releases/download/stats_player/stats_player_reg_2025.csv,2026-09-28
00-0036628,John Bates,2025,WAS,TE,10,7000000,False,UFA,Veteran deal,2025,0,0,0,0,0,11,103,1,,,,7.80472394806566,0,0,16,0,0,0,0,0,432,4333333,8960000,https://overthecap.com/player/john-bates/9588/,https://github.com/nflverse/nflverse-data/releases/download/stats_player/stats_player_reg_2025.csv,2026-09-28
00-0037306,John FitzPatrick,2025,GB,TE,11,1500000,False,SFA,Veteran deal,2025,0,0,0,0,0,12,72,1,,,,3.76181084662676,0,0,15,0,0,0,0,0,460,1480000,1630000,https://overthecap.com/player/john-fitzpatrick/10258/,https://github.com/nflverse/nflverse-data/releases/download/stats_player/stats_player_reg_2025.csv,2026-09-28
00-0033246,Johnny Mundt,2025,JAX,TE,12,2750000,False,UFA,Veteran deal,2025,0,0,0,0,0,9,111,0,,,,3.97521754272748,0,0,19,0,0,0,0,0,547,2250000,2735294,https://overthecap.com/player/johnny-mundt/5857/,https://github.com/nflverse/nflverse-data/releases/download/stats_player/stats_player_reg_2025.csv,2026-09-28
00-0033858,Jonnu Smith,2025,PIT,TE,17,12010000,False,Extension,Veteran deal,2025,0,0,0,70,1,38,222,2,,,3.84702338749776,0.541707462964432,0,0,54,9,0,0,0,0,522,5127500,9000000,https://overthecap.com/player/jonnu-smith/5686/,https://github.com/nflverse/nflverse-data/releases/download/stats_player/stats_player_reg_2025.csv,2026-09-28
00-0035249,Josh Oliver,2025,MIN,TE,12,7750000,False,Extension,Veteran deal,2025,0,0,0,0,0,15,160,4,,,,10.533449101713,0,0,19,0,0,0,0,0,468,4264000,9000000,https://overthecap.com/player/josh-oliver/7860/,https://github.com/nflverse/nflverse-data/releases/download/stats_player/stats_player_reg_2025.csv,2026-09-28
00-0038589,Josh Whyle,2025,GB,TE,6,1030000,False,SFA,Veteran deal,2025,0,0,0,0,0,5,36,1,,,,2.19903587001443,0,0,6,0,0,0,0,0,460,515000,515000,https://overthecap.com/player/josh-whyle/10971/,https://github.com/nflverse/nflverse-data/releases/download/stats_player/stats_player_reg_2025.csv,2026-09-28
00-0036332,Josiah Deguara,2025,ARI,TE,7,1170000,False,SFA,Veteran deal,2025,0,0,0,0,0,3,21,1,,,,1.40122630295809,0,0,5,0,0,0,0,0,617,515000,585000,https://overthecap.com/player/josiah-deguara/8834/,https://github.com/nflverse/nflverse-data/releases/download/stats_player/stats_player_reg_2025.csv,2026-09-28
00-0038720,Julian Hill,2025,MIA,TE,11,902500,False,UDFA,Rookie deal,2023,0,0,0,0,0,15,140,0,,,,1.19606199928215,0,0,20,0,0,0,0,0,462,1034168,1030000,https://overthecap.com/player/julian-hill/11488/,https://github.com/nflverse/nflverse-data/releases/download/stats_player/stats_player_reg_2025.csv,2026-09-28
00-0038590,Justin Shorter,2025,LV,TE,3,960000,False,SFA,Veteran deal,2025,0,0,0,0,0,0,0,0,,,,,0,0,0,0,0,0,0,0,494,130000,130000,https://overthecap.com/player/justin-shorter/10974/,https://github.com/nflverse/nflverse-data/releases/download/stats_player/stats_player_reg_2025.csv,2026-09-28
00-0036040,Juwan Johnson,2025,NO,TE,17,10250000,False,UFA,Veteran deal,2025,0,0,0,0,0,77,889,3,,,,35.2164211992737,0,0,102,0,0,0,0,2,565,5245000,12920000,https://overthecap.com/player/juwan-johnson/9380/,https://github.com/nflverse/nflverse-data/releases/download/stats_player/stats_player_reg_2025.csv,2026-09-28
00-0040363,Keleki Latu,2025,BUF,TE,3,988333,False,SFA,Veteran deal,2025,0,0,0,0,0,4,35,0,,,,5.3192515547853,0,0,4,0,0,0,0,0,479,93333,93333,https://overthecap.com/player/keleki-latu/12780/,https://github.com/nflverse/nflverse-data/releases/download/stats_player/stats_player_reg_2025.csv,2026-09-28
00-0037311,Ko Kieft,2025,TB,TE,2,948003,False,Drafted,Rookie deal,2022,0,0,0,0,0,0,0,0,,,,,0,0,0,0,0,0,0,0,541,1133003,1100000,https://overthecap.com/player/ko-kieft/10263/,https://github.com/nflverse/nflverse-data/releases/download/stats_player/stats_player_reg_2025.csv,2026-09-28
00-0036970,Kyle Pitts,2025,ATL,TE,17,8227624,False,Drafted,Rookie deal,2021,0,0,0,0,0,88,928,5,,,,24.5839523556697,0,0,118,0,0,0,0,0,519,10878000,10878000,https://overthecap.com/player/kyle-pitts/9468/,https://github.com/nflverse/nflverse-data/releases/download/stats_player/stats_player_reg_2025.csv,2026-09-28
00-0036876,Kylen Granson,2025,PHI,TE,12,1750000,False,UFA,Veteran deal,2025,0,0,0,0,0,7,40,0,,,,-1.86459525828832,0,0,9,0,0,0,0,0,464,1270000,1670000,https://overthecap.com/player/kylen-granson/9591/,https://github.com/nflverse/nflverse-data/releases/download/stats_player/stats_player_reg_2025.csv,2026-09-28
00-0037539,Lucas Krull,2025,DEN,TE,2,1030000,False,ERFA,Veteran deal,2025,0,0,0,0,0,2,15,0,,,,-2.38333394215442,0,0,4,0,0,0,0,0,584,1030000,1030000,https://overthecap.com/player/lucas-krull/10575/,https://github.com/nflverse/nflverse-data/releases/download/stats_player/stats_player_reg_2025.csv,2026-09-28
00-0036887,Luke Farrell,2025,SF,TE,13,5250000,False,UFA,Veteran deal,2025,0,0,0,0,0,11,85,2,,,,3.54589824355207,0,0,14,0,0,0,0,1,550,2544000,6000000,https://overthecap.com/player/luke-farrell/9609/,https://github.com/nflverse/nflverse-data/releases/download/stats_player/stats_player_reg_2025.csv,2026-09-28
00-0039144,Luke Musgrave,2025,GB,TE,13,2118936,False,Drafted,Rookie deal,2023,0,0,0,0,0,24,252,0,,,,10.1391695494531,0,0,31,0,0,0,0,0,460,2311566,1520522,https://overthecap.com/player/luke-musgrave/10866/,https://github.com/nflverse/nflverse-data/releases/download/stats_player/stats_player_reg_2025.csv,2026-09-28
00-0038547,Luke Schoonmaker,2025,DAL,TE,14,1566670,False,Drafted,Rookie deal,2023,0,0,0,0,0,14,132,0,,,,3.64015665097395,0,0,23,0,0,0,0,0,607,1709094,1319698,https://overthecap.com/player/luke-schoonmaker/10882/,https://github.com/nflverse/nflverse-data/releases/download/stats_player/stats_player_reg_2025.csv,2026-09-28
00-0034753,Mark Andrews,2025,BAL,TE,17,13089000,False,Extension,Veteran deal,2025,0,0,0,48,1,48,422,5,,,6.52073954662774,1.5476467463453,0,0,70,10,0,0,0,0,407,17835740,19500000,https://overthecap.com/player/mark-andrews/6971/,https://github.com/nflverse/nflverse-data/releases/download/stats_player/stats_player_reg_2025.csv,2026-09-28
00-0040736,Mason Taylor,2025,NYJ,TE,13,2616548,False,Drafted,Rookie deal,2025,0,0,0,0,0,44,369,1,,,,9.6960507314217,0,0,65,0,0,0,0,0,472,1902944,5091776,https://overthecap.com/player/mason-taylor/12402/,https://github.com/nflverse/nflverse-data/releases/download/stats_player/stats_player_reg_2025.csv,2026-09-28
00-0039066,Michael Mayer,2025,LV,TE,13,2328410,False,Drafted,Rookie deal,2023,0,0,0,0,0,35,328,1,,,,-9.8418382619484,0,0,50,0,0,0,0,0,494,2540083,1596694,https://overthecap.com/player/michael-mayer/10859/,https://github.com/nflverse/nflverse-data/releases/download/stats_player/stats_player_reg_2025.csv,2026-09-28
00-0034829,Mike Gesicki,2025,CIN,TE,12,8500000,False,UFA,Veteran deal,2025,0,0,0,0,0,28,307,2,,,,4.38470020618127,0,0,42,0,0,0,0,0,608,7666666,12000000,https://overthecap.com/player/mike-gesicki/6927/,https://github.com/nflverse/nflverse-data/releases/download/stats_player/stats_player_reg_2025.csv,2026-09-28
00-0040187,Mitchell Evans,2025,CAR,TE,14,1147742,False,Drafted,Rookie deal,2025,0,0,0,1,0,19,171,2,,,1.78429224726278,3.1915485067002,0,0,25,1,0,0,0,0,480,937742,1230968,https://overthecap.com/player/mitchell-evans/12523/,https://github.com/nflverse/nflverse-data/releases/download/stats_player/stats_player_reg_2025.csv,2026-09-28
00-0033217,Mo Alie-Cox,2025,IND,TE,11,2200000,False,UFA,Veteran deal,2025,0,0,0,0,0,13,117,1,,,,-0.859269793261774,0,0,20,0,0,0,0,0,530,1422500,2200000,https://overthecap.com/player/mo-alie-cox/5618/,https://github.com/nflverse/nflverse-data/releases/download/stats_player/stats_player_reg_2025.csv,2026-09-28
00-0040244,Moliki Matavao,2025,NO,TE,1,922500,False,SFA,Veteran deal,2025,0,0,0,0,0,2,10,0,,,,0.186369166476652,0,0,2,0,0,0,0,0,565,93333,93333,https://overthecap.com/player/moliki-matavao/12608/,https://github.com/nflverse/nflverse-data/releases/download/stats_player/stats_player_reg_2025.csv,2026-09-28
00-0038783,Nate Adkins,2025,DEN,TE,6,901667,False,UDFA,Rookie deal,2023,0,0,0,0,0,6,48,1,,,,-0.6282122216071,0,0,11,0,0,0,0,0,584,1033334,1030000,https://overthecap.com/player/nate-adkins/11337/,https://github.com/nflverse/nflverse-data/releases/download/stats_player/stats_player_reg_2025.csv,2026-09-28
00-0040058,Nick Kallerup,2025,SEA,TE,4,996667,False,UDFA,Rookie deal,2025,0,0,0,0,0,0,0,0,,,,-0.555433336994611,0,0,1,0,0,0,0,0,455,848333,865000,https://overthecap.com/player/nick-kallerup/12763/,https://github.com/nflverse/nflverse-data/releases/download/stats_player/stats_player_reg_2025.csv,2026-09-28
00-0035644,Noah Fant,2025,CIN,TE,13,2750000,False,SFA,Veteran deal,2025,0,0,0,0,0,34,288,3,,,,-11.7837950243007,0,0,41,0,0,0,0,3,608,2720588,2970588,https://overthecap.com/player/noah-fant/7811/,https://github.com/nflverse/nflverse-data/releases/download/stats_player/stats_player_reg_2025.csv,2026-09-28
00-0036637,Noah Gray,2025,KC,TE,14,6000000,False,Extension,Veteran deal,2024,0,0,0,0,0,21,178,0,,,,-6.85431966585796,0,0,37,0,0,0,0,0,549,4911000,3061000,https://overthecap.com/player/noah-gray/9626/,https://github.com/nflverse/nflverse-data/releases/download/stats_player/stats_player_reg_2025.csv,2026-09-28
00-0040189,Oronde Gadsden II,2025,LAC,TE,15,1143509,False,Drafted,Rookie deal,2025,0,0,0,0,0,49,664,3,,,,16.5150553240987,0,0,69,0,0,0,0,1,544,933509,1214036,https://overthecap.com/player/oronde-gadsden-ii/12525/,https://github.com/nflverse/nflverse-data/releases/download/stats_player/stats_player_reg_2025.csv,2026-09-28
00-0036894,Pat Freiermuth,2025,PIT,TE,15,12100000,False,Extension,Veteran deal,2024,0,0,0,0,0,41,486,4,,,,23.3098408698331,0,0,54,0,0,0,0,0,522,12885000,10785000,https://overthecap.com/player/pat-freiermuth/9519/,https://github.com/nflverse/nflverse-data/releases/download/stats_player/stats_player_reg_2025.csv,2026-09-28
00-0039050,Payne Durham,2025,TB,TE,8,1021245,False,Drafted,Rookie deal,2023,0,0,0,0,0,1,11,0,,,,-1.19573243462946,0,0,4,0,0,0,0,0,541,1091245,1030000,https://overthecap.com/player/payne-durham/10995/,https://github.com/nflverse/nflverse-data/releases/download/stats_player/stats_player_reg_2025.csv,2026-09-28
00-0033439,Pharaoh Brown,2025,ARI,TE,5,1255000,False,SFA,Veteran deal,2025,0,0,0,0,0,2,1,0,,,,-0.885376922233263,0,0,2,0,0,0,0,0,617,286111,348611,https://overthecap.com/player/pharaoh-brown/6080/,https://github.com/nflverse/nflverse-data/releases/download/stats_player/stats_player_reg_2025.csv,2026-09-28
00-0038735,Princeton Fant,2025,DAL,TE,1,877500,False,SFA,Veteran deal,2024,0,0,0,0,0,0,0,0,,,,,0,0,0,0,0,0,0,0,607,274333,274333,https://overthecap.com/player/princeton-fant/11411/,https://github.com/nflverse/nflverse-data/releases/download/stats_player/stats_player_reg_2025.csv,2026-09-28
00-0036590,Quintin Morris,2025,JAX,TE,11,1100000,False,SFA,Veteran deal,2025,0,0,0,0,0,6,55,1,,,,-0.618214031303069,0,0,9,0,0,0,0,0,547,794444,794444,https://overthecap.com/player/quintin-morris/9733/,https://github.com/nflverse/nflverse-data/releases/download/stats_player/stats_player_reg_2025.csv,2026-09-28
00-0033757,Robert Tonyan,2025,KC,TE,2,1255000,False,SFA,Veteran deal,2025,0,0,0,0,0,1,1,0,,,,-0.518533631926402,0,0,1,0,0,0,0,0,549,1030000,1255000,https://overthecap.com/player/robert-tonyan/6223/,https://github.com/nflverse/nflverse-data/releases/download/stats_player/stats_player_reg_2025.csv,2026-09-28
00-0037015,Sal Cannella,2025,CLE,TE,2,840000,False,SFA,Veteran deal,2025,0,0,0,0,0,2,11,0,,,,-8.81950369477272,0,0,5,0,0,0,0,0,522,301334,301334,https://overthecap.com/player/sal-cannella/10015/,https://github.com/nflverse/nflverse-data/releases/download/stats_player/stats_player_reg_2025.csv,2026-09-28
00-0039065,Sam LaPorta,2025,DET,TE,9,2366500,False,Drafted,Rookie deal,2023,0,0,0,0,0,40,489,3,,,,36.4278423127509,0,0,49,0,0,0,0,0,550,2581636,1610546,https://overthecap.com/player/sam-laporta/10858/,https://github.com/nflverse/nflverse-data/releases/download/stats_player/stats_player_reg_2025.csv,2026-09-28
00-0036534,Shane Zylstra,2025,DET,TE,1,1100000,False,SFA,Veteran deal,2025,0,0,0,0,0,3,20,0,,,,-1.83611708204262,0,0,5,0,0,0,0,0,550,743333,743333,https://overthecap.com/player/shane-zylstra/9984/,https://github.com/nflverse/nflverse-data/releases/download/stats_player/stats_player_reg_2025.csv,2026-09-28
00-0037475,Stone Smartt,2025,NYJ,TE,6,1350000,False,SFA,Veteran deal,2025,0,0,0,0,0,7,52,0,,,,2.38765157287708,0,0,9,0,0,0,0,0,472,1350000,1350000,https://overthecap.com/player/stone-smartt/10559/,https://github.com/nflverse/nflverse-data/releases/download/stats_player/stats_player_reg_2025.csv,2026-09-28
00-0035229,T.J. Hockenson,2025,MIN,TE,15,16500000,False,Extension,Veteran deal,2023,0,0,0,0,0,51,438,3,,,-1.10678490594728,14.0954654578706,0,0,66,1,0,0,0,0,468,16796176,11441176,https://overthecap.com/player/t-j-hockenson/7799/,https://github.com/nflverse/nflverse-data/releases/download/stats_player/stats_player_reg_2025.csv,2026-09-28
00-0034613,Tanner Hudson,2025,CIN,TE,10,1255000,False,UFA,Veteran deal,2025,0,0,0,0,0,19,168,2,,,,0.566147700697513,0,0,24,0,0,0,0,0,608,1030000,1255000,https://overthecap.com/player/tanner-hudson/7519/,https://github.com/nflverse/nflverse-data/releases/download/stats_player/stats_player_reg_2025.csv,2026-09-28
00-0033357,Taysom Hill,2025,NO,TE,13,10000000,False,Extension,Veteran deal,2021,57,1,0,114,1,11,91,0,-0.999598630666013,-26.2347096204758,-14.218752735961,-0.416505563419592,6,0,16,52,2,1,0,0,565,14236500,10250000,https://overthecap.com/player/taysom-hill/6047/,https://github.com/nflverse/nflverse-data/releases/download/stats_player/stats_player_reg_2025.csv,2026-09-28
00-0037277,Teagan Quitoriano,2025,ATL,TE,2,1100000,False,SFA,Veteran deal,2025,0,0,0,0,0,0,0,0,,,,,0,0,0,0,0,0,0,0,519,1100000,1100000,https://overthecap.com/player/teagan-quitoriano/10215/,https://github.com/nflverse/nflverse-data/releases/download/stats_player/stats_player_reg_2025.csv,2026-09-28
00-0040737,Terrance Ferguson,2025,LA,TE,11,2428367,False,Drafted,Rookie deal,2025,0,0,0,0,0,11,231,3,,,-1.54939064750215,7.38681270902983,0,0,25,1,0,0,0,0,581,1766085,4544340,https://overthecap.com/player/terrance-ferguson/12406/,https://github.com/nflverse/nflverse-data/releases/download/stats_player/stats_player_reg_2025.csv,2026-09-28
00-0039847,Theo Johnson,2025,NYG,TE,15,1212859,False,Drafted,Rookie deal,2024,0,0,0,0,0,45,528,5,,,,8.83237116280326,0,0,74,0,0,0,0,0,503,1167859,960000,https://overthecap.com/player/theo-johnson/11715/,https://github.com/nflverse/nflverse-data/releases/download/stats_player/stats_player_reg_2025.csv,2026-09-28
00-0040225,Thomas Fidone II,2025,NYG,TE,1,1087379,False,Drafted,Rookie deal,2025,0,0,0,0,0,0,0,0,,,,,0,0,0,0,0,0,0,0,503,741268,853405,https://overthecap.com/player/thomas-fidone-ii/12579/,https://github.com/nflverse/nflverse-data/releases/download/stats_player/stats_player_reg_2025.csv,2026-09-28
00-0039737,Tip Reiman,2025,ARI,TE,3,1447478,False,Drafted,Rookie deal,2024,0,0,0,0,0,3,18,0,,,,0.0066766485688276,0,0,5,0,0,0,0,0,617,1315889,1058178,https://overthecap.com/player/tip-reiman/11690/,https://github.com/nflverse/nflverse-data/releases/download/stats_player/stats_player_reg_2025.csv,2026-09-28
00-0037005,Tommy Tremble,2025,CAR,TE,15,5250000,False,UFA,Veteran deal,2025,0,0,0,0,0,27,249,2,,,,8.24909595630369,0,0,37,0,0,0,0,0,480,4000000,7500000,https://overthecap.com/player/tommy-tremble/9547/,https://github.com/nflverse/nflverse-data/releases/download/stats_player/stats_player_reg_2025.csv,2026-09-28
00-0030506,Travis Kelce,2025,KC,TE,17,17125000,False,Other,Unknown,2024,0,0,0,1,0,76,851,5,,,-1.87519072403666,40.4127537694483,0,0,108,1,0,0,0,0,549,19801946,17250000,https://overthecap.com/player/travis-kelce/2216/,https://github.com/nflverse/nflverse-data/releases/download/stats_player/stats_player_reg_2025.csv,2026-09-28
00-0038456,Travis Vokolek,2025,ARI,TE,1,1030000,False,ERFA,Veteran deal,2025,0,0,0,0,0,0,0,0,,,,,0,0,0,0,0,0,0,0,617,1030000,1030000,https://overthecap.com/player/travis-vokolek/11268/,https://github.com/nflverse/nflverse-data/releases/download/stats_player/stats_player_reg_2025.csv,2026-09-28
00-0037744,Trey McBride,2025,ARI,TE,17,19000000,False,Extension,Veteran deal,2025,0,0,0,0,0,126,1239,11,,,,72.7163668902731,0,0,169,0,0,0,0,0,617,9594393,22354000,https://overthecap.com/player/trey-mcbride/10100/,https://github.com/nflverse/nflverse-data/releases/download/stats_player/stats_player_reg_2025.csv,2026-09-28
00-0037654,Tucker Fisk,2025,LAC,TE,4,1030000,False,ERFA,Veteran deal,2025,0,0,0,0,0,2,19,0,,,,-0.889272824453656,0,0,4,0,0,0,0,0,544,1030000,1030000,https://overthecap.com/player/tucker-fisk/10763/,https://github.com/nflverse/nflverse-data/releases/download/stats_player/stats_player_reg_2025.csv,2026-09-28
00-0038996,Tucker Kraft,2025,GB,TE,8,1384483,False,Drafted,Rookie deal,2023,0,0,0,3,0,32,489,6,,,-0.6811154326424,39.1238768305339,0,0,44,1,0,0,0,0,460,1510345,1253448,https://overthecap.com/player/tucker-kraft/10902/,https://github.com/nflverse/nflverse-data/releases/download/stats_player/stats_player_reg_2025.csv,2026-09-28
00-0034270,Tyler Conklin,2025,LAC,TE,6,3000000,False,UFA,Veteran deal,2025,0,0,0,2,0,7,101,0,,,0.539093475381378,-3.67963386870474,0,0,10,1,0,0,0,0,544,3190000,2970000,https://overthecap.com/player/tyler-conklin/7042/,https://github.com/nflverse/nflverse-data/releases/download/stats_player/stats_player_reg_2025.csv,2026-09-28
00-0033110,Tyler Higbee,2025,LA,TE,10,8500000,False,Extension,Veteran deal,2023,0,0,0,0,0,25,281,3,,,,9.38524499129964,0,0,36,0,0,0,0,0,581,9189521,7088235,https://overthecap.com/player/tyler-higbee/4823/,https://github.com/nflverse/nflverse-data/releases/download/stats_player/stats_player_reg_2025.csv,2026-09-28
00-0040128,Tyler Warren,2025,IND,TE,17,5240163,False,Drafted,Rookie deal,2025,0,0,0,8,1,76,817,4,-0.465327389014419,,-4.33735474609421,15.7703691964545,1,0,112,6,0,0,0,0,530,3811027,12724108,https://overthecap.com/player/tyler-warren/12374/,https://github.com/nflverse/nflverse-data/releases/download/stats_player/stats_player_reg_2025.csv,2026-09-28
00-0034159,Will Dissly,2025,LAC,TE,8,4666666,False,SFA,Veteran deal,2024,0,0,0,0,0,11,97,0,,,,2.80032492040922,0,0,16,0,0,0,0,0,544,5875000,4375000,https://overthecap.com/player/will-dissly/7005/,https://github.com/nflverse/nflverse-data/releases/download/stats_player/stats_player_reg_2025.csv,2026-09-28
00-0038394,Will Mallory,2025,IND,TE,1,1032648,False,Drafted,Rookie deal,2023,0,0,0,0,0,1,16,0,,,,1.51765771117061,0,0,1,0,0,0,0,0,530,1102648,1030000,https://overthecap.com/player/will-mallory/10986/,https://github.com/nflverse/nflverse-data/releases/download/stats_player/stats_player_reg_2025.csv,2026-09-28
00-0030061,Zach Ertz,2025,WAS,TE,13,6250000,False,UFA,Veteran deal,2025,0,0,0,0,0,50,504,4,,,,11.7102959396067,0,0,72,0,0,0,0,0,432,6250000,6130000,https://overthecap.com/player/zach-ertz/112/,https://github.com/nflverse/nflverse-data/releases/download/stats_player/stats_player_reg_2025.csv,2026-09-28
00-0035676,A.J. Brown,2025,PHI,WR,15,32000000,False,Extension,Veteran deal,2024,0,0,0,0,0,78,1003,7,,,,33.6834727837697,0,0,121,0,0,0,0,0,464,17523497,30000000,https://overthecap.com/player/a-j-brown/7842/,https://github.com/nflverse/nflverse-data/releases/download/stats_player/stats_player_reg_2025.csv,2026-09-28
00-0037664,Alec Pierce,2025,IND,WR,15,1650336,False,Drafted,Rookie deal,2022,0,0,0,0,0,47,1003,6,,,,55.7791130584358,0,0,84,0,0,0,0,0,530,4151244,3656000,https://overthecap.com/player/alec-pierce/10098/,https://github.com/nflverse/nflverse-data/releases/download/stats_player/stats_player_reg_2025.csv,2026-09-28
00-0035602,Alex Bachman,2025,LV,WR,11,1030000,False,SFA,Veteran deal,2025,0,0,0,0,0,2,12,0,,,,1.06502898357576,0,0,3,0,0,0,0,0,494,801111,801111,https://overthecap.com/player/alex-bachman/8471/,https://github.com/nflverse/nflverse-data/releases/download/stats_player/stats_player_reg_2025.csv,2026-09-28
00-0036963,Amon-Ra St. Brown,2025,DET,WR,17,30002500,False,Extension,Veteran deal,2024,0,0,0,9,0,117,1401,11,,,0.556990244775079,55.6147162411548,0,0,172,3,0,0,0,0,550,13910000,17410000,https://overthecap.com/player/amon-ra-st-brown/9576/,https://github.com/nflverse/nflverse-data/releases/download/stats_player/stats_player_reg_2025.csv,2026-09-28
00-0035876,Andre Baccellia,2025,ARI,WR,4,1087500,False,SFA,Veteran deal,2025,0,0,0,0,0,2,8,0,,,,-1.80982466624118,0,0,4,0,0,0,0,0,617,376111,376111,https://overthecap.com/player/andre-baccellia/9056/,https://github.com/nflverse/nflverse-data/releases/download/stats_player/stats_player_reg_2025.csv,2026-09-28
00-0038619,Andrei Iosivas,2025,CIN,WR,15,999848,False,Drafted,Rookie deal,2023,0,0,0,14,0,33,435,2,,,-0.148516630753875,11.6767575653411,0,0,58,3,0,0,0,0,608,1069848,1030000,https://overthecap.com/player/andrei-iosivas/11030/,https://github.com/nflverse/nflverse-data/releases/download/stats_player/stats_player_reg_2025.csv,2026-09-28
00-0039816,Anthony Gould,2025,IND,WR,11,1093166,False,Drafted,Rookie deal,2024,0,0,0,0,0,2,6,0,,,,-0.989829525526147,0,0,2,0,0,0,0,0,530,998722,910556,https://overthecap.com/player/anthony-gould/11750/,https://github.com/nflverse/nflverse-data/releases/download/stats_player/stats_player_reg_2025.csv,2026-09-28
00-0040582,Arian Smith,2025,NYJ,WR,13,1310413,False,Drafted,Rookie deal,2025,0,0,0,13,0,7,52,0,,,0.0988803035579622,-6.32942067383556,0,0,16,4,0,0,0,0,472,1100413,1881652,https://overthecap.com/player/arian-smith/12470/,https://github.com/nflverse/nflverse-data/releases/download/stats_player/stats_player_reg_2025.csv,2026-09-28
00-0035021,Ashton Dulin,2025,IND,WR,12,3250000,False,UFA,Veteran deal,2025,0,0,0,44,0,5,106,0,,,3.91056751448195,5.75945951923495,0,0,10,3,0,0,0,0,530,2720000,3360000,https://overthecap.com/player/ashton-dulin/8178/,https://github.com/nflverse/nflverse-data/releases/download/stats_player/stats_player_reg_2025.csv,2026-09-28
00-0036841,Austin Trammell,2025,JAX,WR,6,1030000,False,SFA,Veteran deal,2025,0,0,0,0,0,3,46,0,,,,-4.97084058558713,0,0,10,0,0,0,0,0,547,109222,109222,https://overthecap.com/player/austin-trammell/9908/,https://github.com/nflverse/nflverse-data/releases/download/stats_player/stats_player_reg_2025.csv,2026-09-28
00-0040432,Beaux Collins,2025,NYG,WR,4,1000333,False,UDFA,Rookie deal,2025,0,0,0,0,0,2,25,0,,,,-5.74455542647047,0,0,6,0,0,0,0,0,503,677000,701000,https://overthecap.com/player/beaux-collins/12666/,https://github.com/nflverse/nflverse-data/releases/download/stats_player/stats_player_reg_2025.csv,2026-09-28
00-0036862,Ben Skowronek,2025,PIT,WR,16,2250000,False,UFA,Veteran deal,2025,0,0,0,0,0,4,69,1,,,,5.40894610073883,0,0,6,0,0,0,0,0,522,1710000,2250000,https://overthecap.com/player/bennett-skowronek/9713/,https://github.com/nflverse/nflverse-data/releases/download/stats_player/stats_player_reg_2025.csv,2026-09-28
00-0037091,Bo Melton,2025,GB,WR,13,1030000,False,ERFA,Veteran deal,2025,0,0,0,35,0,4,107,1,,,0.847675334080122,-2.57822561985813,0,0,13,5,0,0,0,0,460,1030000,1030000,https://overthecap.com/player/bo-melton/10274/,https://github.com/nflverse/nflverse-data/releases/download/stats_player/stats_player_reg_2025.csv,2026-09-28
00-0034419,Braxton Berrios,2025,HOU,WR,4,1800000,False,UFA,Veteran deal,2025,0,0,0,0,0,6,37,0,,,,2.35964007501025,0,0,8,0,0,0,0,0,553,1670588,1647059,https://overthecap.com/player/braxton-berrios/7095/,https://github.com/nflverse/nflverse-data/releases/download/stats_player/stats_player_reg_2025.csv,2026-09-28
00-0039893,Brian Thomas Jr.,2025,JAX,WR,14,3664995,False,Drafted,Rookie deal,2024,0,0,0,21,1,48,707,2,,,2.86268166603986,17.2010317820878,0,0,91,3,0,0,0,0,547,3331813,1461363,https://overthecap.com/player/brian-thomas-jr/11631/,https://github.com/nflverse/nflverse-data/releases/download/stats_player/stats_player_reg_2025.csv,2026-09-28
00-0037132,Britain Covey,2025,PHI,WR,6,1157500,False,SFA,Veteran deal,2025,0,0,0,0,0,2,20,0,,,,0.596368302264206,0,0,4,0,0,0,0,0,464,366667,366667,https://overthecap.com/player/britain-covey/10651/,https://github.com/nflverse/nflverse-data/releases/download/stats_player/stats_player_reg_2025.csv,2026-09-28
00-0039650,Bryce Oliver,2025,TEN,WR,2,877500,False,SFA,Veteran deal,2024,0,0,0,0,0,1,8,0,,,,0.517880074912682,0,0,1,0,0,0,0,0,530,786944,786944,https://overthecap.com/player/bryce-oliver/11910/,https://github.com/nflverse/nflverse-data/releases/download/stats_player/stats_player_reg_2025.csv,2026-09-28
00-0038840,Brycen Tremayne,2025,CAR,WR,15,840000,False,SFA,Veteran deal,2025,0,0,0,0,0,14,160,0,,,,7.11831432832942,0,0,18,0,0,0,0,0,480,840000,840000,https://overthecap.com/player/brycen-tremayne/11514/,https://github.com/nflverse/nflverse-data/releases/download/stats_player/stats_player_reg_2025.csv,2026-09-28
00-0037837,Calvin Austin III,2025,PIT,WR,14,1041084,False,Drafted,Rookie deal,2022,0,0,0,0,0,31,372,3,,,,-4.1407796758778,0,0,55,0,0,0,0,0,522,1226084,1100000,https://overthecap.com/player/calvin-austin-iii/10183/,https://github.com/nflverse/nflverse-data/releases/download/stats_player/stats_player_reg_2025.csv,2026-09-28
00-0034837,Calvin Ridley,2025,TEN,WR,7,23000000,False,UFA,Veteran deal,2024,0,0,0,0,0,17,303,0,,,,12.2212250318653,0,0,36,0,0,0,0,0,530,28000000,22700000,https://overthecap.com/player/calvin-ridley/6911/,https://github.com/nflverse/nflverse-data/releases/download/stats_player/stats_player_reg_2025.csv,2026-09-28
00-0039394,Casey Washington,2025,ATL,WR,5,1053399,False,Drafted,Rookie deal,2024,0,0,0,0,0,6,94,0,,,,3.72887849825202,0,0,14,0,0,0,0,0,519,1008399,960000,https://overthecap.com/player/casey-washington/11795/,https://github.com/nflverse/nflverse-data/releases/download/stats_player/stats_player_reg_2025.csv,2026-09-28
00-0038979,Cedric Tillman,2025,CLE,WR,12,1402616,False,Drafted,Rookie deal,2023,0,0,0,0,0,21,270,2,,,,6.52734708154964,0,0,39,0,0,0,0,0,522,1530126,1260042,https://overthecap.com/player/cedric-tillman/10898/,https://github.com/nflverse/nflverse-data/releases/download/stats_player/stats_player_reg_2025.csv,2026-09-28
00-0036358,CeeDee Lamb,2025,DAL,WR,13,34000000,False,Extension,Veteran deal,2024,0,0,0,2,0,75,1077,3,,,-0.247850599349476,28.9908193846128,0,0,117,1,0,0,0,0,607,15332353,27673529,https://overthecap.com/player/ceedee-lamb/8757/,https://github.com/nflverse/nflverse-data/releases/download/stats_player/stats_player_reg_2025.csv,2026-09-28
00-0038576,Charlie Jones,2025,CIN,WR,14,1129694,False,Drafted,Rookie deal,2023,0,0,0,0,0,0,0,0,,,,-0.533708999399096,0,0,1,0,0,0,0,0,608,1199694,1030000,https://overthecap.com/player/charlie-jones/10955/,https://github.com/nflverse/nflverse-data/releases/download/stats_player/stats_player_reg_2025.csv,2026-09-28
00-0040705,Chimere Dike,2025,TEN,WR,17,1350238,False,Drafted,Rookie deal,2025,0,0,0,18,0,48,423,4,,,-4.23465750849573,1.56623321907596,0,0,74,11,0,0,0,0,530,1115238,1940952,https://overthecap.com/player/chimere-dike/12463/,https://github.com/nflverse/nflverse-data/releases/download/stats_player/stats_player_reg_2025.csv,2026-09-28
00-0036463,Chris Blair,2025,ATL,WR,1,877500,False,SFA,Veteran deal,2024,0,0,0,0,0,0,0,0,,,,,0,0,0,0,0,0,0,0,519,354999,354999,https://overthecap.com/player/chris-blair/9449/,https://github.com/nflverse/nflverse-data/releases/download/stats_player/stats_player_reg_2025.csv,2026-09-28
00-0033921,Chris Godwin Jr.,2025,TB,WR,9,22000000,False,UFA,Veteran deal,2025,0,0,0,0,0,33,360,2,,,,14.7000971803238,0,0,51,0,0,0,0,0,541,12938000,22000000,https://overthecap.com/player/chris-godwin/5670/,https://github.com/nflverse/nflverse-data/releases/download/stats_player/stats_player_reg_2025.csv,2026-09-28
00-0032398,Chris Moore,2025,WAS,WR,10,1255000,False,SFA,Veteran deal,2025,0,0,0,9,0,11,207,1,,,0.725056131137535,12.2828299902677,0,0,23,1,0,0,0,0,432,171667,209167,https://overthecap.com/player/chris-moore/4820/,https://github.com/nflverse/nflverse-data/releases/download/stats_player/stats_player_reg_2025.csv,2026-09-28
00-0037239,Chris Olave,2025,NO,WR,16,4817968,False,Drafted,Rookie deal,2022,0,0,1,-3,0,100,1163,9,-3.5951321736211,-55.0889909267426,-1.25310192722827,35.6293622627058,1,0,156,1,0,0,0,0,565,6131959,3332982,https://overthecap.com/player/chris-olave/10056/,https://github.com/nflverse/nflverse-data/releases/download/stats_player/stats_player_reg_2025.csv,2026-09-28
00-0034775,Christian Kirk,2025,HOU,WR,11,18000000,False,UFA,Veteran deal,2022,0,0,0,0,0,28,239,1,,,,-21.1679273483629,0,0,52,0,0,0,0,0,553,4986353,16382353,https://overthecap.com/player/christian-kirk/6932/,https://github.com/nflverse/nflverse-data/releases/download/stats_player/stats_player_reg_2025.csv,2026-09-28
00-0038124,Christian Watson,2025,GB,WR,10,11000000,False,Extension,Veteran deal,2025,0,0,0,3,0,35,611,6,,,-0.185090861283243,32.2728339785638,0,0,55,1,0,0,0,0,460,3336665,7215141,https://overthecap.com/player/christian-watson/10079/,https://github.com/nflverse/nflverse-data/releases/download/stats_player/stats_player_reg_2025.csv,2026-09-28
00-0035891,Cody White,2025,SEA,WR,8,1030000,False,SFA,Veteran deal,2025,0,0,0,0,0,3,90,1,,,,4.84231995837763,0,0,4,0,0,0,0,0,455,487778,487778,https://overthecap.com/player/cody-white/9071/,https://github.com/nflverse/nflverse-data/releases/download/stats_player/stats_player_reg_2025.csv,2026-09-28
00-0040352,Coleman Owen,2025,IND,WR,2,991000,False,UDFA,Rookie deal,2025,0,0,0,0,0,0,0,0,,,,-3.25976615422405,0,0,1,0,0,0,0,0,530,301333,301333,https://overthecap.com/player/coleman-owen/13015/,https://github.com/nflverse/nflverse-data/releases/download/stats_player/stats_player_reg_2025.csv,2026-09-28
00-0033908,Cooper Kupp,2025,SEA,WR,16,15000000,False,SFA,Veteran deal,2025,0,0,1,0,0,47,593,2,-5.37016646715347,-65.1181578636169,,7.63854969291928,1,0,70,0,0,0,0,1,455,9470000,17470000,https://overthecap.com/player/cooper-kupp/5655/,https://github.com/nflverse/nflverse-data/releases/download/stats_player/stats_player_reg_2025.csv,2026-09-28
00-0034348,Courtland Sutton,2025,DEN,WR,17,23000000,False,Extension,Veteran deal,2025,0,0,0,0,0,74,1017,7,-4.03171936139203,,,45.5939169711768,0,1,124,0,0,0,0,0,584,13900000,22500000,https://overthecap.com/player/courtland-sutton/6925/,https://github.com/nflverse/nflverse-data/releases/download/stats_player/stats_player_reg_2025.csv,2026-09-28
00-0033282,Curtis Samuel,2025,BUF,WR,6,8000000,False,UFA,Veteran deal,2024,0,0,0,0,0,7,81,1,,,,8.80598493851721,0,0,9,0,0,0,0,0,479,9065000,7180000,https://overthecap.com/player/curtis-samuel/5626/,https://github.com/nflverse/nflverse-data/releases/download/stats_player/stats_player_reg_2025.csv,2026-09-28
00-0034827,DJ Moore,2025,CHI,WR,17,27500000,False,Extension,Veteran deal,2024,2,1,0,79,1,50,682,6,3.86819368979195,46.2141990661621,4.17283228132874,13.6231974924865,1,0,85,15,1,0,0,0,532,24900000,20900000,https://overthecap.com/player/d-j-moore/6909/,https://github.com/nflverse/nflverse-data/releases/download/stats_player/stats_player_reg_2025.csv,2026-09-28
00-0036527,DJ Turner,2025,LV,WR,1,927500,False,SFA,Veteran deal,2023,0,0,0,0,0,0,0,0,,,,,0,0,0,0,0,0,0,0,494,281111,281111,https://overthecap.com/player/d-j-turner/9839/,https://github.com/nflverse/nflverse-data/releases/download/stats_player/stats_player_reg_2025.csv,2026-09-28
00-0035640,DK Metcalf,2025,PIT,WR,15,32999882,False,Extension,Veteran deal,2025,0,0,0,12,1,59,850,6,,,1.6868094765814,32.9258393135282,0,0,99,2,0,0,0,0,522,10444444,34444444,https://overthecap.com/player/d-k-metcalf/7855/,https://github.com/nflverse/nflverse-data/releases/download/stats_player/stats_player_reg_2025.csv,2026-09-28
00-0040431,Dalen Cambre,2025,NYG,WR,3,922500,False,SFA,Veteran deal,2025,0,0,0,0,0,0,0,0,,,,,0,0,0,0,0,0,0,0,503,186667,186667,https://overthecap.com/player/dalen-cambre/13061/,https://github.com/nflverse/nflverse-data/releases/download/stats_player/stats_player_reg_2025.csv,2026-09-28
00-0034860,Dante Pettis,2025,NO,WR,8,1170000,False,SFA,Veteran deal,2025,0,0,0,0,0,9,127,0,,,,-4.03264835797008,0,0,11,0,0,0,0,1,565,286111,325000,https://overthecap.com/player/dante-pettis/6929/,https://github.com/nflverse/nflverse-data/releases/download/stats_player/stats_player_reg_2025.csv,2026-09-28
00-0037093,Dareke Young,2025,SEA,WR,8,940275,False,Drafted,Rookie deal,2022,0,0,0,0,0,2,48,0,,,,1.97011045448016,0,0,3,0,0,0,0,0,455,1125275,1100000,https://overthecap.com/player/dareke-young/10278/,https://github.com/nflverse/nflverse-data/releases/download/stats_player/stats_player_reg_2025.csv,2026-09-28
00-0040024,Darius Cooper,2025,PHI,WR,6,993333,False,UDFA,Rookie deal,2025,0,0,0,0,0,9,92,0,,,,3.88710941755562,0,0,11,0,0,0,0,0,464,767222,777222,https://overthecap.com/player/darius-cooper/12984/,https://github.com/nflverse/nflverse-data/releases/download/stats_player/stats_player_reg_2025.csv,2026-09-28
00-0035535,Darius Slayton,2025,NYG,WR,14,12000000,False,UFA,Veteran deal,2025,0,0,0,0,0,37,538,1,,,,18.0014051749713,0,0,63,0,0,0,0,1,503,6970593,12911770,https://overthecap.com/player/darius-slayton/7962/,https://github.com/nflverse/nflverse-data/releases/download/stats_player/stats_player_reg_2025.csv,2026-09-28
00-0036309,Darnell Mooney,2025,ATL,WR,15,13000000,False,UFA,Veteran deal,2024,0,0,0,0,0,32,443,1,,,,3.6679175114696,0,0,72,0,0,0,0,0,519,8480000,9450000,https://overthecap.com/player/darnell-mooney/8913/,https://github.com/nflverse/nflverse-data/releases/download/stats_player/stats_player_reg_2025.csv,2026-09-28
00-0031381,Davante Adams,2025,LA,WR,14,22000000,False,SFA,Veteran deal,2025,0,0,0,0,0,60,789,14,,,,27.0334416795942,0,0,114,0,0,0,0,0,581,12000000,20000000,https://overthecap.com/player/davante-adams/2992/,https://github.com/nflverse/nflverse-data/releases/download/stats_player/stats_player_reg_2025.csv,2026-09-28
00-0033589,David Moore,2025,CAR,WR,3,1422500,False,UFA,Veteran deal,2025,0,0,0,12,0,1,5,0,,,1.035383395385,-0.3032329112757,0,0,1,1,0,0,0,0,480,1197500,1422500,https://overthecap.com/player/david-moore/5812/,https://github.com/nflverse/nflverse-data/releases/download/stats_player/stats_player_reg_2025.csv,2026-09-28
00-0035359,David Sills,2025,ATL,WR,12,1100000,False,SFA,Veteran deal,2025,0,0,0,0,0,18,191,2,,,,-1.78003130015708,0,0,36,0,0,0,0,0,519,1038889,1038889,https://overthecap.com/player/david-sills/8401/,https://github.com/nflverse/nflverse-data/releases/download/stats_player/stats_player_reg_2025.csv,2026-09-28
00-0031763,DeAndre Carter,2025,CLE,WR,4,1422500,False,UFA,Veteran deal,2025,0,0,0,0,0,0,0,0,,,,,0,0,0,0,0,0,0,0,522,1197500,1422500,https://overthecap.com/player/deandre-carter/4390/,https://github.com/nflverse/nflverse-data/releases/download/stats_player/stats_player_reg_2025.csv,2026-09-28
00-0030564,DeAndre Hopkins,2025,BAL,WR,17,5000000,False,UFA,Veteran deal,2025,0,0,0,0,0,22,330,2,,,,9.4472290776597,0,0,39,0,0,0,0,0,407,2004000,5000000,https://overthecap.com/player/deandre-hopkins/2208/,https://github.com/nflverse/nflverse-data/releases/download/stats_player/stats_player_reg_2025.csv,2026-09-28
00-0038621,DeMario Douglas,2025,NE,WR,16,993333,False,Drafted,Rookie deal,2023,0,0,0,21,0,31,447,3,,,-0.967242988874204,28.1422523459969,0,0,46,7,0,0,0,0,482,1063333,1030000,https://overthecap.com/player/demario-douglas/11034/,https://github.com/nflverse/nflverse-data/releases/download/stats_player/stats_player_reg_2025.csv,2026-09-28
00-0036912,DeVonta Smith,2025,PHI,WR,17,25000000,False,Extension,Veteran deal,2024,0,0,0,0,0,77,1008,4,,,,54.3695421216312,0,0,113,0,0,0,0,0,464,7524510,12591000,https://overthecap.com/player/devonta-smith/9474/,https://github.com/nflverse/nflverse-data/releases/download/stats_player/stats_player_reg_2025.csv,2026-09-28
00-0036620,Dee Eskridge,2025,MIA,WR,11,1270000,False,UFA,Veteran deal,2025,0,0,0,0,0,4,62,0,,,,3.04586597078014,0,0,7,0,0,0,0,0,462,1042027,1182027,https://overthecap.com/player/dwayne-eskridge/9520/,https://github.com/nflverse/nflverse-data/releases/download/stats_player/stats_player_reg_2025.csv,2026-09-28
00-0035719,Deebo Samuel Sr.,2025,WAS,WR,16,23850000,False,Extension,Veteran deal,2022,0,0,0,75,1,72,727,5,,,0.142600561899599,17.6210900149823,0,0,99,17,0,0,0,0,432,5176105,18225529,https://overthecap.com/player/deebo-samuel/7827/,https://github.com/nflverse/nflverse-data/releases/download/stats_player/stats_player_reg_2025.csv,2026-09-28
00-0032775,Demarcus Robinson,2025,SF,WR,14,4000000,False,UFA,Veteran deal,2025,0,0,0,6,0,22,276,1,,,0.316402049735189,7.57153426303163,0,0,35,1,0,0,0,0,550,1934833,3715833,https://overthecap.com/player/demarcus-robinson/4839/,https://github.com/nflverse/nflverse-data/releases/download/stats_player/stats_player_reg_2025.csv,2026-09-28
00-0038573,Derius Davis,2025,LAC,WR,11,1137982,False,Drafted,Rookie deal,2023,0,0,0,5,0,2,10,0,,,-0.621488064702135,-1.02582044503652,0,0,3,2,0,0,0,0,544,1207982,1030000,https://overthecap.com/player/derius-davis/10949/,https://github.com/nflverse/nflverse-data/releases/download/stats_player/stats_player_reg_2025.csv,2026-09-28
00-0039424,Devaughn Vele,2025,NO,WR,9,1031120,False,Drafted,Rookie deal,2024,0,0,0,0,0,25,293,2,,,,16.8115452223138,0,0,39,0,0,0,0,0,565,885833,885833,https://overthecap.com/player/devaughn-vele/11843/,https://github.com/nflverse/nflverse-data/releases/download/stats_player/stats_player_reg_2025.csv,2026-09-28
00-0037487,Deven Thompkins,2025,ATL,WR,7,1157500,False,SFA,Veteran deal,2025,0,0,0,5,0,3,27,0,,,0.34703506808728,0.933553531416692,0,0,3,1,0,0,0,0,519,305556,305556,https://overthecap.com/player/deven-thompkins/10658/,https://github.com/nflverse/nflverse-data/releases/download/stats_player/stats_player_reg_2025.csv,2026-09-28
00-0036331,Devin Duvernay,2025,CHI,WR,17,1170000,False,SFA,Veteran deal,2025,0,0,0,0,0,2,26,0,,,,-0.308780201714761,0,0,5,0,0,0,0,0,532,1030000,1170000,https://overthecap.com/player/devin-duvernay/8832/,https://github.com/nflverse/nflverse-data/releases/download/stats_player/stats_player_reg_2025.csv,2026-09-28
00-0039792,Devontez Walker,2025,BAL,WR,8,1204463,False,Drafted,Rookie deal,2024,0,0,0,0,0,6,136,3,,,,17.9375753575587,0,0,8,0,0,0,0,0,407,1159463,960000,https://overthecap.com/player/devontez-walker/11721/,https://github.com/nflverse/nflverse-data/releases/download/stats_player/stats_player_reg_2025.csv,2026-09-28
00-0040241,Dominic Lovett,2025,DET,WR,2,1076693,False,Drafted,Rookie deal,2025,0,0,0,0,0,0,0,0,,,,,0,0,0,0,0,0,0,0,550,866693,946772,https://overthecap.com/player/dominic-lovett/12604/,https://github.com/nflverse/nflverse-data/releases/download/stats_player/stats_player_reg_2025.csv,2026-09-28
00-0040581,Dont'e Thornton Jr.,2025,LV,WR,11,1312725,False,Drafted,Rookie deal,2025,0,0,0,0,0,10,135,0,,,,-12.0383277141266,0,0,30,0,0,0,0,0,494,1102725,1890900,https://overthecap.com/player/donte-thornton-jr/12468/,https://github.com/nflverse/nflverse-data/releases/download/stats_player/stats_player_reg_2025.csv,2026-09-28
00-0038393,Dontayvion Wicks,2025,GB,WR,13,1035636,False,Drafted,Rookie deal,2023,0,0,0,6,0,30,332,2,,,0.494140584021807,14.1579833371288,0,0,46,1,0,0,0,0,460,1105636,1030000,https://overthecap.com/player/dontayvion-wicks/10983/,https://github.com/nflverse/nflverse-data/releases/download/stats_player/stats_player_reg_2025.csv,2026-09-28
00-0037238,Drake London,2025,ATL,WR,12,5383618,False,Drafted,Rookie deal,2022,0,0,0,0,0,68,919,7,,,,24.780595332661,0,0,112,0,0,0,0,1,519,6851878,3641520,https://overthecap.com/player/drake-london/10053/,https://github.com/nflverse/nflverse-data/releases/download/stats_player/stats_player_reg_2025.csv,2026-09-28
00-0036626,Dyami Brown,2025,JAX,WR,11,10000000,False,UFA,Veteran deal,2025,0,0,0,30,0,20,227,1,,,-0.666527263179887,-2.08392019058443,0,0,37,6,0,1,0,0,547,8061294,9955882,https://overthecap.com/player/dyami-brown/9546/,https://github.com/nflverse/nflverse-data/releases/download/stats_player/stats_player_reg_2025.csv,2026-09-28
00-0038953,Dylan Drummond,2025,ATL,WR,6,922500,False,SFA,Veteran deal,2025,0,0,0,0,0,7,42,0,,,,-7.06277801852514,0,0,11,0,0,0,0,0,519,280000,280000,https://overthecap.com/player/dylan-drummond/11535/,https://github.com/nflverse/nflverse-data/releases/download/stats_player/stats_player_reg_2025.csv,2026-09-28
00-0040563,Efton Chism III,2025,NE,WR,8,996667,False,UDFA,Rookie deal,2025,0,0,0,0,0,3,75,1,,,,6.78007010172587,0,0,3,0,0,0,0,0,482,848333,865000,https://overthecap.com/player/efton-chism-iii/12659/,https://github.com/nflverse/nflverse-data/releases/download/stats_player/stats_player_reg_2025.csv,2026-09-28
00-0040170,Elic Ayomanor,2025,TEN,WR,16,1216454,False,Drafted,Rookie deal,2025,0,0,0,0,0,41,515,4,,,,-9.59570349645603,0,0,89,0,0,0,0,0,530,1006454,1505816,https://overthecap.com/player/elic-ayomanor/12496/,https://github.com/nflverse/nflverse-data/releases/download/stats_player/stats_player_reg_2025.csv,2026-09-28
00-0040129,Emeka Egbuka,2025,TB,WR,17,4543183,False,Drafted,Rookie deal,2025,0,0,0,9,0,63,938,6,,,-1.6816435545478,7.14314297718989,0,0,127,2,0,0,0,0,541,3304133,10696532,https://overthecap.com/player/emeka-egbuka/12379/,https://github.com/nflverse/nflverse-data/releases/download/stats_player/stats_player_reg_2025.csv,2026-09-28
00-0036196,Gabe Davis,2025,BUF,WR,6,1170000,False,SFA,Veteran deal,2025,0,0,0,0,0,12,129,1,,,,10.331152991741,0,0,18,0,0,0,0,0,479,390000,390000,https://overthecap.com/player/gabriel-davis/8868/,https://github.com/nflverse/nflverse-data/releases/download/stats_player/stats_player_reg_2025.csv,2026-09-28
00-0040259,Gage Larvadain,2025,CLE,WR,13,922500,False,SFA,Veteran deal,2025,0,0,0,3,0,7,71,0,,,-0.811425938503817,-4.78151453715679,0,0,14,1,0,0,0,0,522,653333,653333,https://overthecap.com/player/gage-larvadain/12779/,https://github.com/nflverse/nflverse-data/releases/download/stats_player/stats_player_reg_2025.csv,2026-09-28
00-0037740,Garrett Wilson,2025,NYJ,WR,7,32500000,False,Extension,Veteran deal,2025,0,0,0,0,0,36,395,4,,,,-2.06512804815362,0,0,59,0,0,0,0,0,472,7032092,15000000,https://overthecap.com/player/garrett-wilson/10055/,https://github.com/nflverse/nflverse-data/releases/download/stats_player/stats_player_reg_2025.csv,2026-09-28
00-0037247,George Pickens,2025,DAL,WR,17,1688047,False,Drafted,Rookie deal,2022,0,0,0,0,0,93,1429,9,,,,88.7427112801041,0,0,137,0,0,0,0,0,607,3656000,3656000,https://overthecap.com/player/george-pickens/10097/,https://github.com/nflverse/nflverse-data/releases/download/stats_player/stats_player_reg_2025.csv,2026-09-28
00-0035500,Greg Dortch,2025,ARI,WR,12,3263000,False,RFA,Veteran deal,2025,0,0,0,15,1,29,206,3,,,-1.38891286411672,4.25108110963356,0,0,33,7,0,0,0,0,617,3263000,3263000,https://overthecap.com/player/greg-dortch/8297/,https://github.com/nflverse/nflverse-data/releases/download/stats_player/stats_player_reg_2025.csv,2026-09-28
00-0035645,Gunner Olszewski,2025,NYG,WR,16,1170000,False,SFA,Veteran deal,2025,33,1,0,0,0,10,145,1,2.42797924298793,-2.36002504825592,,10.6098904803121,2,0,13,0,1,0,0,0,503,1030000,1170000,https://overthecap.com/player/gunner-olszewski/8577/,https://github.com/nflverse/nflverse-data/releases/download/stats_player/stats_player_reg_2025.csv,2026-09-28
00-0034983,Hunter Renfrow,2025,CAR,WR,6,2000000,False,SFA,Veteran deal,2025,0,0,0,0,0,15,89,2,,,,-2.0028398223079,0,0,26,0,0,0,0,0,480,2000000,2000000,https://overthecap.com/player/hunter-renfrow/7940/,https://github.com/nflverse/nflverse-data/releases/download/stats_player/stats_player_reg_2025.csv,2026-09-28
00-0040669,Isaac TeSlaa,2025,DET,WR,14,1666113,False,Drafted,Rookie deal,2025,0,0,0,0,0,16,239,6,,,,17.8311329407702,0,0,27,0,0,0,0,0,550,1211718,2326872,https://overthecap.com/player/isaac-teslaa/12430/,https://github.com/nflverse/nflverse-data/releases/download/stats_player/stats_player_reg_2025.csv,2026-09-28
00-0040782,Isaiah Bond,2025,CLE,WR,15,1006000,False,UDFA,Rookie deal,2025,0,0,0,29,0,18,338,0,,,0.879171718261205,-0.804505541975063,0,0,44,5,0,0,0,0,522,857666,893000,https://overthecap.com/player/isaiah-bond/13128/,https://github.com/nflverse/nflverse-data/releases/download/stats_player/stats_player_reg_2025.csv,2026-09-28
00-0036165,Isaiah Hodgins,2025,NYG,WR,6,1100000,False,SFA,Veteran deal,2025,0,0,0,0,0,10,115,1,,,,5.51442927891165,0,0,19,0,0,0,0,0,503,488889,488889,https://overthecap.com/player/isaiah-hodgins/8947/,https://github.com/nflverse/nflverse-data/releases/download/stats_player/stats_player_reg_2025.csv,2026-09-28
00-0039451,Isaiah Williams,2025,NYJ,WR,15,1017500,False,SFA,Veteran deal,2025,0,0,0,34,0,26,193,0,-0.818771343037952,-61.947101354599,1.58422795531806,1.18127434640055,1,0,36,3,0,0,0,0,472,640000,640000,https://overthecap.com/player/isaiah-williams/12014/,https://github.com/nflverse/nflverse-data/releases/download/stats_player/stats_player_reg_2025.csv,2026-09-28
00-0036900,Ja'Marr Chase,2025,CIN,WR,16,40250000,False,Extension,Veteran deal,2025,0,0,0,14,0,125,1412,8,,,0.122863875236362,41.3794737437568,0,0,185,3,0,0,0,1,608,23121667,40662843,https://overthecap.com/player/jamarr-chase/9469/,https://github.com/nflverse/nflverse-data/releases/download/stats_player/stats_player_reg_2025.csv,2026-09-28
00-0040729,Jack Bech,2025,LV,WR,14,1889706,False,Drafted,Rookie deal,2025,0,0,0,0,0,20,224,0,,,,-2.03056111650892,0,0,29,0,0,0,0,0,494,1374331,2977324,https://overthecap.com/player/jack-bech/12418/,https://github.com/nflverse/nflverse-data/releases/download/stats_player/stats_player_reg_2025.csv,2026-09-28
00-0037741,Jahan Dotson,2025,PHI,WR,15,3762089,False,Drafted,Rookie deal,2022,0,0,0,0,0,18,262,1,,,,-15.0572671409488,0,0,36,0,0,0,0,0,464,1431409,2757048,https://overthecap.com/player/jahan-dotson/10061/,https://github.com/nflverse/nflverse-data/releases/download/stats_player/stats_player_reg_2025.csv,2026-09-28
00-0040277,Jahdae Walker,2025,CHI,WR,6,995000,False,UDFA,Rookie deal,2025,0,0,0,0,0,6,87,2,,,,6.85354032035684,0,0,10,0,0,0,0,0,532,846666,860000,https://overthecap.com/player/jahdae-walker/12882/,https://github.com/nflverse/nflverse-data/releases/download/stats_player/stats_player_reg_2025.csv,2026-09-28
00-0038752,Jake Bobo,2025,SEA,WR,5,901667,False,UDFA,Rookie deal,2023,0,0,0,0,0,2,20,0,,,,1.13526193040889,0,0,2,0,0,0,0,0,455,1033334,1030000,https://overthecap.com/player/jake-bobo/11395/,https://github.com/nflverse/nflverse-data/releases/download/stats_player/stats_player_reg_2025.csv,2026-09-28
00-0040388,Jakobie Keeney-James,2025,GB,WR,1,922500,False,SFA,Veteran deal,2025,0,0,0,0,0,2,15,0,,,,-0.0504541203845292,0,0,2,0,0,0,0,0,460,46667,46667,https://overthecap.com/player/jakobie-keeney-james/13021/,https://github.com/nflverse/nflverse-data/releases/download/stats_player/stats_player_reg_2025.csv,2026-09-28
00-0039491,Jalen Coker,2025,CAR,WR,11,877500,False,SFA,Veteran deal,2024,0,0,0,0,0,33,394,3,,,,21.8557562759381,0,0,43,0,0,0,0,1,480,811667,811667,https://overthecap.com/player/jalen-coker/12030/,https://github.com/nflverse/nflverse-data/releases/download/stats_player/stats_player_reg_2025.csv,2026-09-28
00-0039855,Jalen McMillan,2025,TB,WR,4,1415756,False,Drafted,Rookie deal,2024,0,0,0,1,0,12,178,0,,,-0.462281365238596,12.4897812766206,0,0,15,1,0,0,0,0,541,1287051,1052410,https://overthecap.com/player/jalen-mcmillan/11700/,https://github.com/nflverse/nflverse-data/releases/download/stats_player/stats_player_reg_2025.csv,2026-09-28
00-0037291,Jalen Nailor,2025,MIN,WR,17,960165,False,Drafted,Rookie deal,2022,0,0,0,13,0,29,444,4,,,-1.27200508932583,11.5625890953043,0,0,53,2,0,0,0,0,468,1145165,1100000,https://overthecap.com/player/jalen-nailor/10236/,https://github.com/nflverse/nflverse-data/releases/download/stats_player/stats_player_reg_2025.csv,2026-09-28
00-0040646,Jalen Royals,2025,KC,WR,2,1266800,False,Drafted,Rookie deal,2025,0,0,0,0,0,2,4,0,,,,-1.62522926169913,0,0,3,0,0,0,0,0,549,1056800,1707200,https://overthecap.com/player/jalen-royals/12493/,https://github.com/nflverse/nflverse-data/releases/download/stats_player/stats_player_reg_2025.csv,2026-09-28
00-0037666,Jalen Tolbert,2025,DAL,WR,12,1283930,False,Drafted,Rookie deal,2022,0,0,0,0,0,18,203,1,,,,4.91103192177426,0,0,34,0,0,0,0,0,607,3634767,3406000,https://overthecap.com/player/jalen-tolbert/10133/,https://github.com/nflverse/nflverse-data/releases/download/stats_player/stats_player_reg_2025.csv,2026-09-28
00-0038938,Jalin Hyatt,2025,NYG,WR,6,1406329,False,Drafted,Rookie deal,2023,0,0,0,0,0,5,35,0,,,,-9.08406589558581,0,0,14,0,0,0,0,0,503,1534177,1261392,https://overthecap.com/player/jalin-hyatt/10897/,https://github.com/nflverse/nflverse-data/releases/download/stats_player/stats_player_reg_2025.csv,2026-09-28
00-0039379,Jamari Thrash,2025,CLE,WR,8,960000,False,SFA,Veteran deal,2025,0,0,0,0,0,10,107,0,,,,2.35079916092218,0,0,15,0,0,0,0,0,522,160000,160000,https://overthecap.com/player/jamari-thrash/11764/,https://github.com/nflverse/nflverse-data/releases/download/stats_player/stats_player_reg_2025.csv,2026-09-28
00-0036133,James Proche,2025,TEN,WR,6,1170000,False,SFA / UFA,Veteran deal,2025,0,0,0,0,0,6,65,0,,,,1.67692035489017,0,0,12,0,0,0,0,0,530,400556,455000,https://overthecap.com/player/james-proche/8941/,https://github.com/nflverse/nflverse-data/releases/download/stats_player/stats_player_reg_2025.csv,2026-09-28
00-0037240,Jameson Williams,2025,DET,WR,17,26666667,False,Extension,Veteran deal,2025,0,0,0,12,0,65,1117,7,,,-1.42571196315112,56.1684345240439,0,0,102,6,0,0,0,0,550,7421810,17086154,https://overthecap.com/player/jameson-williams/10057/,https://github.com/nflverse/nflverse-data/releases/download/stats_player/stats_player_reg_2025.csv,2026-09-28
00-0038728,Jared Wayne,2025,HOU,WR,1,882500,False,SFA,Veteran deal,2024,0,0,0,0,0,2,20,0,,,,0.594522395520471,0,0,2,0,0,0,0,0,553,274333,274333,https://overthecap.com/player/jared-wayne/11354/,https://github.com/nflverse/nflverse-data/releases/download/stats_player/stats_player_reg_2025.csv,2026-09-28
00-0038492,Jason Brownlee,2025,KC,WR,3,960000,False,SFA,Veteran deal,2025,0,0,0,0,0,0,0,0,,,,-0.713425388044558,0,0,1,0,0,0,0,0,549,236666,236666,https://overthecap.com/player/jason-brownlee/11252/,https://github.com/nflverse/nflverse-data/releases/download/stats_player/stats_player_reg_2025.csv,2026-09-28
00-0036259,Jauan Jennings,2025,SF,WR,15,5945000,False,RFA,Veteran deal,2024,0,0,0,0,0,55,643,9,,,,-2.27119514576198,0,0,90,0,0,0,0,1,550,9113000,8026471,https://overthecap.com/player/jauan-jennings/8957/,https://github.com/nflverse/nflverse-data/releases/download/stats_player/stats_player_reg_2025.csv,2026-09-28
00-0038543,Jaxon Smith-Njigba,2025,SEA,WR,17,3604327,False,Drafted,Rookie deal,2023,0,0,0,36,0,119,1793,10,,,0.0466578644700348,90.6723460448338,0,0,163,7,0,0,0,1,455,3931993,2060664,https://overthecap.com/player/jaxon-smith-njigba/10844/,https://github.com/nflverse/nflverse-data/releases/download/stats_player/stats_player_reg_2025.csv,2026-09-28
00-0040130,Jayden Higgins,2025,HOU,WR,17,2925206,False,Drafted,Rookie deal,2025,0,0,0,0,0,41,525,6,,,,16.7576827847953,0,0,68,0,0,0,0,0,553,2127422,5989688,https://overthecap.com/player/jayden-higgins/12394/,https://github.com/nflverse/nflverse-data/releases/download/stats_player/stats_player_reg_2025.csv,2026-09-28
00-0039146,Jayden Reed,2025,GB,WR,5,1795195,False,Drafted,Rookie deal,2023,0,0,0,28,0,19,207,1,,,1.41139986272901,11.5495126296549,0,0,22,3,0,0,0,0,460,1958394,1402798,https://overthecap.com/player/jayden-reed/10874/,https://github.com/nflverse/nflverse-data/releases/download/stats_player/stats_player_reg_2025.csv,2026-09-28
00-0036613,Jaylen Waddle,2025,MIA,WR,16,28250000,False,Extension,Veteran deal,2024,8,0,0,28,0,64,910,6,-0.592364791144432,11.6132378578186,1.92951566330157,34.4516600557987,1,0,100,2,1,0,0,0,462,8020709,16050000,https://overthecap.com/player/jaylen-waddle/9470/,https://github.com/nflverse/nflverse-data/releases/download/stats_player/stats_player_reg_2025.csv,2026-09-28
00-0040164,Jaylin Lane,2025,WAS,WR,15,1278460,False,Drafted,Rookie deal,2025,0,0,0,7,0,16,225,0,,,0.261028992012143,-5.65168783566719,0,0,32,1,0,0,0,0,432,1029571,1714951,https://overthecap.com/player/jaylin-lane/12488/,https://github.com/nflverse/nflverse-data/releases/download/stats_player/stats_player_reg_2025.csv,2026-09-28
00-0040138,Jaylin Noel,2025,HOU,WR,17,1616714,False,Drafted,Rookie deal,2025,0,0,0,12,0,26,292,2,,,-3.05011341313366,14.1749713203277,0,0,35,6,0,0,0,0,553,1175792,2183168,https://overthecap.com/player/jaylin-noel/12439/,https://github.com/nflverse/nflverse-data/releases/download/stats_player/stats_player_reg_2025.csv,2026-09-28
00-0036407,Jerry Jeudy,2025,CLE,WR,17,17500000,False,Extension,Veteran deal,2024,0,0,0,5,0,50,602,2,,,2.73338731657714,-32.3054534980226,0,0,106,1,0,0,0,1,522,7975000,16000000,https://overthecap.com/player/jerry-jeudy/8755/,https://github.com/nflverse/nflverse-data/releases/download/stats_player/stats_player_reg_2025.csv,2026-09-28
00-0039710,Jeshaun Jones,2025,MIN,WR,1,840000,False,SFA,Veteran deal,2025,0,0,0,0,0,0,0,0,,,,,0,0,0,0,0,0,0,0,468,267667,267667,https://overthecap.com/player/jeshaun-jones/12056/,https://github.com/nflverse/nflverse-data/releases/download/stats_player/stats_player_reg_2025.csv,2026-09-28
00-0040218,Jimmy Horn Jr.,2025,CAR,WR,10,1098860,False,Drafted,Rookie deal,2025,0,0,0,69,0,11,108,0,,,4.34511308750371,3.45858969187349,0,0,15,8,0,0,0,0,480,888860,1035440,https://overthecap.com/player/jimmy-horn-jr/12568/,https://github.com/nflverse/nflverse-data/releases/download/stats_player/stats_player_reg_2025.csv,2026-09-28
00-0039062,Jonathan Mingo,2025,DAL,WR,5,2214152,False,Drafted,Rookie deal,2023,0,0,0,0,0,1,25,0,,,,-4.19607780099614,0,0,5,0,0,0,0,0,607,1555146,1555146,https://overthecap.com/player/jonathan-mingo/10863/,https://github.com/nflverse/nflverse-data/releases/download/stats_player/stats_player_reg_2025.csv,2026-09-28
00-0038994,Jordan Addison,2025,MIN,WR,14,3432934,False,Drafted,Rookie deal,2023,0,0,0,81,1,42,610,3,,,7.7909535416984,13.9893714809131,0,0,79,2,0,0,0,0,468,3478629,1731950,https://overthecap.com/player/jordan-addison/10847/,https://github.com/nflverse/nflverse-data/releases/download/stats_player/stats_player_reg_2025.csv,2026-09-28
00-0040172,Jordan Watkins,2025,SF,WR,2,1216454,False,Drafted,Rookie deal,2025,0,0,0,0,0,2,26,0,,,,0.992239713377785,0,0,3,0,0,0,0,0,550,1006454,1505816,https://overthecap.com/player/jordan-watkins/12498/,https://github.com/nflverse/nflverse-data/releases/download/stats_player/stats_player_reg_2025.csv,2026-09-28
00-0039751,Jordan Whittington,2025,LA,WR,15,1039597,False,Drafted,Rookie deal,2024,0,0,0,12,0,18,171,0,,,0.23601340665482,2.56362948475666,0,0,25,3,0,0,0,0,581,994597,960000,https://overthecap.com/player/jordan-whittington/11821/,https://github.com/nflverse/nflverse-data/releases/download/stats_player/stats_player_reg_2025.csv,2026-09-28
00-0038997,Josh Downs,2025,IND,WR,16,1380114,False,Drafted,Rookie deal,2023,0,0,0,-2,0,58,566,4,,,-1.52163009881042,8.65751017263293,0,0,88,2,0,0,0,0,530,1505577,1251858,https://overthecap.com/player/josh-downs/10903/,https://github.com/nflverse/nflverse-data/releases/download/stats_player/stats_player_reg_2025.csv,2026-09-28
00-0036988,Josh Palmer,2025,BUF,WR,12,10000000,False,UFA,Veteran deal,2025,0,0,0,0,0,22,303,0,,,,6.74361243948623,0,0,37,0,0,0,0,0,479,4310000,10650000,https://overthecap.com/player/josh-palmer/9541/,https://github.com/nflverse/nflverse-data/releases/download/stats_player/stats_player_reg_2025.csv,2026-09-28
00-0033943,Josh Reynolds,2025,NYJ,WR,5,2750000,False,SFA,Veteran deal,2025,0,0,0,0,0,11,101,0,,,,-2.42220817906479,0,0,21,0,0,0,0,0,472,2750000,2750000,https://overthecap.com/player/josh-reynolds/5703/,https://github.com/nflverse/nflverse-data/releases/download/stats_player/stats_player_reg_2025.csv,2026-09-28
00-0033857,JuJu Smith-Schuster,2025,KC,WR,17,1422500,False,UFA,Veteran deal,2025,0,0,0,0,0,33,345,1,,,,2.62107560196893,0,0,45,0,0,0,0,0,549,1197500,1422500,https://overthecap.com/player/juju-smith-schuster/5648/,https://github.com/nflverse/nflverse-data/releases/download/stats_player/stats_player_reg_2025.csv,2026-09-28
00-0036322,Justin Jefferson,2025,MIN,WR,17,35000000,False,Extension,Veteran deal,2024,0,0,0,7,0,84,1048,2,,,-0.0567193317692727,-13.8286822360037,0,0,141,2,0,0,0,0,468,15167600,31680000,https://overthecap.com/player/justin-jefferson/8762/,https://github.com/nflverse/nflverse-data/releases/download/stats_player/stats_player_reg_2025.csv,2026-09-28
00-0034386,Justin Watson,2025,HOU,WR,3,2500000,False,UFA,Veteran deal,2025,0,0,0,0,0,3,30,0,,,,1.35150229306779,0,0,4,0,0,0,0,0,553,2500000,2294118,https://overthecap.com/player/justin-watson/7029/,https://github.com/nflverse/nflverse-data/releases/download/stats_player/stats_player_reg_2025.csv,2026-09-28
00-0037801,KaVontae Turpin,2025,DAL,WR,15,4500000,False,RFA,Veteran deal,2025,0,0,0,89,0,26,396,2,,,-3.17448080639588,16.7210022878972,0,0,38,17,0,1,0,0,607,3100000,5441176,https://overthecap.com/player/kavontae-turpin/10803/,https://github.com/nflverse/nflverse-data/releases/download/stats_player/stats_player_reg_2025.csv,2026-09-28
00-0037380,Kaden Davis,2025,CLE,WR,1,840000,False,SFA,Veteran deal,2025,0,0,0,0,0,0,0,0,,,,,0,0,0,0,0,0,0,0,522,91000,91000,https://overthecap.com/player/kaden-davis/10724/,https://github.com/nflverse/nflverse-data/releases/download/stats_player/stats_player_reg_2025.csv,2026-09-28
00-0032464,Kalif Raymond,2025,DET,WR,15,4000000,False,Other,Unknown,2025,0,0,0,19,0,24,289,1,,,1.55514653946739,15.2050830178432,0,0,30,2,0,0,0,0,550,7040000,3940000,https://overthecap.com/player/kalif-raymond/5127/,https://github.com/nflverse/nflverse-data/releases/download/stats_player/stats_player_reg_2025.csv,2026-09-28
00-0039589,Kameron Johnson,2025,TB,WR,17,946667,False,UDFA,Rookie deal,2024,0,0,0,13,0,4,64,1,,,0.0600022809230723,0.521818701288465,0,0,7,2,0,0,0,0,541,963333,960000,https://overthecap.com/player/kameron-johnson/12082/,https://github.com/nflverse/nflverse-data/releases/download/stats_player/stats_player_reg_2025.csv,2026-09-28
00-0038608,Kayshon Boutte,2025,NE,WR,14,1006816,False,Drafted,Rookie deal,2023,0,0,0,0,0,33,551,6,,,,36.8603411761869,0,0,46,0,0,0,0,0,482,1076816,1030000,https://overthecap.com/player/kayshon-boutte/11011/,https://github.com/nflverse/nflverse-data/releases/download/stats_player/stats_player_reg_2025.csv,2026-09-28
00-0040184,KeAndre Lambert-Smith,2025,LAC,WR,10,1152001,False,Drafted,Rookie deal,2025,0,0,0,0,0,5,51,1,,,,-4.91588680870729,0,0,12,0,0,0,0,0,544,942001,1248004,https://overthecap.com/player/keandre-lambert-smith/12518/,https://github.com/nflverse/nflverse-data/releases/download/stats_player/stats_player_reg_2025.csv,2026-09-28
00-0030279,Keenan Allen,2025,LAC,WR,17,3020000,False,SFA,Veteran deal,2025,0,0,0,0,0,81,777,4,,,,34.9205234385767,0,0,122,0,0,0,0,0,544,5270000,6270000,https://overthecap.com/player/keenan-allen/2227/,https://github.com/nflverse/nflverse-data/releases/download/stats_player/stats_player_reg_2025.csv,2026-09-28
00-0033307,Kendrick Bourne,2025,SF,WR,14,1765000,False,SFA,Veteran deal,2025,0,0,0,0,0,37,551,0,,,,20.5468753896609,0,0,53,0,0,0,0,0,550,1765000,2500000,https://overthecap.com/player/kendrick-bourne/5995/,https://github.com/nflverse/nflverse-data/releases/download/stats_player/stats_player_reg_2025.csv,2026-09-28
00-0039901,Keon Coleman,2025,BUF,WR,12,2518565,False,Drafted,Rookie deal,2024,0,0,0,0,0,38,404,4,,,,12.3911374161693,0,0,59,0,0,0,0,1,479,2289604,1252921,https://overthecap.com/player/keon-coleman/11641/,https://github.com/nflverse/nflverse-data/releases/download/stats_player/stats_player_reg_2025.csv,2026-09-28
00-0037231,Kevin Austin Jr.,2025,NO,WR,5,1017500,False,SFA,Veteran deal,2025,0,0,0,0,0,13,140,1,,,,0.341249946449217,0,0,23,0,0,0,0,0,565,160000,160000,https://overthecap.com/player/kevin-austin-jr/10540/,https://github.com/nflverse/nflverse-data/releases/download/stats_player/stats_player_reg_2025.csv,2026-09-28
00-0034854,KhaDarel Hodge,2025,ATL,WR,8,2750000,False,UFA,Veteran deal,2025,0,0,0,0,0,3,31,0,,,,-2.79216202942175,0,0,10,0,0,0,0,0,519,2135000,2685000,https://overthecap.com/player/khadarel-hodge/7678/,https://github.com/nflverse/nflverse-data/releases/download/stats_player/stats_player_reg_2025.csv,2026-09-28
00-0037261,Khalil Shakir,2025,BUF,WR,16,13250000,False,Extension,Veteran deal,2025,0,0,0,5,0,72,719,4,,,-0.105408141389489,7.50213203008042,0,0,95,1,0,0,0,1,479,2586788,8100000,https://overthecap.com/player/khalil-shakir/10193/,https://github.com/nflverse/nflverse-data/releases/download/stats_player/stats_player_reg_2025.csv,2026-09-28
00-0040590,Konata Mumpfield,2025,LA,WR,10,1077134,False,Drafted,Rookie deal,2025,0,0,0,0,0,10,92,1,,,,-8.76410686524536,0,0,23,0,0,0,0,0,581,867134,948536,https://overthecap.com/player/konata-mumpfield/12602/,https://github.com/nflverse/nflverse-data/releases/download/stats_player/stats_player_reg_2025.csv,2026-09-28
00-0040131,Kyle Williams,2025,NE,WR,14,1675893,False,Drafted,Rookie deal,2025,0,0,0,3,0,10,209,3,,,-0.624384041875601,9.8375975379447,0,0,21,2,0,0,0,0,482,1218831,2355324,https://overthecap.com/player/kyle-williams/12429/,https://github.com/nflverse/nflverse-data/releases/download/stats_player/stats_player_reg_2025.csv,2026-09-28
00-0040075,LaJohntay Wester,2025,BAL,WR,14,1103717,False,Drafted,Rookie deal,2025,0,0,0,0,0,0,0,0,,,,,0,0,0,0,0,0,0,0,407,893717,1054868,https://overthecap.com/player/lajohntay-wester/12563/,https://github.com/nflverse/nflverse-data/releases/download/stats_player/stats_player_reg_2025.csv,2026-09-28
00-0039915,Ladd McConkey,2025,LAC,WR,16,2498797,False,Drafted,Rookie deal,2024,0,0,0,0,0,66,789,6,,,,7.23522750449289,0,0,106,0,0,0,0,0,544,2271633,1249327,https://overthecap.com/player/ladd-mcconkey/11642/,https://github.com/nflverse/nflverse-data/releases/download/stats_player/stats_player_reg_2025.csv,2026-09-28
00-0032951,Laquon Treadwell,2025,IND,WR,6,1255000,False,SFA,Veteran deal,2025,0,0,0,0,0,0,0,0,,,,,0,0,0,0,0,0,0,0,530,515000,627500,https://overthecap.com/player/laquon-treadwell/4736/,https://github.com/nflverse/nflverse-data/releases/download/stats_player/stats_player_reg_2025.csv,2026-09-28
00-0039355,Luke McCaffrey,2025,WAS,WR,9,1399078,False,Drafted,Rookie deal,2024,0,0,0,0,0,11,203,3,,,,9.45131037094779,0,0,15,0,0,0,0,0,432,1271889,1049378,https://overthecap.com/player/luke-mccaffrey/11708/,https://github.com/nflverse/nflverse-data/releases/download/stats_player/stats_player_reg_2025.csv,2026-09-28
00-0040735,Luther Burden III,2025,CHI,WR,15,2741009,False,Drafted,Rookie deal,2025,0,0,0,37,0,47,652,2,,,2.28749933495419,30.0706440804352,0,0,60,6,0,0,0,0,532,1993461,5453844,https://overthecap.com/player/luther-burden/12399/,https://github.com/nflverse/nflverse-data/releases/download/stats_player/stats_player_reg_2025.csv,2026-09-28
00-0033555,Mack Hollins,2025,NE,WR,14,4200000,False,UFA,Veteran deal,2025,0,0,0,4,0,46,550,2,,,-0.224169542314485,27.2005918990666,0,0,65,1,0,0,0,0,482,4050000,5000000,https://overthecap.com/player/mack-hollins/5704/,https://github.com/nflverse/nflverse-data/releases/download/stats_player/stats_player_reg_2025.csv,2026-09-28
00-0039920,Malachi Corley,2025,CLE,WR,12,960000,False,SFA,Veteran deal,2025,0,0,0,127,0,11,79,0,,,7.31671960774111,-3.22381536581088,0,0,14,13,0,0,0,0,522,746667,746667,https://overthecap.com/player/malachi-corley/11673/,https://github.com/nflverse/nflverse-data/releases/download/stats_player/stats_player_reg_2025.csv,2026-09-28
00-0039337,Malik Nabers,2025,NYG,WR,4,7301938,False,Drafted,Rookie deal,2024,0,0,0,0,0,18,271,2,,,,2.3088885260293,0,0,35,0,0,0,0,0,503,6638125,2122625,https://overthecap.com/player/malik-nabers/11614/,https://github.com/nflverse/nflverse-data/releases/download/stats_player/stats_player_reg_2025.csv,2026-09-28
00-0034867,Malik Turner,2025,SF,WR,2,1170000,False,SFA,Veteran deal,2025,0,0,0,0,0,0,0,0,,,,-0.565274677006528,0,0,1,0,0,0,0,0,550,434166,457500,https://overthecap.com/player/malik-turner/7690/,https://github.com/nflverse/nflverse-data/releases/download/stats_player/stats_player_reg_2025.csv,2026-09-28
00-0039880,Malik Washington,2025,MIA,WR,17,1054890,False,Drafted,Rookie deal,2024,0,0,0,110,1,46,317,3,,,0.11699448490981,-9.82585728331067,0,0,65,17,0,1,0,0,462,1009890,960000,https://overthecap.com/player/malik-washington/11792/,https://github.com/nflverse/nflverse-data/releases/download/stats_player/stats_player_reg_2025.csv,2026-09-28
00-0035662,Marquise Brown,2025,KC,WR,16,7000000,False,UFA,Veteran deal,2025,0,0,0,0,0,49,587,5,,,,22.3473033439257,0,0,74,0,0,0,0,0,549,6985294,8485294,https://overthecap.com/player/marquise-brown/7816/,https://github.com/nflverse/nflverse-data/releases/download/stats_player/stats_player_reg_2025.csv,2026-09-28
00-0039849,Marvin Harrison Jr.,2025,ARI,WR,12,8843686,False,Drafted,Rookie deal,2024,0,0,0,0,0,41,608,4,,,,31.1147574754555,0,0,73,0,0,0,0,0,617,8039714,2402943,https://overthecap.com/player/marvin-harrison-jr/11612/,https://github.com/nflverse/nflverse-data/releases/download/stats_player/stats_player_reg_2025.csv,2026-09-28
00-0038976,Marvin Mims Jr.,2025,DEN,WR,15,1517159,False,Drafted,Rookie deal,2023,0,0,0,78,1,37,322,1,,,5.14469304785598,3.49523350212666,0,0,51,12,0,0,0,0,584,1655082,1301694,https://overthecap.com/player/marvin-mims/10887/,https://github.com/nflverse/nflverse-data/releases/download/stats_player/stats_player_reg_2025.csv,2026-09-28
00-0036176,Mason Kinsey,2025,TEN,WR,6,1087500,False,SFA,Veteran deal,2025,0,0,0,0,0,2,48,0,,,,3.39846461085835,0,0,4,0,0,0,0,0,530,629444,629444,https://overthecap.com/player/mason-kinsey/9298/,https://github.com/nflverse/nflverse-data/releases/download/stats_player/stats_player_reg_2025.csv,2026-09-28
00-0039623,Mason Tipton,2025,NO,WR,8,946667,False,UDFA,Rookie deal,2024,0,0,0,18,0,11,76,0,,,-1.37918719847221,-7.4607468317608,0,0,17,4,0,0,0,0,565,938611,935278,https://overthecap.com/player/mason-tipton/12118/,https://github.com/nflverse/nflverse-data/releases/download/stats_player/stats_player_reg_2025.csv,2026-09-28
00-0040667,Matthew Golden,2025,GB,WR,14,4393835,False,Drafted,Rookie deal,2025,0,0,0,49,0,29,361,0,,,1.6796603409457,16.798845552615,0,0,44,10,0,0,0,0,460,3195516,10262064,https://overthecap.com/player/matthew-golden/12383/,https://github.com/nflverse/nflverse-data/releases/download/stats_player/stats_player_reg_2025.csv,2026-09-28
00-0035140,Mecole Hardman,2025,BUF,WR,2,1170000,False,SFA,Veteran deal,2025,0,0,0,0,0,0,0,0,,,,-0.508363496046513,0,0,1,0,0,0,0,0,479,17500,17500,https://overthecap.com/player/mecole-hardman/7847/,https://github.com/nflverse/nflverse-data/releases/download/stats_player/stats_player_reg_2025.csv,2026-09-28
00-0036959,Michael Bandy,2025,DEN,WR,4,960000,False,SFA,Veteran deal,2025,0,0,0,0,0,4,50,1,,,,7.25989974103868,0,0,4,0,0,0,0,0,584,184666,184666,https://overthecap.com/player/michael-bandy/10009/,https://github.com/nflverse/nflverse-data/releases/download/stats_player/stats_player_reg_2025.csv,2026-09-28
00-0036252,Michael Pittman,2025,IND,WR,17,23333333,False,Franchise,Veteran deal,2024,0,0,0,0,0,80,784,7,,,,22.3186676894123,0,0,111,0,0,0,0,0,530,23000000,18000000,https://overthecap.com/player/michael-pittman-jr/8774/,https://github.com/nflverse/nflverse-data/releases/download/stats_player/stats_player_reg_2025.csv,2026-09-28
00-0038559,Michael Wilson,2025,ARI,WR,17,1334866,False,Drafted,Rookie deal,2023,0,0,0,0,0,78,1006,7,,,,25.7521807023677,0,0,126,0,0,0,0,0,617,1456217,1235406,https://overthecap.com/player/michael-wilson/10918/,https://github.com/nflverse/nflverse-data/releases/download/stats_player/stats_player_reg_2025.csv,2026-09-28
00-0031408,Mike Evans,2025,TB,WR,8,20500000,False,UFA,Veteran deal,2024,0,0,0,0,0,30,368,3,,,,5.26632496287482,0,0,62,0,0,0,0,0,541,25358000,21000000,https://overthecap.com/player/mike-evans/2946/,https://github.com/nflverse/nflverse-data/releases/download/stats_player/stats_player_reg_2025.csv,2026-09-28
00-0038839,Mitchell Tinsley,2025,CIN,WR,8,960000,False,SFA,Veteran deal,2025,0,0,0,0,0,8,116,2,,,,2.62839672391042,0,0,24,0,0,0,0,0,608,960000,960000,https://overthecap.com/player/mitchell-tinsley/11507/,https://github.com/nflverse/nflverse-data/releases/download/stats_player/stats_player_reg_2025.csv,2026-09-28
00-0040506,Myles Price,2025,MIN,WR,16,988333,False,UDFA,Rookie deal,2025,0,0,0,0,0,0,0,0,,,,,0,0,0,0,0,0,0,0,468,840000,840000,https://overthecap.com/player/myles-price/13054/,https://github.com/nflverse/nflverse-data/releases/download/stats_player/stats_player_reg_2025.csv,2026-09-28
00-0036182,Nick Westbrook-Ikhine,2025,MIA,WR,13,2995000,False,UFA,Veteran deal,2025,0,0,0,0,0,11,89,0,,,,1.16213954053819,0,0,20,0,0,0,0,0,462,1600000,3200000,https://overthecap.com/player/nick-westbrook-ikhine/9304/,https://github.com/nflverse/nflverse-data/releases/download/stats_player/stats_player_reg_2025.csv,2026-09-28
00-0036554,Nico Collins,2025,HOU,WR,15,24250000,False,Extension,Veteran deal,2024,0,0,0,15,1,71,1117,6,,,1.9955103607499,39.3101993226418,0,0,120,2,0,0,0,1,553,8687475,14301475,https://overthecap.com/player/nico-collins/9553/,https://github.com/nflverse/nflverse-data/releases/download/stats_player/stats_player_reg_2025.csv,2026-09-28
00-0038519,Nikko Remigio,2025,KC,WR,14,877500,False,SFA,Veteran deal,2024,0,0,0,11,0,1,21,0,,,0.642709177685902,2.17666199797532,0,0,1,1,0,0,0,0,549,910556,910556,https://overthecap.com/player/nikko-remigio/11319/,https://github.com/nflverse/nflverse-data/releases/download/stats_player/stats_player_reg_2025.csv,2026-09-28
00-0033591,Noah Brown,2025,WAS,WR,4,3250000,False,UFA,Veteran deal,2025,0,0,0,0,0,5,83,0,,,,2.28402573490166,0,0,10,0,0,0,0,0,432,3010000,2730000,https://overthecap.com/player/noah-brown/5825/,https://github.com/nflverse/nflverse-data/releases/download/stats_player/stats_player_reg_2025.csv,2026-09-28
00-0035208,Olamide Zaccheaus,2025,CHI,WR,14,1500000,False,UFA,Veteran deal,2025,0,0,0,25,0,39,313,2,,,0.634096668625716,-3.79579269205277,0,0,65,4,0,0,0,0,532,1500000,1620000,https://overthecap.com/player/olamide-zaccheaus/8393/,https://github.com/nflverse/nflverse-data/releases/download/stats_player/stats_player_reg_2025.csv,2026-09-28
00-0038606,Parker Washington,2025,JAX,WR,16,1008066,False,Drafted,Rookie deal,2023,0,0,0,0,0,58,847,5,,,-1.42254256390802,29.7183817705908,0,0,95,7,0,0,0,0,547,1078066,1030000,https://overthecap.com/player/parker-washington/11009/,https://github.com/nflverse/nflverse-data/releases/download/stats_player/stats_player_reg_2025.csv,2026-09-28
00-0035639,Parris Campbell,2025,DAL,WR,1,1337500,False,UFA,Veteran deal,2025,0,0,0,0,0,0,0,0,,,,,0,0,0,0,0,0,0,0,607,343222,351000,https://overthecap.com/player/parris-campbell/7850/,https://github.com/nflverse/nflverse-data/releases/download/stats_player/stats_player_reg_2025.csv,2026-09-28
00-0040134,Pat Bryant,2025,DEN,WR,13,1645270,False,Drafted,Rookie deal,2025,0,0,0,0,0,31,378,1,,,,14.2312536819045,0,0,49,0,0,0,0,0,584,1196560,2266240,https://overthecap.com/player/pat-bryant/12434/,https://github.com/nflverse/nflverse-data/releases/download/stats_player/stats_player_reg_2025.csv,2026-09-28
00-0039075,Puka Nacua,2025,LA,WR,16,1021245,False,Drafted,Rookie deal,2023,0,0,0,105,1,129,1715,10,,,9.33105270966189,115.700408653012,0,0,166,10,0,0,0,1,581,1091245,1030000,https://overthecap.com/player/puka-nacua/11001/,https://github.com/nflverse/nflverse-data/releases/download/stats_player/stats_player_reg_2025.csv,2026-09-28
00-0038544,Quentin Johnston,2025,LAC,WR,13,3547197,False,Drafted,Rookie deal,2023,0,0,0,7,0,51,735,8,,,-0.370457995566539,23.9105185380869,0,0,84,2,0,0,0,1,544,3869669,2039890,https://overthecap.com/player/quentin-johnston/10845/,https://github.com/nflverse/nflverse-data/releases/download/stats_player/stats_player_reg_2025.csv,2026-09-28
00-0040406,Quentin Skinner,2025,NYJ,WR,1,988333,False,SFA,Veteran deal,2025,0,0,0,0,0,1,10,0,,,,2.31228549014498,0,0,1,0,0,0,0,0,472,93333,93333,https://overthecap.com/player/quentin-skinner/12938/,https://github.com/nflverse/nflverse-data/releases/download/stats_player/stats_player_reg_2025.csv,2026-09-28
00-0039067,Rashee Rice,2025,KC,WR,8,1623805,False,Drafted,Rookie deal,2023,0,0,0,20,1,53,571,5,,,1.86250078538433,16.0194480610332,0,0,78,5,0,0,0,0,549,1324598,893649,https://overthecap.com/player/rashee-rice/10879/,https://github.com/nflverse/nflverse-data/releases/download/stats_player/stats_player_reg_2025.csv,2026-09-28
00-0036550,Rashod Bateman,2025,BAL,WR,13,12250000,False,Extension,Veteran deal,2025,0,0,0,0,0,19,224,2,,,,-1.67575973441765,0,0,38,0,0,0,0,0,407,4798333,9882353,https://overthecap.com/player/rashod-bateman/9491/,https://github.com/nflverse/nflverse-data/releases/download/stats_player/stats_player_reg_2025.csv,2026-09-28
00-0039916,Ricky Pearsall,2025,SF,WR,9,3134600,False,Drafted,Rookie deal,2024,0,0,0,-2,0,36,528,0,,,-1.672144478478,26.7070003818,0,0,53,2,0,0,0,0,550,2849636,1364927,https://overthecap.com/player/ricky-pearsall/11639/,https://github.com/nflverse/nflverse-data/releases/download/stats_player/stats_player_reg_2025.csv,2026-09-28
00-0034054,River Cracraft,2025,WAS,WR,2,1170000,False,SFA,Veteran deal,2025,0,0,0,0,0,0,0,0,,,,,0,0,0,0,0,0,0,0,432,131944,147500,https://overthecap.com/player/river-cracraft/6437/,https://github.com/nflverse/nflverse-data/releases/download/stats_player/stats_player_reg_2025.csv,2026-09-28
00-0032688,Robbie Chosen,2025,WAS,WR,3,1255000,False,SFA,Veteran deal,2025,0,0,0,0,0,5,53,0,,,,-0.27111587714171,0,0,9,0,0,0,0,0,432,110000,110000,https://overthecap.com/player/robbie-chosen/5208/,https://github.com/nflverse/nflverse-data/releases/download/stats_player/stats_player_reg_2025.csv,2026-09-28
00-0039739,Roman Wilson,2025,PIT,WR,9,1436292,False,Drafted,Rookie deal,2024,0,0,0,0,0,12,166,2,,,,4.0691251546776,0,0,21,0,0,0,0,1,522,1305720,1056144,https://overthecap.com/player/roman-wilson/11692/,https://github.com/nflverse/nflverse-data/releases/download/stats_player/stats_player_reg_2025.csv,2026-09-28
00-0039919,Rome Odunze,2025,CHI,WR,12,5681125,False,Drafted,Rookie deal,2024,0,0,0,0,0,44,661,6,,,,20.8927210828104,0,0,90,0,0,0,0,0,532,5164659,1827932,https://overthecap.com/player/rome-odunze/11617/,https://github.com/nflverse/nflverse-data/releases/download/stats_player/stats_player_reg_2025.csv,2026-09-28
00-0037816,Romeo Doubs,2025,GB,WR,16,1085979,False,Drafted,Rookie deal,2022,0,0,0,0,0,55,724,6,,,,34.6454725600901,0,0,85,0,0,0,0,0,460,3576979,3406000,https://overthecap.com/player/romeo-doubs/10177/,https://github.com/nflverse/nflverse-data/releases/download/stats_player/stats_player_reg_2025.csv,2026-09-28
00-0038647,Ronnie Bell,2025,NO,WR,2,1052500,False,SFA,Veteran deal,2025,0,0,0,0,0,2,23,1,,,,1.18801222270122,0,0,4,0,0,0,0,0,565,57222,57222,https://overthecap.com/player/ronnie-bell/11077/,https://github.com/nflverse/nflverse-data/releases/download/stats_player/stats_player_reg_2025.csv,2026-09-28
00-0039410,Ryan Flournoy,2025,DAL,WR,15,1017500,False,SFA,Veteran deal,2025,0,0,0,25,0,40,475,4,,,0.472844568779692,28.6348330703759,0,0,56,4,0,0,0,0,607,906667,906667,https://overthecap.com/player/ryan-flournoy/11824/,https://github.com/nflverse/nflverse-data/releases/download/stats_player/stats_player_reg_2025.csv,2026-09-28
00-0037098,Samori Toure,2025,NO,WR,1,1087500,False,SFA,Veteran deal,2025,0,0,0,0,0,1,3,0,,,,-8.68517970072571,0,0,3,0,0,0,0,0,565,57222,57222,https://overthecap.com/player/samori-toure/10303/,https://github.com/nflverse/nflverse-data/releases/download/stats_player/stats_player_reg_2025.csv,2026-09-28
00-0040009,Savion Williams,2025,GB,WR,12,1573114,False,Drafted,Rookie deal,2025,0,0,0,37,0,10,78,1,,,-6.99322012520861,4.62500496424036,0,0,10,11,0,1,0,0,460,1144082,2056328,https://overthecap.com/player/savion-williams/12447/,https://github.com/nflverse/nflverse-data/releases/download/stats_player/stats_player_reg_2025.csv,2026-09-28
00-0035298,Scott Miller,2025,PIT,WR,5,1337500,False,SFA,Veteran deal,2025,0,0,0,0,0,9,62,0,,,,-1.10749474304836,0,0,14,0,0,0,0,0,522,1197500,1337500,https://overthecap.com/player/scott-miller/7999/,https://github.com/nflverse/nflverse-data/releases/download/stats_player/stats_player_reg_2025.csv,2026-09-28
00-0038891,Shedrick Jackson,2025,LV,WR,3,1017500,False,SFA,Veteran deal,2025,0,0,0,3,0,4,56,1,,,-0.354833202669397,4.50288011704106,0,0,5,1,0,0,0,0,494,106667,106667,https://overthecap.com/player/shedrick-jackson/11442/,https://github.com/nflverse/nflverse-data/releases/download/stats_player/stats_player_reg_2025.csv,2026-09-28
00-0036646,Simi Fehoko,2025,ARI,WR,7,1170000,False,SFA,Veteran deal,2025,0,0,0,0,0,0,0,0,,,,,0,0,0,0,0,0,0,0,617,847222,847222,https://overthecap.com/player/simi-fehoko/9643/,https://github.com/nflverse/nflverse-data/releases/download/stats_player/stats_player_reg_2025.csv,2026-09-28
00-0038090,Skyy Moore,2025,SF,WR,17,1612627,False,Drafted,Rookie deal,2022,0,0,0,11,0,5,87,0,,,0.530986284604296,4.71711753081763,0,0,7,2,0,0,0,0,550,1509615,1509615,https://overthecap.com/player/skyy-moore/10099/,https://github.com/nflverse/nflverse-data/releases/download/stats_player/stats_player_reg_2025.csv,2026-09-28
00-0031588,Stefon Diggs,2025,NE,WR,17,21166667,False,UFA,Veteran deal,2025,0,0,0,0,0,85,1013,4,,,,70.3703738886255,0,0,102,0,0,0,0,0,482,10500000,19800000,https://overthecap.com/player/stefon-diggs/3994/,https://github.com/nflverse/nflverse-data/releases/download/stats_player/stats_player_reg_2025.csv,2026-09-28
00-0032385,Sterling Shepard,2025,TB,WR,13,1500000,False,UFA,Veteran deal,2025,0,0,0,19,0,39,371,1,,,0.182916748395655,-2.82666550064835,0,0,53,4,0,0,0,1,541,2250000,2250000,https://overthecap.com/player/sterling-shepard/4753/,https://github.com/nflverse/nflverse-data/releases/download/stats_player/stats_player_reg_2025.csv,2026-09-28
00-0039884,Tahj Washington,2025,MIA,WR,2,1027599,False,Drafted,Rookie deal,2024,0,0,0,0,0,3,37,0,,,,-5.32654956018087,0,0,5,0,0,0,0,1,462,862599,840000,https://overthecap.com/player/tahj-washington/11849/,https://github.com/nflverse/nflverse-data/releases/download/stats_player/stats_player_reg_2025.csv,2026-09-28
00-0040154,Tai Felton,2025,MIN,WR,12,1540296,False,Drafted,Rookie deal,2025,0,0,0,0,0,3,25,0,,,,1.38198324851692,0,0,3,0,0,0,0,0,468,1120215,1960860,https://overthecap.com/player/tai-felton/12462/,https://github.com/nflverse/nflverse-data/releases/download/stats_player/stats_player_reg_2025.csv,2026-09-28
00-0036410,Tee Higgins,2025,CIN,WR,15,28750000,False,Franchise,Veteran deal,2025,0,0,0,0,0,59,846,11,,,,35.986866589898,0,0,98,0,0,0,0,0,608,24414706,35664706,https://overthecap.com/player/tee-higgins/8773/,https://github.com/nflverse/nflverse-data/releases/download/stats_player/stats_player_reg_2025.csv,2026-09-28
00-0035659,Terry McLaurin,2025,WAS,WR,10,29000000,False,Extension,Veteran deal,2025,0,0,0,0,0,38,582,3,,,,31.7498265405018,0,0,60,0,0,0,0,0,432,17250000,35050000,https://overthecap.com/player/terry-mclaurin/7867/,https://github.com/nflverse/nflverse-data/releases/download/stats_player/stats_player_reg_2025.csv,2026-09-28
00-0040124,Tetairoa McMillan,2025,CAR,WR,17,6982598,False,Drafted,Rookie deal,2025,0,0,0,0,0,70,1014,7,,,,25.2850960882129,0,0,122,0,0,0,0,0,480,5078253,17793012,https://overthecap.com/player/tetairoa-mcmillan/12368/,https://github.com/nflverse/nflverse-data/releases/download/stats_player/stats_player_reg_2025.csv,2026-09-28
00-0040237,Tez Johnson,2025,TB,WR,15,1080985,False,Drafted,Rookie deal,2025,0,0,0,22,0,28,322,5,,,-1.25327661022311,16.3423941852502,0,0,44,7,0,0,0,0,541,870985,963940,https://overthecap.com/player/tez-johnson/12595/,https://github.com/nflverse/nflverse-data/releases/download/stats_player/stats_player_reg_2025.csv,2026-09-28
00-0040311,Theo Wease Jr.,2025,MIA,WR,3,922500,False,SFA,Veteran deal,2025,0,0,0,0,0,6,139,1,,,,2.13715826295083,0,0,10,0,0,0,0,0,462,93333,93333,https://overthecap.com/player/theo-wease-jr/12890/,https://github.com/nflverse/nflverse-data/releases/download/stats_player/stats_player_reg_2025.csv,2026-09-28
00-0033375,Tim Patrick,2025,JAX,WR,13,2500000,False,UFA,Veteran deal,2025,0,0,0,0,0,15,187,3,,,,5.69650346202586,0,0,24,0,0,0,0,0,547,1255000,1255000,https://overthecap.com/player/tim-patrick/6035/,https://github.com/nflverse/nflverse-data/releases/download/stats_player/stats_player_reg_2025.csv,2026-09-28
00-0035544,Tom Kennedy,2025,DET,WR,6,1100000,False,SFA,Veteran deal,2025,0,0,0,0,0,4,36,0,,,,4.50274259829894,0,0,4,0,0,0,0,0,550,366667,366667,https://overthecap.com/player/tom-kennedy/8635/,https://github.com/nflverse/nflverse-data/releases/download/stats_player/stats_player_reg_2025.csv,2026-09-28
00-0040648,Tory Horton,2025,SEA,WR,8,1141260,False,Drafted,Rookie deal,2025,0,0,0,0,0,13,161,5,,,,10.2457756163878,0,0,22,0,0,0,0,0,455,795149,1068929,https://overthecap.com/player/tory-horton/12526/,https://github.com/nflverse/nflverse-data/releases/download/stats_player/stats_player_reg_2025.csv,2026-09-28
00-0040727,Tre Harris,2025,LAC,WR,16,1954423,False,Drafted,Rookie deal,2025,0,0,0,10,0,30,324,1,,,-0.0119711994775571,15.3272822430976,0,0,43,2,0,0,0,0,544,1421398,3165592,https://overthecap.com/player/tre-harris/12415/,https://github.com/nflverse/nflverse-data/releases/download/stats_player/stats_player_reg_2025.csv,2026-09-28
00-0038563,Tre Tucker,2025,LV,WR,17,1326021,False,Drafted,Rookie deal,2023,0,0,0,51,0,57,696,5,,,-0.469534552539699,21.818872602487,0,0,92,11,0,0,0,0,494,1446568,1232190,https://overthecap.com/player/tre-tucker/10924/,https://github.com/nflverse/nflverse-data/releases/download/stats_player/stats_player_reg_2025.csv,2026-09-28
00-0037742,Treylon Burks,2025,WAS,WR,8,1100000,False,SFA,Veteran deal,2025,0,0,0,0,0,10,130,1,-0.498424221528694,,,-8.81426042576667,0,1,22,0,0,0,0,0,432,550000,550000,https://overthecap.com/player/treylon-burks/10063/,https://github.com/nflverse/nflverse-data/releases/download/stats_player/stats_player_reg_2025.csv,2026-09-28
00-0039868,Troy Franklin,2025,DEN,WR,17,1222459,False,Drafted,Rookie deal,2024,0,0,0,12,0,65,709,6,,,-1.72129826224409,9.78852878393113,0,0,104,5,0,0,0,1,584,1188709,975000,https://overthecap.com/player/troy-franklin/11710/,https://github.com/nflverse/nflverse-data/releases/download/stats_player/stats_player_reg_2025.csv,2026-09-28
00-0036849,Tutu Atwell,2025,LA,WR,8,10000000,False,UFA,Veteran deal,2025,0,0,0,0,0,6,192,1,,,,2.77551955756971,0,0,15,0,0,0,0,0,581,10000000,10000000,https://overthecap.com/player/tutu-atwell/9521/,https://github.com/nflverse/nflverse-data/releases/download/stats_player/stats_player_reg_2025.csv,2026-09-28
00-0036630,Tylan Wallace,2025,BAL,WR,11,2100000,False,UFA,Veteran deal,2025,0,0,0,0,0,4,45,1,,,,1.51137812041277,0,0,8,0,0,0,0,0,407,1356000,2100000,https://overthecap.com/player/tylan-wallace/9595/,https://github.com/nflverse/nflverse-data/releases/download/stats_player/stats_player_reg_2025.csv,2026-09-28
00-0036427,Tyler Johnson,2025,NYJ,WR,9,1170000,False,SFA,Veteran deal,2025,0,0,0,0,0,12,197,1,,,,10.5790775002299,0,0,18,0,0,0,0,0,472,972778,1105000,https://overthecap.com/player/tyler-johnson/8901/,https://github.com/nflverse/nflverse-data/releases/download/stats_player/stats_player_reg_2025.csv,2026-09-28
00-0038104,Tyquan Thornton,2025,KC,WR,12,1100000,False,SFA,Veteran deal,2025,0,0,0,0,0,19,438,3,,,,26.2481328128121,0,0,37,0,0,0,0,0,549,1040556,1040556,https://overthecap.com/player/tyquan-thornton/10095/,https://github.com/nflverse/nflverse-data/releases/download/stats_player/stats_player_reg_2025.csv,2026-09-28
00-0033040,Tyreek Hill,2025,MIA,WR,4,30000000,False,Extension,Veteran deal,2024,0,0,0,0,0,21,265,1,,,,19.8345950107323,0,0,29,0,0,0,0,0,462,27698750,26373529,https://overthecap.com/player/tyreek-hill/4878/,https://github.com/nflverse/nflverse-data/releases/download/stats_player/stats_player_reg_2025.csv,2026-09-28
00-0038679,Tyrell Shavers,2025,BUF,WR,11,1021000,False,SFA,Veteran deal,2025,0,0,0,0,0,15,245,1,,,,12.2734986079158,0,0,23,0,0,0,0,0,479,963500,967000,https://overthecap.com/player/tyrell-shavers/11469/,https://github.com/nflverse/nflverse-data/releases/download/stats_player/stats_player_reg_2025.csv,2026-09-28
00-0036415,Van Jefferson,2025,TEN,WR,14,1670000,False,UFA,Veteran deal,2025,0,0,0,0,0,29,350,1,,,,8.93844654121782,0,0,52,0,0,0,0,0,530,1670000,1670000,https://overthecap.com/player/van-jefferson/8797/,https://github.com/nflverse/nflverse-data/releases/download/stats_player/stats_player_reg_2025.csv,2026-09-28
00-0038117,Wan'Dale Robinson,2025,NYG,WR,16,2046292,False,Drafted,Rookie deal,2022,0,0,0,5,0,92,1014,4,,,1.92204782774206,19.4625431101307,0,0,140,3,0,0,0,0,503,2604371,1821159,https://overthecap.com/player/wandale-robinson/10088/,https://github.com/nflverse/nflverse-data/releases/download/stats_player/stats_player_reg_2025.csv,2026-09-28
00-0038618,Xavier Hutchinson,2025,HOU,WR,16,1000925,False,Drafted,Rookie deal,2023,0,0,0,22,0,35,428,3,,,1.7993542412878,12.8855666665117,0,0,57,3,0,0,0,0,553,1070925,1030000,https://overthecap.com/player/xavier-hutchinson/11029/,https://github.com/nflverse/nflverse-data/releases/download/stats_player/stats_player_reg_2025.csv,2026-09-28
00-0039342,Xavier Legette,2025,CAR,WR,15,3089294,False,Drafted,Rookie deal,2024,0,0,0,0,0,35,363,3,,,-0.530515918973833,-4.08282124271484,0,0,64,1,0,0,0,0,480,2808449,1356690,https://overthecap.com/player/xavier-legette/11640/,https://github.com/nflverse/nflverse-data/releases/download/stats_player/stats_player_reg_2025.csv,2026-09-28
00-0040522,Xavier Restrepo,2025,TEN,WR,2,995000,False,UDFA,Rookie deal,2025,0,0,0,0,0,3,41,0,,,,3.04522367331083,0,0,7,0,0,0,0,0,530,301333,301333,https://overthecap.com/player/xavier-restrepo/12836/,https://github.com/nflverse/nflverse-data/releases/download/stats_player/stats_player_reg_2025.csv,2026-09-28
00-0038359,Xavier Smith,2025,LA,WR,16,877500,False,SFA,Veteran deal,2024,0,0,0,0,0,18,303,0,,,,21.9349399865605,0,0,24,0,0,0,0,0,581,960000,960000,https://overthecap.com/player/xavier-smith/11126/,https://github.com/nflverse/nflverse-data/releases/download/stats_player/stats_player_reg_2025.csv,2026-09-28
00-0039521,Xavier Weaver,2025,ARI,WR,7,953333,False,UDFA,Rookie deal,2024,0,0,0,0,0,7,67,0,,,,1.14794683235327,0,0,13,0,0,0,0,0,617,970000,960000,https://overthecap.com/player/xavier-weaver/12238/,https://github.com/nflverse/nflverse-data/releases/download/stats_player/stats_player_reg_2025.csv,2026-09-28
00-0039894,Xavier Worthy,2025,KC,WR,14,3447566,False,Drafted,Rookie deal,2024,0,0,0,87,0,42,532,1,,,3.58479074464412,14.8280123686038,0,0,73,11,0,0,0,0,549,3134151,1421830,https://overthecap.com/player/xavier-worthy/11636/,https://github.com/nflverse/nflverse-data/releases/download/stats_player/stats_player_reg_2025.csv,2026-09-28
00-0039064,Zay Flowers,2025,BAL,WR,17,3509110,False,Drafted,Rookie deal,2023,0,0,0,62,1,86,1211,5,,,2.49965554429218,46.3842026584022,0,0,118,10,0,0,0,3,407,3828120,2026040,https://overthecap.com/player/zay-flowers/10846/,https://github.com/nflverse/nflverse-data/releases/download/stats_player/stats_player_reg_2025.csv,2026-09-28
00-0033891,Zay Jones,2025,ARI,WR,6,2400000,False,UFA,Veteran deal,2025,0,0,0,0,0,12,183,0,,,,5.60252105724067,0,0,18,0,0,0,0,0,617,2280000,2220000,https://overthecap.com/player/zay-jones/5623/,https://github.com/nflverse/nflverse-data/releases/download/stats_player/stats_player_reg_2025.csv,2026-09-28
